ping_time,route,busId,lat,lng,bearing,direction,plateNumber,status,velocity
2026-01-23T15:35:55.905008,99,11014,32.02082,35.84257,269,0,58-11014,🆕 NEW,0
2026-01-23T15:35:55.905008,99,61004,32.024673,35.85387,74.9,0,58-61004,🆕 NEW,0
2026-01-23T15:35:55.905008,99,69779,31.992443,35.890343,127.3,0,58-69779,🆕 NEW,0
2026-01-23T15:35:55.905008,99,68570,31.986206,35.89712,137.19,0,58-68570,🆕 NEW,0
2026-01-23T15:35:55.905008,99,25354,31.95417,35.887463,112.6,0,58-25354,🆕 NEW,0
2026-01-23T15:35:55.905008,99,59779,31.954046,35.8878,113.4,0,58-59779,🆕 NEW,0
2026-01-23T15:35:55.905008,99,69302,31.945768,35.928688,126.2,0,58-69302,🆕 NEW,0
2026-01-23T15:35:55.905008,99,88230,31.99991,36.013805,326.39,0,58-88230,🆕 NEW,0
2026-01-23T15:36:43.439793,99,97599,32.020844,35.84271,274.5,0,58-97599,🆕 NEW,0.0
2026-01-23T15:36:43.439793,99,11014,32.02082,35.84257,269,0,58-11014,🛑 PARKED (EXTREME),0.0
2026-01-23T15:36:43.439793,99,61004,32.024487,35.856956,106.7,0,58-61004,🟢 MOVING,6.170271956424147
2026-01-23T15:36:43.439793,99,69779,31.99223,35.89067,127.2,0,58-69779,🟢 MOVING,0.8226098318872299
2026-01-23T15:36:43.439793,99,68570,31.985365,35.897858,131.9,0,58-68570,🟢 MOVING,2.466202923529001
2026-01-23T15:36:43.439793,99,25354,31.951982,35.89288,110.4,0,58-25354,🟢 MOVING,11.974723849183851
2026-01-23T15:36:43.439793,99,59779,31.951735,35.894127,95,0,58-59779,🟢 MOVING,13.748913235261332
2026-01-23T15:36:43.439793,99,69302,31.945768,35.928688,126.2,0,58-69302,🛑 PARKED (EXTREME),0.0
2026-01-23T15:36:43.439793,99,88230,31.99991,36.013805,326.39,0,58-88230,🛑 PARKED (EXTREME),0.0
2026-01-23T15:37:31.984396,99,97599,32.020844,35.84271,274.5,0,58-97599,🛑 PARKED (EXTREME),0.0
2026-01-23T15:37:31.984396,99,11014,32.02082,35.84257,269,0,58-11014,🛑 PARKED (EXTREME),0.0
2026-01-23T15:37:31.984396,99,61004,32.018764,35.8648,140.19,0,58-61004,🟢 MOVING,20.03171656602772
2026-01-23T15:37:31.984396,99,69779,31.988379,35.895123,139.19,0,58-69779,🟢 MOVING,12.314750340583313
2026-01-23T15:37:31.984396,99,68570,31.98529,35.89804,98,0,58-68570,🟢 MOVING,0.39183401446240584
2026-01-23T15:37:31.984396,99,25354,31.951366,35.89969,114.7,0,58-25354,🟢 MOVING,13.266390093486281
2026-01-23T15:37:31.984396,99,59779,31.947258,35.904427,140.4,0,58-59779,🟢 MOVING,22.41813460507728
2026-01-23T15:37:31.984396,99,69302,31.945768,35.928688,126.2,0,58-69302,🛑 PARKED (EXTREME),0.0
2026-01-23T15:37:31.984396,99,88230,31.99991,36.013805,326.39,0,58-88230,🛑 PARKED (EXTREME),0.0
2026-01-23T15:38:14.706451,99,97599,32.020844,35.84271,274.5,0,58-97599,🛑 PARKED (EXTREME),0.0
2026-01-23T15:38:14.706451,99,11014,32.02082,35.84257,269,0,58-11014,🛑 PARKED (EXTREME),0.0
2026-01-23T15:38:14.706451,99,61004,32.01825,35.865345,135,0,58-61004,🟢 MOVING,1.7980359881645802
2026-01-23T15:38:14.706451,99,69779,31.986252,35.897102,138.6,0,58-69779,🟢 MOVING,7.048603309031381
2026-01-23T15:38:14.706451,99,68570,31.984858,35.896515,225.9,0,58-68570,🟢 MOVING,3.5475890422124277
2026-01-23T15:38:14.706451,99,25354,31.945585,35.906666,128.8,0,58-25354,🟢 MOVING,21.525094241817072
2026-01-23T15:38:14.706451,99,59779,31.945518,35.906784,126.1,0,58-59779,🟢 MOVING,6.896568296473889
2026-01-23T15:38:14.706451,99,69302,31.945768,35.928688,126.2,0,58-69302,🛑 PARKED (EXTREME),0.0
2026-01-23T15:38:14.706451,99,88230,31.99991,36.013805,326.39,0,58-88230,🛑 PARKED (EXTREME),0.0
2026-01-23T15:39:04.690269,99,93341,32.02084,35.842712,295.1,0,58-93341,🆕 NEW,0.0
2026-01-23T15:39:04.690269,99,97599,32.020844,35.84271,274.5,0,58-97599,🛑 PARKED (EXTREME),0.0
2026-01-23T15:39:04.690269,99,11014,32.02082,35.84257,269,0,58-11014,🛑 PARKED (EXTREME),0.0
2026-01-23T15:39:04.690269,99,61004,32.01825,35.865368,135.5,0,58-61004,🟡 STOPPED (BOARDING?),0.0
2026-01-23T15:39:04.690269,99,69779,31.985886,35.897488,139.69,0,58-69779,🟢 MOVING,1.0927714990778794
2026-01-23T15:39:04.690269,99,68570,31.983114,35.89462,226.4,0,58-68570,🟢 MOVING,5.277813957915825
2026-01-23T15:39:04.690269,99,25354,31.945553,35.90666,123.1,0,58-25354,🟡 STOPPED (BOARDING?),0.0
2026-01-23T15:39:04.690269,99,59779,31.945496,35.90681,126.2,0,58-59779,🟡 STOPPED (BOARDING?),0.0
2026-01-23T15:39:04.690269,99,69302,31.945768,35.928688,126.2,0,58-69302,🛑 PARKED (EXTREME),0.0
2026-01-23T15:39:04.690269,99,88230,31.99991,36.013805,326.39,0,58-88230,🛑 PARKED (EXTREME),0.0
2026-01-23T15:39:44.803824,99,93341,32.02084,35.842712,295.1,0,58-93341,🛑 PARKED (EXTREME),0.0
2026-01-23T15:39:44.803824,99,97599,32.020844,35.84271,274.5,0,58-97599,🛑 PARKED (EXTREME),0.0
2026-01-23T15:39:44.803824,99,11014,32.02082,35.84257,269,0,58-11014,🛑 PARKED (EXTREME),0.0
2026-01-23T15:39:44.803824,99,61004,32.018215,35.865402,137.1,0,58-61004,🟢 MOVING,0.12634674145941455
2026-01-23T15:39:44.803824,99,69779,31.985485,35.89778,135.8,0,58-69779,🟢 MOVING,1.3132928696801156
2026-01-23T15:39:44.803824,99,68570,31.980873,35.891945,230.1,0,58-68570,🟢 MOVING,8.886174470204084
2026-01-23T15:39:44.803824,99,25354,31.946274,35.908638,63.8,0,58-25354,🟢 MOVING,5.090061240480804
2026-01-23T15:39:44.803824,99,59779,31.946589,35.90942,64,0,58-59779,🟢 MOVING,6.881724354952525
2026-01-23T15:39:44.803824,99,88230,31.99991,36.013805,326.39,0,58-88230,🛑 PARKED (EXTREME),0.0
2026-01-23T15:40:22.486868,99,93341,32.02084,35.842712,295.1,0,58-93341,🛑 PARKED (EXTREME),0.0
2026-01-23T15:40:22.486868,99,97599,32.020844,35.84271,274.5,0,58-97599,🛑 PARKED (EXTREME),0.0
2026-01-23T15:40:22.486868,99,11014,32.02082,35.84257,269,0,58-11014,🛑 PARKED (EXTREME),0.0
2026-01-23T15:40:22.486868,99,61004,32.015137,35.86815,143.3,0,58-61004,🟢 MOVING,11.25121029071278
2026-01-23T15:40:22.486868,99,69779,31.985355,35.897896,133.3,0,58-69779,🟢 MOVING,0.4751632700632392
2026-01-23T15:40:22.486868,99,68570,31.98021,35.891262,221.5,0,58-68570,🟢 MOVING,2.566076881096585
2026-01-23T15:40:22.486868,99,25354,31.948284,35.91466,93.3,0,58-25354,🟢 MOVING,16.003407080885097
2026-01-23T15:40:22.486868,99,59779,31.948261,35.914436,88.3,0,58-59779,🟢 MOVING,13.326975372923522
2026-01-23T15:40:22.486868,99,88230,31.99991,36.013805,326.39,0,58-88230,🛑 PARKED (EXTREME),0.0
2026-01-23T15:43:37.441438,99,93341,32.02084,35.842712,295.1,0,58-93341,🆕 NEW,0.0
2026-01-23T15:43:37.441438,99,97599,32.020844,35.84271,274.5,0,58-97599,🆕 NEW,0.0
2026-01-23T15:43:37.441438,99,11014,32.021423,35.842712,210.9,0,58-11014,🆕 NEW,0.0
2026-01-23T15:43:37.441438,99,61004,31.998625,35.8807,126.4,0,58-61004,🆕 NEW,0.0
2026-01-23T15:43:37.441438,99,69779,31.972153,35.88632,184.6,0,58-69779,🆕 NEW,0.0
2026-01-23T15:43:37.441438,99,68570,31.97212,35.88626,181.9,0,58-68570,🆕 NEW,0.0
2026-01-23T15:43:37.441438,99,25354,31.94596,35.92332,65.4,0,58-25354,🆕 NEW,0.0
2026-01-23T15:43:37.441438,99,59779,31.94595,35.923412,67.3,0,58-59779,🆕 NEW,0.0
2026-01-23T15:43:37.441438,99,88230,31.99991,36.013805,326.39,0,58-88230,🆕 NEW,0.0
2026-01-23T15:44:12.134879,99,93341,32.02084,35.842712,295.1,0,58-93341,🛑 PARKED (EXTREME),0.0
2026-01-23T15:44:12.134879,99,97599,32.020844,35.84271,274.5,0,58-97599,🛑 PARKED (EXTREME),0.0
2026-01-23T15:44:12.134879,99,11014,32.021366,35.842712,175.9,0,58-11014,🟢 MOVING,0.18227796895698067
2026-01-23T15:44:12.134879,99,61004,31.995909,35.8849,126.6,0,58-61004,🟢 MOVING,14.324069363608194
2026-01-23T15:44:12.134879,99,69779,31.96952,35.886375,173.8,0,58-69779,🟢 MOVING,8.421284886873238
2026-01-23T15:44:12.134879,99,68570,31.968027,35.88672,168.5,0,58-68570,🟢 MOVING,13.14819049244298
2026-01-23T15:44:12.134879,99,25354,31.946402,35.925972,89.3,0,58-25354,🟢 MOVING,7.33377651209693
2026-01-23T15:44:12.134879,99,59779,31.94632,35.924965,84.5,0,58-59779,🟢 MOVING,4.377068084690548
2026-01-23T15:44:12.134879,99,88230,31.99991,36.013805,326.39,0,58-88230,🛑 PARKED (EXTREME),0.0
2026-01-23T15:44:53.108209,99,93341,32.02084,35.842712,295.1,0,58-93341,🛑 PARKED (EXTREME),0.0
2026-01-23T15:44:53.108209,99,97599,32.020844,35.84271,274.5,0,58-97599,🛑 PARKED (EXTREME),0.0
2026-01-23T15:44:53.108209,99,11014,32.022327,35.845325,72.4,0,58-11014,🟢 MOVING,6.5578542337303825
2026-01-23T15:44:53.108209,99,61004,31.992662,35.890045,126.2,0,58-61004,🟢 MOVING,14.770262351775663
2026-01-23T15:44:53.108209,99,69779,31.96722,35.886963,168.8,0,58-69779,🟢 MOVING,6.3911091340829875
2026-01-23T15:44:53.108209,99,68570,31.966894,35.887012,185.5,0,58-68570,🟢 MOVING,3.149467353768182
2026-01-23T15:44:53.108209,99,25354,31.945915,35.928493,119.4,0,58-25354,🟢 MOVING,5.95782530693446
2026-01-23T15:44:53.108209,99,59779,31.94616,35.92763,102.5,0,58-59779,🟢 MOVING,6.156356904246109
2026-01-23T15:44:53.108209,99,88230,31.99991,36.013805,326.39,0,58-88230,🛑 PARKED (EXTREME),0.0
2026-01-23T15:45:28.343863,99,93341,32.02084,35.842712,295.1,0,58-93341,🛑 PARKED (EXTREME),0.0
2026-01-23T15:45:28.343863,99,97599,32.020844,35.84271,274.5,0,58-97599,🛑 PARKED (EXTREME),0.0
2026-01-23T15:45:28.343863,99,11014,32.02307,35.84814,70.5,0,58-11014,🟢 MOVING,7.820810366303927
2026-01-23T15:45:28.343863,99,61004,31.992662,35.890045,126.2,0,58-61004,🟡 STOPPED (BOARDING?),0.0
2026-01-23T15:45:28.343863,99,69779,31.967018,35.887024,169.8,0,58-69779,🟢 MOVING,0.6523617481796141
2026-01-23T15:45:28.343863,99,68570,31.96497,35.884415,221.5,0,58-68570,🟢 MOVING,9.150936674012087
2026-01-23T15:45:28.343863,99,25354,31.94548,35.928753,205.5,0,58-25354,🟢 MOVING,1.525915405010017
2026-01-23T15:45:28.343863,99,59779,31.94616,35.92763,102.5,0,58-59779,🛑 PARKED (EXTREME),0.0
2026-01-23T15:45:28.343863,99,88230,31.99991,36.013805,326.39,0,58-88230,🛑 PARKED (EXTREME),0.0
2026-01-23T15:46:02.087078,99,93341,32.02084,35.842712,295.1,0,58-93341,🛑 PARKED (EXTREME),0.0
2026-01-23T15:46:02.087078,99,97599,32.020844,35.84271,274.5,0,58-97599,🛑 PARKED (EXTREME),0.0
2026-01-23T15:46:02.087078,99,11014,32.02354,35.849808,71.8,0,58-11014,🟢 MOVING,4.920904964583824
2026-01-23T15:46:02.087078,99,61004,31.991167,35.89212,137.3,0,58-61004,🟢 MOVING,7.625714163883447
2026-01-23T15:46:02.087078,99,69779,31.966734,35.886894,240.5,0,58-69779,🟢 MOVING,1.0061188111559565
2026-01-23T15:46:02.087078,99,68570,31.964045,35.883595,216.3,0,58-68570,🟢 MOVING,3.8222145332420214
2026-01-23T15:46:02.087078,99,25354,31.94548,35.928753,205.5,0,58-25354,🛑 PARKED (EXTREME),0.0
2026-01-23T15:46:02.087078,99,59779,31.94616,35.92763,102.5,0,58-59779,🛑 PARKED (EXTREME),0.0
2026-01-23T15:46:02.087078,99,88230,31.99991,36.013805,326.39,0,58-88230,🛑 PARKED (EXTREME),0.0
2026-01-23T15:46:34.549441,99,93341,32.02084,35.842712,295.1,0,58-93341,🛑 PARKED (EXTREME),0.0
2026-01-23T15:46:34.549441,99,97599,32.020844,35.84271,274.5,0,58-97599,🛑 PARKED (EXTREME),0.0
2026-01-23T15:46:34.549441,99,11014,32.0245,35.853188,72.09,0,58-11014,🟢 MOVING,10.371075640830831
2026-01-23T15:46:34.549441,99,61004,31.988344,35.895172,136.69,0,58-61004,🟢 MOVING,13.140061595790248
2026-01-23T15:46:34.549441,99,69779,31.964617,35.884113,220.5,0,58-69779,🟢 MOVING,10.874889159792948
2026-01-23T15:46:34.549441,99,68570,31.961761,35.88179,212.5,0,58-68570,🟢 MOVING,9.433958096953551
2026-01-23T15:46:34.549441,99,25354,31.94548,35.928753,205.5,0,58-25354,🛑 PARKED (EXTREME),0.0
2026-01-23T15:46:34.549441,99,88230,31.99991,36.013805,326.39,0,58-88230,🛑 PARKED (EXTREME),0.0
2026-01-23T15:47:11.014595,99,93341,32.02084,35.842712,295.1,0,58-93341,🛑 PARKED (EXTREME),0.0
2026-01-23T15:47:11.014595,99,97599,32.020844,35.84271,274.5,0,58-97599,🛑 PARKED (EXTREME),0.0
2026-01-23T15:47:11.014595,99,11014,32.0247,35.85415,84.1,0,58-11014,🟢 MOVING,2.556816214991693
2026-01-23T15:47:11.014595,99,61004,31.987106,35.896294,144.6,0,58-61004,🟢 MOVING,4.755388071593966
2026-01-23T15:47:11.014595,99,69779,31.964582,35.88409,217.6,0,58-69779,🟡 STOPPED (BOARDING?),0.0
2026-01-23T15:47:11.014595,99,68570,31.958445,35.879246,209.5,0,58-68570,🟢 MOVING,12.04938206461977
2026-01-23T15:47:11.014595,99,25354,31.94548,35.928753,205.5,0,58-25354,🛑 PARKED (EXTREME),0.0
2026-01-23T15:47:11.014595,99,88230,31.99991,36.013805,326.39,0,58-88230,🛑 PARKED (EXTREME),0.0
2026-01-23T15:47:50.946653,99,93341,32.02084,35.842712,295.1,0,58-93341,🛑 PARKED (EXTREME),0.0
2026-01-23T15:47:50.946653,99,97599,32.020844,35.84271,274.5,0,58-97599,🛑 PARKED (EXTREME),0.0
2026-01-23T15:47:50.946653,99,11014,32.0247,35.854153,84.1,0,58-11014,🟡 STOPPED (BOARDING?),0.0
2026-01-23T15:47:50.946653,99,61004,31.985863,35.89743,144.4,0,58-61004,🟢 MOVING,4.408010801096441
2026-01-23T15:47:50.946653,99,69779,31.962421,35.882282,213.5,0,58-69779,🟢 MOVING,7.427546474278252
2026-01-23T15:47:50.946653,99,68570,31.95749,35.880154,122.8,0,58-68570,🟢 MOVING,3.4390217770438642
2026-01-23T15:47:50.946653,99,25354,31.94548,35.928753,205.5,0,58-25354,🛑 PARKED (EXTREME),0.0
2026-01-23T15:47:50.946653,99,88230,31.99991,36.013805,326.39,0,58-88230,🛑 PARKED (EXTREME),0.0
2026-01-23T15:48:27.900856,99,93341,32.02084,35.842712,295.1,0,58-93341,🛑 PARKED (EXTREME),0.0
2026-01-23T15:48:27.900856,99,97599,32.020844,35.84271,274.5,0,58-97599,🛑 PARKED (EXTREME),0.0
2026-01-23T15:48:27.900856,99,11014,32.024773,35.855007,87.5,0,58-11014,🟢 MOVING,2.1759001328454017
2026-01-23T15:48:27.900856,99,61004,31.98586,35.89743,144.4,0,58-61004,🟡 STOPPED (BOARDING?),0.0
2026-01-23T15:48:27.900856,99,69779,31.958372,35.879227,209.8,0,58-69779,🟢 MOVING,14.375645545578722
2026-01-23T15:48:27.900856,99,68570,31.955399,35.884018,122.4,0,58-68570,🟢 MOVING,11.627462105991944
2026-01-23T15:48:27.900856,99,25354,31.94548,35.928753,205.5,0,58-25354,🛑 PARKED (EXTREME),0.0
2026-01-23T15:48:27.900856,99,88230,31.99991,36.013805,326.39,0,58-88230,🛑 PARKED (EXTREME),0.0
2026-01-23T15:49:00.760147,99,93341,32.02084,35.842712,295.1,0,58-93341,🛑 PARKED (EXTREME),0.0
2026-01-23T15:49:00.760147,99,97599,32.020844,35.84271,274.5,0,58-97599,🛑 PARKED (EXTREME),0.0
2026-01-23T15:49:00.760147,99,11014,32.024776,35.855103,87.4,0,58-11014,🟢 MOVING,0.2757042202020888
2026-01-23T15:49:00.760147,99,61004,31.985838,35.89745,149.6,0,58-61004,🟡 STOPPED (BOARDING?),0.0
2026-01-23T15:49:00.760147,99,69779,31.956718,35.881565,122.3,0,58-69779,🟢 MOVING,8.74197688415127
2026-01-23T15:49:00.760147,99,68570,31.95492,35.88524,108.4,0,58-68570,🟢 MOVING,3.8657981604320404
2026-01-23T15:49:00.760147,99,25354,31.94548,35.928753,205.5,0,58-25354,🛑 PARKED (EXTREME),0.0
2026-01-23T15:49:00.760147,99,88230,31.99991,36.013805,326.39,0,58-88230,🛑 PARKED (EXTREME),0.0
2026-01-23T15:49:37.064464,99,93341,32.02084,35.842712,295.1,0,58-93341,🛑 PARKED (EXTREME),0.0
2026-01-23T15:49:37.064464,99,97599,32.020844,35.84271,274.5,0,58-97599,🛑 PARKED (EXTREME),0.0
2026-01-23T15:49:37.064464,99,11014,32.023663,35.85893,127.4,0,58-11014,🟢 MOVING,10.50177191865575
2026-01-23T15:49:37.064464,99,61004,31.985395,35.897896,129.19,0,58-61004,🟢 MOVING,1.783648092156988
2026-01-23T15:49:37.064464,99,69779,31.955215,35.88437,120.7,0,58-69779,🟢 MOVING,8.617182488480037
2026-01-23T15:49:37.064464,99,68570,31.95396,35.888058,108.5,0,58-68570,🟢 MOVING,7.887735514252749
2026-01-23T15:49:37.064464,99,25354,31.94548,35.928753,205.5,0,58-25354,🛑 PARKED (EXTREME),0.0
2026-01-23T15:49:37.064464,99,88230,31.99991,36.013805,326.39,0,58-88230,🛑 PARKED (EXTREME),0.0
2026-01-23T15:50:18.135486,99,93341,32.02084,35.842712,295.1,0,58-93341,🛑 PARKED (EXTREME),0.0
2026-01-23T15:50:18.135486,99,97599,32.020844,35.84271,274.5,0,58-97599,🛑 PARKED (EXTREME),0.0
2026-01-23T15:50:18.135486,99,11014,32.01884,35.86471,139.6,0,58-11014,🟢 MOVING,18.66652768922894
2026-01-23T15:50:18.135486,99,61004,31.985394,35.897896,129.19,0,58-61004,🟡 STOPPED (BOARDING?),0.0
2026-01-23T15:50:18.135486,99,69779,31.953974,35.887978,114,0,58-69779,🟢 MOVING,8.968853775538378
2026-01-23T15:50:18.135486,99,68570,31.952059,35.892635,111.6,0,58-68570,🟢 MOVING,11.739857664446674
2026-01-23T15:50:18.135486,99,25354,31.94548,35.928753,205.5,0,58-25354,🛑 PARKED (EXTREME),0.0
2026-01-23T15:50:18.135486,99,88230,31.99991,36.013805,326.39,0,58-88230,🛑 PARKED (EXTREME),0.0
2026-01-23T15:51:15.040833,99,93341,32.02084,35.842712,295.1,0,58-93341,🆕 NEW,0.0
2026-01-23T15:51:15.040833,99,97599,32.020844,35.84271,274.5,0,58-97599,🆕 NEW,0.0
2026-01-23T15:51:15.040833,99,11014,32.01826,35.865353,137.6,0,58-11014,🆕 NEW,0.0
2026-01-23T15:51:15.040833,99,61004,31.985443,35.898384,64.59,0,58-61004,🆕 NEW,0.0
2026-01-23T15:51:15.040833,99,69779,31.951874,35.893288,106.6,0,58-69779,🆕 NEW,0.0
2026-01-23T15:51:15.040833,99,68570,31.948792,35.903152,145.1,0,58-68570,🆕 NEW,0.0
2026-01-23T15:51:15.040833,99,25354,31.94548,35.928753,205.5,0,58-25354,🆕 NEW,0.0
2026-01-23T15:51:15.040833,99,88230,31.99991,36.013805,326.39,0,58-88230,🆕 NEW,0.0
2026-01-23T15:51:50.347405,99,93341,32.02084,35.842712,295.1,0,58-93341,🛑 PARKED (EXTREME),0.0
2026-01-23T15:51:50.347405,99,97599,32.021263,35.842567,177,0,58-97599,🟢 MOVING,1.386133539404751
2026-01-23T15:51:50.347405,99,11014,32.01634,35.867085,142.69,0,58-11014,🟢 MOVING,7.681550083846151
2026-01-23T15:51:50.347405,99,61004,31.985949,35.897976,300.5,0,58-61004,🟢 MOVING,1.9476969725669395
2026-01-23T15:51:50.347405,99,69779,31.951487,35.89944,110.6,0,58-69779,🟢 MOVING,16.63042928547556
2026-01-23T15:51:50.347405,99,68570,31.945606,35.90664,127,0,58-68570,🟢 MOVING,13.816494828038646
2026-01-23T15:51:50.347405,99,25354,31.94548,35.928753,205.5,0,58-25354,🛑 PARKED (EXTREME),0.0
2026-01-23T15:51:50.347405,99,88230,31.99991,36.013805,326.39,0,58-88230,🛑 PARKED (EXTREME),0.0
2026-01-23T15:52:21.368581,99,93341,32.02084,35.842712,295.1,0,58-93341,🛑 PARKED (EXTREME),0.0
2026-01-23T15:52:21.368581,99,97599,32.02141,35.84301,64.9,0,58-97599,🟢 MOVING,1.4183814829472745
2026-01-23T15:52:21.368581,99,11014,32.015125,35.86819,141.3,0,58-11014,🟢 MOVING,5.395500332236846
2026-01-23T15:52:21.368581,99,61004,31.982723,35.894154,226.4,0,58-61004,🟢 MOVING,16.08630073737958
2026-01-23T15:52:21.368581,99,69779,31.947317,35.904396,141.8,0,58-69779,🟢 MOVING,20.829197506440956
2026-01-23T15:52:21.368581,99,68570,31.945536,35.906757,120.8,0,58-68570,🟢 MOVING,0.4272475483260988
2026-01-23T15:52:21.368581,99,25354,31.94548,35.928753,205.5,0,58-25354,🛑 PARKED (EXTREME),0.0
2026-01-23T15:52:21.368581,99,88230,31.99991,36.013805,326.39,0,58-88230,🛑 PARKED (EXTREME),0.0
2026-01-23T15:52:54.119180,99,93341,32.02084,35.842712,295.1,0,58-93341,🛑 PARKED (EXTREME),0.0
2026-01-23T15:52:54.119180,99,97599,32.02255,35.84615,73,0,58-97599,🟢 MOVING,10.007299652433524
2026-01-23T15:52:54.119180,99,11014,32.014637,35.868668,141.19,0,58-11014,🟢 MOVING,2.192035043784086
2026-01-23T15:52:54.119180,99,61004,31.98086,35.89198,223.3,0,58-61004,🟢 MOVING,9.0578972122692
2026-01-23T15:52:54.119180,99,69779,31.94564,35.90664,126.8,0,58-69779,🟢 MOVING,8.768298589943967
2026-01-23T15:52:54.119180,99,68570,31.945536,35.906757,120.8,0,58-68570,🟡 STOPPED (BOARDING?),0.0
2026-01-23T15:52:54.119180,99,25354,31.94548,35.928753,205.5,0,58-25354,🛑 PARKED (EXTREME),0.0
2026-01-23T15:52:54.119180,99,88230,31.99991,36.013805,326.39,0,58-88230,🛑 PARKED (EXTREME),0.0
2026-01-23T15:53:34.606002,99,11924,32.020855,35.842716,286.6,0,58-11924,🆕 NEW,0.0
2026-01-23T15:53:34.606002,99,93341,32.02084,35.842712,295.1,0,58-93341,🛑 PARKED (EXTREME),0.0
2026-01-23T15:53:34.606002,99,97599,32.02309,35.848278,70.9,0,58-97599,🟢 MOVING,5.111225179493553
2026-01-23T15:53:34.606002,99,11014,32.01126,35.870724,161.1,0,58-11014,🟢 MOVING,10.314432310704309
2026-01-23T15:53:34.606002,99,61004,31.979843,35.890865,220.1,0,58-61004,🟢 MOVING,3.7692301626768643
2026-01-23T15:53:34.606002,99,69779,31.94702,35.910397,63.9,0,58-69779,🟢 MOVING,9.42805058298323
2026-01-23T15:53:34.606002,99,68570,31.94589,35.907734,56.7,0,58-68570,🟢 MOVING,2.446542363760541
2026-01-23T15:53:34.606002,99,25354,31.94548,35.928753,205.5,0,58-25354,🛑 PARKED (EXTREME),0.0
2026-01-23T15:53:34.606002,99,88230,31.99991,36.013805,326.39,0,58-88230,🛑 PARKED (EXTREME),0.0
2026-01-23T15:54:08.060010,99,11924,32.020855,35.842716,286.6,0,58-11924,🛑 PARKED (EXTREME),0.0
2026-01-23T15:54:08.060010,99,93341,32.02084,35.842712,295.1,0,58-93341,🛑 PARKED (EXTREME),0.0
2026-01-23T15:54:08.060010,99,97599,32.024067,35.851524,70.9,0,58-97599,🟢 MOVING,9.800151604631347
2026-01-23T15:54:08.060010,99,11014,32.005054,35.873333,151.5,0,58-11014,🟢 MOVING,22.1100780348097
2026-01-23T15:54:08.060010,99,61004,31.976757,35.88799,210.6,0,58-61004,🟢 MOVING,13.199451177105834
2026-01-23T15:54:08.060010,99,69779,31.948315,35.914497,90.3,0,58-69779,🟢 MOVING,12.457482578917846
2026-01-23T15:54:08.060010,99,68570,31.947872,35.912514,68,0,58-68570,🟢 MOVING,15.149499002462566
2026-01-23T15:54:08.060010,99,25354,31.94548,35.928753,205.5,0,58-25354,🛑 PARKED (EXTREME),0.0
2026-01-23T15:54:08.060010,99,88230,31.99991,36.013805,326.39,0,58-88230,🛑 PARKED (EXTREME),0.0
2026-01-23T15:54:46.986690,99,11924,32.020855,35.842716,286.6,0,58-11924,🛑 PARKED (EXTREME),0.0
2026-01-23T15:54:46.986690,99,93341,32.02084,35.842712,295.1,0,58-93341,🛑 PARKED (EXTREME),0.0
2026-01-23T15:54:46.986690,99,97599,32.024647,35.854126,79.9,0,58-97599,🟢 MOVING,6.526183251834649
2026-01-23T15:54:46.986690,99,11014,32.00363,35.874252,145.4,0,58-11014,🟢 MOVING,4.644431279072933
2026-01-23T15:54:46.986690,99,61004,31.97609,35.88764,205.7,0,58-61004,🟢 MOVING,2.0888654297620888
2026-01-23T15:54:46.986690,99,69779,31.948248,35.914753,274.89,0,58-69779,🟢 MOVING,0.6503868307410392
2026-01-23T15:54:46.986690,99,68570,31.94827,35.91494,97.9,0,58-68570,🟢 MOVING,5.998724934491304
2026-01-23T15:54:46.986690,99,25354,31.94548,35.928753,205.5,0,58-25354,🛑 PARKED (EXTREME),0.0
2026-01-23T15:54:46.986690,99,88230,31.99991,36.013805,326.39,0,58-88230,🛑 PARKED (EXTREME),0.0
2026-01-23T15:55:24.118178,99,11924,32.020855,35.842716,286.6,0,58-11924,🛑 PARKED (EXTREME),0.0
2026-01-23T15:55:24.118178,99,93341,32.02084,35.842712,295.1,0,58-93341,🛑 PARKED (EXTREME),0.0
2026-01-23T15:55:24.118178,99,97599,32.024654,35.85413,79.9,0,58-97599,🟡 STOPPED (BOARDING?),0.0
2026-01-23T15:55:24.118178,99,11014,32.00052,35.877647,129.69,0,58-11014,🟢 MOVING,12.722164888937947
2026-01-23T15:55:24.118178,99,61004,31.971413,35.88628,179.6,0,58-61004,🟢 MOVING,14.45851582472299
2026-01-23T15:55:24.118178,99,69779,31.948252,35.914745,274.89,0,58-69779,🟡 STOPPED (BOARDING?),0.0
2026-01-23T15:55:24.118178,99,68570,31.948202,35.915283,109.3,0,58-68570,🟢 MOVING,0.8970799391896903
2026-01-23T15:55:24.118178,99,25354,31.94548,35.928753,205.5,0,58-25354,🛑 PARKED (EXTREME),0.0
2026-01-23T15:55:24.118178,99,88230,31.99991,36.013805,326.39,0,58-88230,🛑 PARKED (EXTREME),0.0
2026-01-23T15:56:00.240747,99,11924,32.020855,35.842716,286.6,0,58-11924,🛑 PARKED (EXTREME),0.0
2026-01-23T15:56:00.240747,99,93341,32.02084,35.842712,295.1,0,58-93341,🛑 PARKED (EXTREME),0.0
2026-01-23T15:56:00.240747,99,97599,32.02467,35.856094,103.1,0,58-97599,🟢 MOVING,5.099070469895121
2026-01-23T15:56:00.240747,99,11014,31.998001,35.881634,126.8,0,58-11014,🟢 MOVING,12.911163200516794
2026-01-23T15:56:00.240747,99,61004,31.967384,35.88691,169.1,0,58-61004,🟢 MOVING,12.44575022961545
2026-01-23T15:56:00.240747,99,69779,31.947994,35.91573,123.6,0,58-69779,🟢 MOVING,2.678565651093456
2026-01-23T15:56:00.240747,99,68570,31.947847,35.915993,112,0,58-68570,🟢 MOVING,2.1413143528079983
2026-01-23T15:56:00.240747,99,25354,31.94548,35.928753,205.5,0,58-25354,🛑 PARKED (EXTREME),0.0
2026-01-23T15:56:00.240747,99,88230,31.99991,36.013805,326.39,0,58-88230,🛑 PARKED (EXTREME),0.0
2026-01-23T15:56:36.967285,99,11924,32.020855,35.842716,286.6,0,58-11924,🛑 PARKED (EXTREME),0.0
2026-01-23T15:56:36.967285,99,93341,32.02084,35.842712,295.1,0,58-93341,🛑 PARKED (EXTREME),0.0
2026-01-23T15:56:36.967285,99,97599,32.021793,35.861233,134.19,0,58-97599,🟢 MOVING,15.832256064689274
2026-01-23T15:56:36.967285,99,11014,31.99573,35.885162,128.5,0,58-11014,🟢 MOVING,11.39020706095865
2026-01-23T15:56:36.967285,99,61004,31.967054,35.88698,167.9,0,58-61004,🟢 MOVING,1.0167206162706244
2026-01-23T15:56:36.967285,99,69779,31.945751,35.92044,107.2,0,58-69779,🟢 MOVING,13.896914195640724
2026-01-23T15:56:36.967285,99,68570,31.946012,35.919266,106.3,0,58-68570,🟢 MOVING,10.0935896938147
2026-01-23T15:56:36.967285,99,25354,31.94548,35.928753,205.5,0,58-25354,🛑 PARKED (EXTREME),0.0
2026-01-23T15:56:36.967285,99,88230,31.99991,36.013805,326.39,0,58-88230,🛑 PARKED (EXTREME),0.0
2026-01-23T15:57:16.676610,99,10987,32.0209,35.84264,0,0,58-10987,🆕 NEW,0.0
2026-01-23T15:57:16.676610,99,11924,32.020855,35.842716,286.6,0,58-11924,🛑 PARKED (EXTREME),0.0
2026-01-23T15:57:16.676610,99,93341,32.02084,35.842712,295.1,0,58-93341,🛑 PARKED (EXTREME),0.0
2026-01-23T15:57:16.676610,99,97599,32.01912,35.86441,135.9,0,58-97599,🟢 MOVING,10.617803604250431
2026-01-23T15:57:16.676610,99,11014,31.993074,35.889317,126.7,0,58-11014,🟢 MOVING,12.346601980931872
2026-01-23T15:57:16.676610,99,61004,31.966555,35.88639,242.3,0,58-61004,🟢 MOVING,1.9777980521916427
2026-01-23T15:57:16.676610,99,69779,31.945887,35.92326,70.4,0,58-69779,🟢 MOVING,6.706981148679157
2026-01-23T15:57:16.676610,99,68570,31.946081,35.92377,69.59,0,58-68570,🟢 MOVING,10.69660006736439
2026-01-23T15:57:16.676610,99,88230,31.99991,36.013805,326.39,0,58-88230,🛑 PARKED (EXTREME),0.0
2026-01-23T15:57:54.747223,99,10987,32.0209,35.84264,0,0,58-10987,🛑 PARKED (EXTREME),0.0
2026-01-23T15:57:54.747223,99,11924,32.020855,35.842716,286.6,0,58-11924,🛑 PARKED (EXTREME),0.0
2026-01-23T15:57:54.747223,99,93341,32.02131,35.842697,107.2,0,58-93341,🟢 MOVING,1.36818858215088
2026-01-23T15:57:54.747223,99,97599,32.01463,35.868652,142.6,0,58-97599,🟢 MOVING,16.740143404305876
2026-01-23T15:57:54.747223,99,11014,31.992805,35.889782,122,0,58-11014,🟢 MOVING,1.3890882313842847
2026-01-23T15:57:54.747223,99,61004,31.963705,35.88329,215.6,0,58-61004,🟢 MOVING,11.284380581136707
2026-01-23T15:57:54.747223,99,69779,31.946354,35.925762,86.4,0,58-69779,🟢 MOVING,6.325421227391988
2026-01-23T15:57:54.747223,99,68570,31.946327,35.926666,103.7,0,58-68570,🟢 MOVING,7.186298076341159
2026-01-23T15:57:54.747223,99,88230,31.99991,36.013805,326.39,0,58-88230,🛑 PARKED (EXTREME),0.0
2026-01-23T15:58:30.534564,99,10987,32.0209,35.84264,0,0,58-10987,🛑 PARKED (EXTREME),0.0
2026-01-23T15:58:30.534564,99,11924,32.020855,35.842716,286.6,0,58-11924,🛑 PARKED (EXTREME),0.0
2026-01-23T15:58:30.534564,99,93341,32.021927,35.843967,71,0,58-93341,🟢 MOVING,3.859836065522915
2026-01-23T15:58:30.534564,99,97599,32.011112,35.87076,164.8,0,58-97599,🟢 MOVING,12.273773998327513
2026-01-23T15:58:30.534564,99,11014,31.992456,35.890324,129.6,0,58-11014,🟢 MOVING,1.7951780655267287
2026-01-23T15:58:30.534564,99,61004,31.960203,35.88058,214.9,0,58-61004,🟢 MOVING,13.030375751721081
2026-01-23T15:58:30.534564,99,69779,31.946125,35.92783,101.9,0,58-69779,🟢 MOVING,5.504384410269252
2026-01-23T15:58:30.534564,99,68570,31.946327,35.926666,103.7,0,58-68570,🟡 STOPPED (BOARDING?),0.0
2026-01-23T15:58:30.534564,99,88230,31.99991,36.013805,326.39,0,58-88230,🛑 PARKED (EXTREME),0.0
2026-01-23T15:59:04.869400,99,10987,32.0209,35.84264,0,0,58-10987,🛑 PARKED (EXTREME),0.0
2026-01-23T15:59:04.869400,99,11924,32.020855,35.842716,286.6,0,58-11924,🛑 PARKED (EXTREME),0.0
2026-01-23T15:59:04.869400,99,93341,32.023087,35.84827,73.5,0,58-93341,🟢 MOVING,12.295339041310475
2026-01-23T15:59:04.869400,99,97599,32.01005,35.871136,164.2,0,58-97599,🟢 MOVING,3.561277216632218
2026-01-23T15:59:04.869400,99,11014,31.992443,35.890343,129.4,0,58-11014,🟡 STOPPED (BOARDING?),0.0
2026-01-23T15:59:04.869400,99,61004,31.958424,35.879257,209,0,58-61004,🟢 MOVING,6.755966831432032
2026-01-23T15:59:04.869400,99,69779,31.946125,35.92783,101.9,0,58-69779,🛑 PARKED (EXTREME),0.0
2026-01-23T15:59:04.869400,99,68570,31.946327,35.926666,103.7,0,58-68570,🟡 STOPPED (BOARDING?),0.0
2026-01-23T15:59:04.869400,99,88230,31.99991,36.013805,326.39,0,58-88230,🛑 PARKED (EXTREME),0.0
2026-01-23T15:59:44.644020,99,10987,32.0209,35.84264,0,0,58-10987,🛑 PARKED (EXTREME),0.0
2026-01-23T15:59:44.644020,99,11924,32.020855,35.842716,286.6,0,58-11924,🛑 PARKED (EXTREME),0.0
2026-01-23T15:59:44.644020,99,93341,32.023476,35.84944,72.5,0,58-93341,🟢 MOVING,2.9495886442906443
2026-01-23T15:59:44.644020,99,97599,32.005432,35.87309,153.19,0,58-97599,🟢 MOVING,13.581697767645336
2026-01-23T15:59:44.644020,99,11014,31.987698,35.89575,142.5,0,58-11014,🟢 MOVING,18.267316670756234
2026-01-23T15:59:44.644020,99,61004,31.957134,35.88081,120.8,0,58-61004,🟢 MOVING,5.1045552454416505
2026-01-23T15:59:44.644020,99,69779,31.946125,35.92783,101.9,0,58-69779,🛑 PARKED (EXTREME),0.0
2026-01-23T15:59:44.644020,99,88230,31.99991,36.013805,326.39,0,58-88230,🛑 PARKED (EXTREME),0.0
2026-01-23T16:00:18.657364,99,10987,32.0209,35.84264,0,0,58-10987,🛑 PARKED (EXTREME),0.0
2026-01-23T16:00:18.657364,99,11924,32.020855,35.842716,286.6,0,58-11924,🛑 PARKED (EXTREME),0.0
2026-01-23T16:00:18.657364,99,93341,32.024334,35.852695,72.3,0,58-93341,🟢 MOVING,9.627129917504124
2026-01-23T16:00:18.657364,99,97599,32.00412,35.873924,152.1,0,58-97599,🟢 MOVING,4.9650977527418725
2026-01-23T16:00:18.657364,99,11014,31.985891,35.897434,137.9,0,58-11014,🟢 MOVING,7.672888160283124
2026-01-23T16:00:18.657364,99,61004,31.955202,35.884377,121.3,0,58-61004,🟢 MOVING,11.96081887153433
2026-01-23T16:00:18.657364,99,69779,31.946125,35.92783,101.9,0,58-69779,🛑 PARKED (EXTREME),0.0
2026-01-23T16:00:18.657364,99,88230,31.99991,36.013805,326.39,0,58-88230,🛑 PARKED (EXTREME),0.0
2026-01-23T16:00:56.241125,99,47376,32.02081,35.842724,291,0,58-47376,🆕 NEW,0.0
2026-01-23T16:00:56.241125,99,10987,32.0209,35.84264,0,0,58-10987,🛑 PARKED (EXTREME),0.0
2026-01-23T16:00:56.241125,99,11924,32.020855,35.842716,286.6,0,58-11924,🛑 PARKED (EXTREME),0.0
2026-01-23T16:00:56.241125,99,93341,32.02468,35.854164,85.6,0,58-93341,🟢 MOVING,3.836609086042801
2026-01-23T16:00:56.241125,99,97599,32.00055,35.877632,129.3,0,58-97599,🟢 MOVING,14.120345373646495
2026-01-23T16:00:56.241125,99,11014,31.985867,35.897427,138.1,0,58-11014,🟡 STOPPED (BOARDING?),0.0
2026-01-23T16:00:56.241125,99,61004,31.95394,35.888058,115.2,0,58-61004,🟢 MOVING,9.998150441898737
2026-01-23T16:00:56.241125,99,69779,31.946125,35.92783,101.9,0,58-69779,🛑 PARKED (EXTREME),0.0
2026-01-23T16:00:56.241125,99,88230,31.99991,36.013805,326.39,0,58-88230,🛑 PARKED (EXTREME),0.0
2026-01-23T16:01:30.230145,99,47376,32.020813,35.842716,291,0,58-47376,🛑 PARKED (EXTREME),0.0
2026-01-23T16:01:30.230145,99,10987,32.0209,35.84264,0,0,58-10987,🛑 PARKED (EXTREME),0.0
2026-01-23T16:01:30.230145,99,11924,32.020855,35.842716,286.6,0,58-11924,🛑 PARKED (EXTREME),0.0
2026-01-23T16:01:30.230145,99,93341,32.024654,35.854187,85.6,0,58-93341,🟡 STOPPED (BOARDING?),0.0
2026-01-23T16:01:30.230145,99,97599,31.998333,35.88106,130.8,0,58-97599,🟢 MOVING,11.86471578502673
2026-01-23T16:01:30.230145,99,11014,31.985838,35.897472,156.19,0,58-11014,🟢 MOVING,0.15556254408138795
2026-01-23T16:01:30.230145,99,61004,31.953642,35.888817,116.2,0,58-61004,🟢 MOVING,2.3028297486846756
2026-01-23T16:01:30.230145,99,69779,31.946125,35.92783,101.9,0,58-69779,🛑 PARKED (EXTREME),0.0
2026-01-23T16:01:30.230145,99,88230,31.99991,36.013805,326.39,0,58-88230,🛑 PARKED (EXTREME),0.0
2026-01-23T16:02:03.944537,99,47376,32.020813,35.842716,291,0,58-47376,🛑 PARKED (EXTREME),0.0
2026-01-23T16:02:03.944537,99,10987,32.0209,35.84264,0,0,58-10987,🛑 PARKED (EXTREME),0.0
2026-01-23T16:02:03.944537,99,11924,32.020855,35.842716,286.6,0,58-11924,🛑 PARKED (EXTREME),0.0
2026-01-23T16:02:03.944537,99,93341,32.024555,35.856613,105.5,0,58-93341,🟢 MOVING,6.814356657754479
2026-01-23T16:02:03.944537,99,97599,31.995686,35.885204,128.8,0,58-97599,🟢 MOVING,14.563133040864217
2026-01-23T16:02:03.944537,99,11014,31.985357,35.89789,135.6,0,58-11014,🟢 MOVING,1.9778670716232911
2026-01-23T16:02:03.944537,99,61004,31.952784,35.890797,116.4,0,58-61004,🟢 MOVING,6.243993965887082
2026-01-23T16:02:03.944537,99,69779,31.946125,35.92783,101.9,0,58-69779,🛑 PARKED (EXTREME),0.0
2026-01-23T16:02:03.944537,99,88230,31.99991,36.013805,326.39,0,58-88230,🛑 PARKED (EXTREME),0.0
2026-01-23T16:02:36.446100,99,47376,32.020813,35.842716,291,0,58-47376,🛑 PARKED (EXTREME),0.0
2026-01-23T16:02:36.446100,99,10987,32.0209,35.84264,0,0,58-10987,🛑 PARKED (EXTREME),0.0
2026-01-23T16:02:36.446100,99,11924,32.020855,35.842716,286.6,0,58-11924,🛑 PARKED (EXTREME),0.0
2026-01-23T16:02:36.446100,99,93341,32.021652,35.861404,134.9,0,58-93341,🟢 MOVING,16.90881839166157
2026-01-23T16:02:36.446100,99,97599,31.994543,35.887043,127.2,0,58-97599,🟢 MOVING,6.548562952443895
2026-01-23T16:02:36.446100,99,11014,31.985275,35.898064,101.9,0,58-11014,🟢 MOVING,0.5717849607585965
2026-01-23T16:02:36.446100,99,61004,31.95181,35.896706,86.5,0,58-61004,🟢 MOVING,17.297221212295025
2026-01-23T16:02:36.446100,99,69779,31.946125,35.92783,101.9,0,58-69779,🛑 PARKED (EXTREME),0.0
2026-01-23T16:02:36.446100,99,88230,31.99991,36.013805,326.39,0,58-88230,🛑 PARKED (EXTREME),0.0
2026-01-23T16:03:14.714182,99,47376,32.020813,35.842716,291,0,58-47376,🛑 PARKED (EXTREME),0.0
2026-01-23T16:03:14.714182,99,10987,32.0209,35.84264,0,0,58-10987,🛑 PARKED (EXTREME),0.0
2026-01-23T16:03:14.714182,99,11924,32.020855,35.842716,286.6,0,58-11924,🛑 PARKED (EXTREME),0.0
2026-01-23T16:03:14.714182,99,93341,32.018124,35.865444,132.5,0,58-93341,🟢 MOVING,14.421104917055905
2026-01-23T16:03:14.714182,99,97599,31.992823,35.88979,127.1,0,58-97599,🟢 MOVING,8.492913982968583
2026-01-23T16:03:14.714182,99,11014,31.984303,35.89584,220.6,0,58-11014,🟢 MOVING,6.223515019139981
2026-01-23T16:03:14.714182,99,61004,31.951803,35.89774,95.3,0,58-61004,🟢 MOVING,2.5731130350210814
2026-01-23T16:03:14.714182,99,69779,31.946125,35.92783,101.9,0,58-69779,🛑 PARKED (EXTREME),0.0
2026-01-23T16:03:14.714182,99,88230,31.99991,36.013805,326.39,0,58-88230,🛑 PARKED (EXTREME),0.0
2026-01-23T16:03:49.281639,99,47376,32.020813,35.842716,291,0,58-47376,🛑 PARKED (EXTREME),0.0
2026-01-23T16:03:49.281639,99,10987,32.0209,35.84264,0,0,58-10987,🛑 PARKED (EXTREME),0.0
2026-01-23T16:03:49.281639,99,11924,32.020855,35.842716,286.6,0,58-11924,🛑 PARKED (EXTREME),0.0
2026-01-23T16:03:49.281639,99,93341,32.018147,35.86544,132.5,0,58-93341,🟡 STOPPED (BOARDING?),0.0
2026-01-23T16:03:49.281639,99,97599,31.992813,35.889797,127.1,0,58-97599,🟡 STOPPED (BOARDING?),0.0
2026-01-23T16:03:49.281639,99,11014,31.981281,35.89242,224.2,0,58-11014,🟢 MOVING,13.379613052079048
2026-01-23T16:03:49.281639,99,61004,31.949352,35.902634,140.4,0,58-61004,🟢 MOVING,15.401381878062791
2026-01-23T16:03:49.281639,99,69779,31.946125,35.92783,101.9,0,58-69779,🛑 PARKED (EXTREME),0.0
2026-01-23T16:03:49.281639,99,88230,31.99991,36.013805,326.39,0,58-88230,🛑 PARKED (EXTREME),0.0
2026-01-23T16:04:22.936236,99,47376,32.020813,35.842716,291,0,58-47376,🛑 PARKED (EXTREME),0.0
2026-01-23T16:04:22.936236,99,10987,32.0209,35.84264,0,0,58-10987,🛑 PARKED (EXTREME),0.0
2026-01-23T16:04:22.936236,99,11924,32.020855,35.842716,286.6,0,58-11924,🛑 PARKED (EXTREME),0.0
2026-01-23T16:04:22.936236,99,93341,32.015484,35.867886,142.69,0,58-93341,🟢 MOVING,11.218716083356558
2026-01-23T16:04:22.936236,99,97599,31.99243,35.890358,131.5,0,58-97599,🟢 MOVING,2.0301200490417837
2026-01-23T16:04:22.936236,99,11014,31.979519,35.89054,218.5,0,58-11014,🟢 MOVING,7.898785531627243
2026-01-23T16:04:22.936236,99,61004,31.945717,35.906525,126.9,0,58-61004,🟢 MOVING,16.321602297859453
2026-01-23T16:04:22.936236,99,69779,31.946125,35.92783,101.9,0,58-69779,🛑 PARKED (EXTREME),0.0
2026-01-23T16:04:22.936236,99,88230,31.99991,36.013805,326.39,0,58-88230,🛑 PARKED (EXTREME),0.0
2026-01-23T16:04:56.295265,99,47376,32.020813,35.842716,291,0,58-47376,🛑 PARKED (EXTREME),0.0
2026-01-23T16:04:56.295265,99,10987,32.0209,35.84264,0,0,58-10987,🛑 PARKED (EXTREME),0.0
2026-01-23T16:04:56.295265,99,11924,32.020855,35.842716,286.6,0,58-11924,🛑 PARKED (EXTREME),0.0
2026-01-23T16:04:56.295265,99,93341,32.015137,35.868214,145,0,58-93341,🟢 MOVING,1.4830212487378232
2026-01-23T16:04:56.295265,99,97599,31.99247,35.89035,130.5,0,58-97599,🟡 STOPPED (BOARDING?),0.0
2026-01-23T16:04:56.295265,99,11014,31.976793,35.888,210.1,0,58-11014,🟢 MOVING,11.587598212286318
2026-01-23T16:04:56.295265,99,61004,31.945515,35.906788,128.1,0,58-61004,🟢 MOVING,1.0038448126139459
2026-01-23T16:04:56.295265,99,69779,31.946125,35.92783,101.9,0,58-69779,🛑 PARKED (EXTREME),0.0
2026-01-23T16:04:56.295265,99,88230,31.99991,36.013805,326.39,0,58-88230,🛑 PARKED (EXTREME),0.0
2026-01-23T16:05:31.676738,99,47376,32.020813,35.842716,291,0,58-47376,🛑 PARKED (EXTREME),0.0
2026-01-23T16:05:31.676738,99,10987,32.0209,35.84264,0,0,58-10987,🛑 PARKED (EXTREME),0.0
2026-01-23T16:05:31.676738,99,11924,32.020855,35.842716,286.6,0,58-11924,🛑 PARKED (EXTREME),0.0
2026-01-23T16:05:31.676738,99,93341,32.011246,35.870758,161.69,0,58-93341,🟢 MOVING,14.098672798622893
2026-01-23T16:05:31.676738,99,97599,31.98781,35.895653,142.8,0,58-97599,🟢 MOVING,20.523929239359944
2026-01-23T16:05:31.676738,99,11014,31.976301,35.8877,206.1,0,58-11014,🟢 MOVING,1.755360160492596
2026-01-23T16:05:31.676738,99,61004,31.945518,35.906788,128.1,0,58-61004,🟡 STOPPED (BOARDING?),0.0
2026-01-23T16:05:31.676738,99,69779,31.946125,35.92783,101.9,0,58-69779,🛑 PARKED (EXTREME),0.0
2026-01-23T16:05:31.676738,99,88230,31.99991,36.013805,326.39,0,58-88230,🛑 PARKED (EXTREME),0.0
2026-01-23T16:06:11.292079,99,47376,32.020813,35.842716,291,0,58-47376,🛑 PARKED (EXTREME),0.0
2026-01-23T16:06:11.292079,99,10987,32.0209,35.84264,0,0,58-10987,🛑 PARKED (EXTREME),0.0
2026-01-23T16:06:11.292079,99,11924,32.020855,35.842716,286.6,0,58-11924,🛑 PARKED (EXTREME),0.0
2026-01-23T16:06:11.292079,99,93341,32.007286,35.87213,162.4,0,58-93341,🟢 MOVING,11.610819123615325
2026-01-23T16:06:11.292079,99,97599,31.985865,35.897472,142,0,58-97599,🟢 MOVING,6.9838965087549845
2026-01-23T16:06:11.292079,99,11014,31.975134,35.887028,205.1,0,58-11014,🟢 MOVING,3.6536464749018194
2026-01-23T16:06:11.292079,99,61004,31.94606,35.908146,63.8,0,58-61004,🟢 MOVING,3.582037249919435
2026-01-23T16:06:11.292079,99,69779,31.946125,35.92783,101.9,0,58-69779,🛑 PARKED (EXTREME),0.0
2026-01-23T16:06:11.292079,99,88230,31.99991,36.013805,326.39,0,58-88230,🛑 PARKED (EXTREME),0.0
2026-01-23T16:06:46.690913,99,47376,32.020813,35.842716,291,0,58-47376,🛑 PARKED (EXTREME),0.0
2026-01-23T16:06:46.690913,99,10987,32.0209,35.84264,0,0,58-10987,🛑 PARKED (EXTREME),0.0
2026-01-23T16:06:46.690913,99,11924,32.022114,35.844696,71.3,0,58-11924,🟢 MOVING,6.56766570662475
2026-01-23T16:06:46.690913,99,93341,32.00368,35.874226,146.8,0,58-93341,🟢 MOVING,12.58176211524218
2026-01-23T16:06:46.690913,99,97599,31.985867,35.897465,142,0,58-97599,🟡 STOPPED (BOARDING?),0.0
2026-01-23T16:06:46.690913,99,11014,31.967058,35.88697,170.5,0,58-11014,🟢 MOVING,25.27510522694909
2026-01-23T16:06:46.690913,99,61004,31.94803,35.913185,74.3,0,58-61004,🟢 MOVING,14.734816544903648
2026-01-23T16:06:46.690913,99,69779,31.946125,35.92783,101.9,0,58-69779,🛑 PARKED (EXTREME),0.0
2026-01-23T16:06:46.690913,99,88230,31.99991,36.013805,326.39,0,58-88230,🛑 PARKED (EXTREME),0.0
2026-01-23T16:07:18.397392,99,47376,32.020813,35.842716,291,0,58-47376,🛑 PARKED (EXTREME),0.0
2026-01-23T16:07:18.397392,99,10987,32.0209,35.84264,0,0,58-10987,🛑 PARKED (EXTREME),0.0
2026-01-23T16:07:18.397392,99,11924,32.023003,35.847897,74.7,0,58-11924,🟢 MOVING,9.979939513901746
2026-01-23T16:07:18.397392,99,93341,32.00039,35.877827,130.8,0,58-93341,🟢 MOVING,15.688003087135193
2026-01-23T16:07:18.397392,99,97599,31.985622,35.897617,153.6,0,58-97599,🟢 MOVING,0.9675664921444005
2026-01-23T16:07:18.397392,99,11014,31.967,35.886967,164.3,0,58-11014,🟢 MOVING,0.20289957022780494
2026-01-23T16:07:18.397392,99,61004,31.948145,35.915287,111.9,0,58-61004,🟢 MOVING,6.246476303918024
2026-01-23T16:07:18.397392,99,69779,31.946125,35.92783,101.9,0,58-69779,🛑 PARKED (EXTREME),0.0
2026-01-23T16:07:18.397392,99,88230,31.99991,36.013805,326.39,0,58-88230,🛑 PARKED (EXTREME),0.0
2026-01-23T16:07:58.862076,99,47376,32.020813,35.842716,291,0,58-47376,🛑 PARKED (EXTREME),0.0
2026-01-23T16:07:58.862076,99,10987,32.0209,35.84264,0,0,58-10987,🛑 PARKED (EXTREME),0.0
2026-01-23T16:07:58.862076,99,11924,32.02312,35.848274,73.4,0,58-11924,🟢 MOVING,0.9347359102939563
2026-01-23T16:07:58.862076,99,93341,31.998085,35.88143,127.2,0,58-93341,🟢 MOVING,10.510939060637906
2026-01-23T16:07:58.862076,99,97599,31.985321,35.897877,140.1,0,58-97599,🟢 MOVING,1.0247165158393514
2026-01-23T16:07:58.862076,99,11014,31.965607,35.885044,220.6,0,58-11014,🟢 MOVING,5.891158464277753
2026-01-23T16:07:58.862076,99,61004,31.94781,35.9159,123.4,0,58-61004,🟢 MOVING,1.6987272107618185
2026-01-23T16:07:58.862076,99,69779,31.946125,35.92783,101.9,0,58-69779,🛑 PARKED (EXTREME),0.0
2026-01-23T16:07:58.862076,99,88230,31.99991,36.013805,326.39,0,58-88230,🛑 PARKED (EXTREME),0.0
2026-01-23T16:08:31.787452,99,47376,32.020813,35.842716,291,0,58-47376,🛑 PARKED (EXTREME),0.0
2026-01-23T16:08:31.787452,99,10987,32.0209,35.84264,0,0,58-10987,🛑 PARKED (EXTREME),0.0
2026-01-23T16:08:31.787452,99,11924,32.02369,35.850277,70.3,0,58-11924,🟢 MOVING,6.039071498040974
2026-01-23T16:08:31.787452,99,93341,31.99573,35.885155,122.9,0,58-93341,🟢 MOVING,13.283915962080473
2026-01-23T16:08:31.787452,99,97599,31.985275,35.898006,97.5,0,58-97599,🟢 MOVING,0.4001037506154816
2026-01-23T16:08:31.787452,99,11014,31.964638,35.88407,219.9,0,58-11014,🟢 MOVING,4.292827622048524
2026-01-23T16:08:31.787452,99,61004,31.945978,35.919224,105.1,0,58-61004,🟢 MOVING,11.340079434272822
2026-01-23T16:08:31.787452,99,69779,31.946125,35.92783,101.9,0,58-69779,🛑 PARKED (EXTREME),0.0
2026-01-23T16:08:31.787452,99,88230,31.99991,36.013805,326.39,0,58-88230,🛑 PARKED (EXTREME),0.0
2026-01-23T16:09:05.099591,99,47376,32.020813,35.842716,291,0,58-47376,🛑 PARKED (EXTREME),0.0
2026-01-23T16:09:05.099591,99,10987,32.0209,35.84264,0,0,58-10987,🛑 PARKED (EXTREME),0.0
2026-01-23T16:09:05.099591,99,11924,32.024654,35.85378,72.3,0,58-11924,🟢 MOVING,10.522233971826159
2026-01-23T16:09:05.099591,99,93341,31.995455,35.8856,126,0,58-93341,🟢 MOVING,1.5735991101823659
2026-01-23T16:09:05.099591,99,97599,31.983234,35.89479,223.3,0,58-97599,🟢 MOVING,11.481780477061426
2026-01-23T16:09:05.099591,99,11014,31.964584,35.884033,217.9,0,58-11014,🟢 MOVING,0.21050586600068097
2026-01-23T16:09:05.099591,99,61004,31.946318,35.925217,85.1,0,58-61004,🟢 MOVING,17.176956594824453
2026-01-23T16:09:05.099591,99,69779,31.946125,35.92783,101.9,0,58-69779,🛑 PARKED (EXTREME),0.0
2026-01-23T16:09:05.099591,99,88230,31.99991,36.013805,326.39,0,58-88230,🛑 PARKED (EXTREME),0.0
2026-01-23T16:09:40.369527,99,47376,32.020813,35.842716,291,0,58-47376,🛑 PARKED (EXTREME),0.0
2026-01-23T16:09:40.369527,99,10987,32.0209,35.84264,0,0,58-10987,🛑 PARKED (EXTREME),0.0
2026-01-23T16:09:40.369527,99,11924,32.024723,35.854656,88.1,0,58-11924,🟢 MOVING,2.327453327455096
2026-01-23T16:09:40.369527,99,93341,31.992947,35.889515,126.3,0,58-93341,🟢 MOVING,12.984136724216128
2026-01-23T16:09:40.369527,99,97599,31.981298,35.89249,222.8,0,58-97599,🟢 MOVING,8.576247819660182
2026-01-23T16:09:40.369527,99,11014,31.964582,35.884033,217.9,0,58-11014,🟡 STOPPED (BOARDING?),0.0
2026-01-23T16:09:40.369527,99,61004,31.94617,35.92744,102.3,0,58-61004,🟢 MOVING,5.903321293229868
2026-01-23T16:09:40.369527,99,69779,31.946125,35.92783,101.9,0,58-69779,🛑 PARKED (EXTREME),0.0
2026-01-23T16:09:40.369527,99,88230,31.99991,36.013805,326.39,0,58-88230,🛑 PARKED (EXTREME),0.0
2026-01-23T16:10:15.091515,99,47376,32.020813,35.842716,291,0,58-47376,🛑 PARKED (EXTREME),0.0
2026-01-23T16:10:15.091515,99,10987,32.0209,35.84264,0,0,58-10987,🛑 PARKED (EXTREME),0.0
2026-01-23T16:10:15.091515,99,11924,32.024773,35.855556,93.6,0,58-11924,🟢 MOVING,2.43933898044116
2026-01-23T16:10:15.091515,99,93341,31.992775,35.889824,123.4,0,58-93341,🟢 MOVING,0.9998046444974596
2026-01-23T16:10:15.091515,99,97599,31.980825,35.891937,226.9,0,58-97599,🟢 MOVING,2.1246645192682534
2026-01-23T16:10:15.091515,99,11014,31.962831,35.88255,214.8,0,58-11014,🟢 MOVING,6.876968101989398
2026-01-23T16:10:15.091515,99,61004,31.94529,35.928745,190.9,0,58-61004,🟢 MOVING,4.511936915854619
2026-01-23T16:10:15.091515,99,69779,31.946125,35.92783,101.9,0,58-69779,🛑 PARKED (EXTREME),0.0
2026-01-23T16:10:15.091515,99,88230,31.99991,36.013805,326.39,0,58-88230,🛑 PARKED (EXTREME),0.0
2026-01-23T16:10:49.369624,99,47376,32.020813,35.842716,291,0,58-47376,🛑 PARKED (EXTREME),0.0
2026-01-23T16:10:49.369624,99,10987,32.0209,35.84264,0,0,58-10987,🛑 PARKED (EXTREME),0.0
2026-01-23T16:10:49.369624,99,11924,32.020805,35.86235,134.4,0,58-11924,🟢 MOVING,22.69609584470645
2026-01-23T16:10:49.369624,99,93341,31.99243,35.890358,124.8,0,58-93341,🟢 MOVING,1.8475268331604289
2026-01-23T16:10:49.369624,99,97599,31.978743,35.88976,224.4,0,58-97599,🟢 MOVING,9.03082675680533
2026-01-23T16:10:49.369624,99,11014,31.960407,35.880764,214.2,0,58-11014,🟢 MOVING,9.276480440192259
2026-01-23T16:10:49.369624,99,61004,31.945286,35.92874,190.9,0,58-61004,🛑 PARKED (EXTREME),0.0
2026-01-23T16:10:49.369624,99,69779,31.946125,35.92783,101.9,0,58-69779,🛑 PARKED (EXTREME),0.0
2026-01-23T16:10:49.369624,99,88230,31.99991,36.013805,326.39,0,58-88230,🛑 PARKED (EXTREME),0.0
2026-01-23T16:11:30.861475,99,47376,32.020813,35.842716,291,0,58-47376,🛑 PARKED (EXTREME),0.0
2026-01-23T16:11:30.861475,99,10987,32.0209,35.84264,0,0,58-10987,🛑 PARKED (EXTREME),0.0
2026-01-23T16:11:30.861475,99,11924,32.018818,35.86468,134.8,0,58-11924,🟢 MOVING,7.603117978516157
2026-01-23T16:11:30.861475,99,93341,31.991013,35.892273,138.6,0,58-93341,🟢 MOVING,5.848062245534217
2026-01-23T16:11:30.861475,99,97599,31.977638,35.888664,214,0,58-97599,🟢 MOVING,3.9180534930937805
2026-01-23T16:11:30.861475,99,11014,31.95853,35.879272,214.9,0,58-11014,🟢 MOVING,6.142577342197449
2026-01-23T16:11:30.861475,99,61004,31.945286,35.92874,190.9,0,58-61004,🛑 PARKED (EXTREME),0.0
2026-01-23T16:11:30.861475,99,69779,31.946125,35.92783,101.9,0,58-69779,🛑 PARKED (EXTREME),0.0
2026-01-23T16:11:30.861475,99,88230,31.99991,36.013805,326.39,0,58-88230,🛑 PARKED (EXTREME),0.0
2026-01-23T16:12:06.146220,99,47376,32.020813,35.842716,291,0,58-47376,🛑 PARKED (EXTREME),0.0
2026-01-23T16:12:06.146220,99,10987,32.0209,35.84264,0,0,58-10987,🛑 PARKED (EXTREME),0.0
2026-01-23T16:12:06.146220,99,11924,32.018463,35.86508,136.6,0,58-11924,🟢 MOVING,1.541259434782129
2026-01-23T16:12:06.146220,99,93341,31.988165,35.895294,135,0,58-93341,🟢 MOVING,12.028891752484583
2026-01-23T16:12:06.146220,99,97599,31.976292,35.887737,205.9,0,58-97599,🟢 MOVING,4.8946973272568846
2026-01-23T16:12:06.146220,99,11014,31.957092,35.88075,121.8,0,58-11014,🟢 MOVING,5.990518484262465
2026-01-23T16:12:06.146220,99,61004,31.945286,35.92874,190.9,0,58-61004,🛑 PARKED (EXTREME),0.0
2026-01-23T16:12:06.146220,99,69779,31.946125,35.92783,101.9,0,58-69779,🛑 PARKED (EXTREME),0.0
2026-01-23T16:12:06.146220,99,88230,31.99991,36.013805,326.39,0,58-88230,🛑 PARKED (EXTREME),0.0
2026-01-23T16:12:42.198576,99,47376,32.020813,35.842716,291,0,58-47376,🛑 PARKED (EXTREME),0.0
2026-01-23T16:12:42.198576,99,10987,32.0209,35.84264,0,0,58-10987,🛑 PARKED (EXTREME),0.0
2026-01-23T16:12:42.198576,99,11924,32.01621,35.8672,142.6,0,58-11924,🟢 MOVING,8.880586809469373
2026-01-23T16:12:42.198576,99,93341,31.986221,35.897118,137.8,0,58-93341,🟢 MOVING,7.655054034564662
2026-01-23T16:12:42.198576,99,97599,31.969763,35.88635,175,0,58-97599,🟢 MOVING,20.441070878147528
2026-01-23T16:12:42.198576,99,11014,31.954823,35.885357,109.9,0,58-11014,🟢 MOVING,13.926686399004382
2026-01-23T16:12:42.198576,99,61004,31.945286,35.92874,190.9,0,58-61004,🛑 PARKED (EXTREME),0.0
2026-01-23T16:12:42.198576,99,69779,31.946125,35.92783,101.9,0,58-69779,🛑 PARKED (EXTREME),0.0
2026-01-23T16:12:42.198576,99,88230,31.99991,36.013805,326.39,0,58-88230,🛑 PARKED (EXTREME),0.0
2026-01-23T16:13:18.331803,99,47376,32.020813,35.842716,291,0,58-47376,🛑 PARKED (EXTREME),0.0
2026-01-23T16:13:18.331803,99,10987,32.0209,35.84264,0,0,58-10987,🛑 PARKED (EXTREME),0.0
2026-01-23T16:13:18.331803,99,11924,32.0146,35.86869,143.4,0,58-11924,🟢 MOVING,6.298627901433155
2026-01-23T16:13:18.331803,99,93341,31.985298,35.897926,137.1,0,58-93341,🟢 MOVING,3.538194464364743
2026-01-23T16:13:18.331803,99,97599,31.966595,35.886593,245.6,0,58-97599,🟢 MOVING,9.77087673057027
2026-01-23T16:13:18.331803,99,11014,31.952951,35.890392,117,0,58-11014,🟢 MOVING,14.355220867480215
2026-01-23T16:13:18.331803,99,61004,31.945286,35.92874,190.9,0,58-61004,🛑 PARKED (EXTREME),0.0
2026-01-23T16:13:18.331803,99,69779,31.946125,35.92783,101.9,0,58-69779,🛑 PARKED (EXTREME),0.0
2026-01-23T16:13:18.331803,99,88230,31.99991,36.013805,326.39,0,58-88230,🛑 PARKED (EXTREME),0.0
2026-01-23T16:13:51.448847,99,47376,32.020813,35.842716,291,0,58-47376,🛑 PARKED (EXTREME),0.0
2026-01-23T16:13:51.448847,99,10987,32.0209,35.84264,0,0,58-10987,🛑 PARKED (EXTREME),0.0
2026-01-23T16:13:51.448847,99,11924,32.010456,35.871002,165.2,0,58-11924,🟢 MOVING,15.345158559244277
2026-01-23T16:13:51.448847,99,93341,31.985273,35.89826,66,0,58-93341,🟢 MOVING,0.9519578123016061
2026-01-23T16:13:51.448847,99,97599,31.964554,35.88406,217.4,0,58-97599,🟢 MOVING,9.920428925158799
2026-01-23T16:13:51.448847,99,11014,31.951773,35.896027,87,0,58-11014,🟢 MOVING,16.4828880920261
2026-01-23T16:13:51.448847,99,61004,31.945286,35.92874,190.9,0,58-61004,🛑 PARKED (EXTREME),0.0
2026-01-23T16:13:51.448847,99,88230,31.99991,36.013805,326.39,0,58-88230,🛑 PARKED (EXTREME),0.0
2026-01-23T16:14:28.316237,99,11529,32.02081,35.842667,0,0,58-11529,🆕 NEW,0.0
2026-01-23T16:14:28.316237,99,47376,32.020813,35.842716,291,0,58-47376,🛑 PARKED (EXTREME),0.0
2026-01-23T16:14:28.316237,99,10987,32.02166,35.843433,48.98,0,58-10987,🟢 MOVING,3.050597751991364
2026-01-23T16:14:28.316237,99,11924,32.005444,35.873104,151.9,0,58-11924,🟢 MOVING,15.992353803089697
2026-01-23T16:14:28.316237,99,93341,31.985449,35.897247,224.1,0,58-93341,🟢 MOVING,2.636725409786609
2026-01-23T16:14:28.316237,99,97599,31.964565,35.884052,217.7,0,58-97599,🟡 STOPPED (BOARDING?),0.0
2026-01-23T16:14:28.316237,99,11014,31.950115,35.9018,133,0,58-11014,🟢 MOVING,15.547036899503906
2026-01-23T16:14:28.316237,99,61004,31.945286,35.92874,190.9,0,58-61004,🛑 PARKED (EXTREME),0.0
2026-01-23T16:14:28.316237,99,88230,31.99991,36.013805,326.39,0,58-88230,🛑 PARKED (EXTREME),0.0
2026-01-23T16:15:09.594289,99,67678,32.020817,35.842716,320.8,0,58-67678,🆕 NEW,0.0
2026-01-23T16:15:09.594289,99,11529,32.02081,35.842667,0,0,58-11529,🛑 PARKED (EXTREME),0.0
2026-01-23T16:15:09.594289,99,47376,32.020813,35.842716,291,0,58-47376,🛑 PARKED (EXTREME),0.0
2026-01-23T16:15:09.594289,99,10987,32.02281,35.84726,71.69,0,58-10987,🟢 MOVING,9.315074504427445
2026-01-23T16:15:09.594289,99,11924,32.005035,35.873363,145.1,0,58-11924,🟢 MOVING,1.2562045926911045
2026-01-23T16:15:09.594289,99,93341,31.98366,35.895214,222,0,58-93341,🟢 MOVING,6.723571671150636
2026-01-23T16:15:09.594289,99,97599,31.961466,35.88155,212.2,0,58-97599,🟢 MOVING,10.164213780394666
2026-01-23T16:15:09.594289,99,11014,31.946365,35.90544,129.1,0,58-11014,🟢 MOVING,13.14599396644397
2026-01-23T16:15:09.594289,99,61004,31.945286,35.92874,190.9,0,58-61004,🛑 PARKED (EXTREME),0.0
2026-01-23T16:15:09.594289,99,88230,31.99991,36.013805,326.39,0,58-88230,🛑 PARKED (EXTREME),0.0
2026-01-23T16:15:46.668866,99,67678,32.020817,35.842716,320.8,0,58-67678,🛑 PARKED (EXTREME),0.0
2026-01-23T16:15:46.668866,99,11529,32.02081,35.842667,0,0,58-11529,🛑 PARKED (EXTREME),0.0
2026-01-23T16:15:46.668866,99,47376,32.020813,35.842716,291,0,58-47376,🛑 PARKED (EXTREME),0.0
2026-01-23T16:15:46.668866,99,10987,32.02389,35.851032,71.06,0,58-10987,🟢 MOVING,10.09861716266179
2026-01-23T16:15:46.668866,99,11924,32.004974,35.87342,149,0,58-11924,🟢 MOVING,0.23283318764001748
2026-01-23T16:15:46.668866,99,93341,31.981617,35.892815,223.1,0,58-93341,🟢 MOVING,8.626207442868376
2026-01-23T16:15:46.668866,99,97599,31.95839,35.879253,208.5,0,58-97599,🟢 MOVING,10.893533919827737
2026-01-23T16:15:46.668866,99,11014,31.946627,35.909485,64.3,0,58-11014,🟢 MOVING,10.298079653669314
2026-01-23T16:15:46.668866,99,61004,31.945286,35.92874,190.9,0,58-61004,🛑 PARKED (EXTREME),0.0
2026-01-23T16:15:46.668866,99,88230,31.99991,36.013805,326.39,0,58-88230,🛑 PARKED (EXTREME),0.0
2026-01-23T16:16:24.758679,99,67678,32.020817,35.842716,320.8,0,58-67678,🛑 PARKED (EXTREME),0.0
2026-01-23T16:16:24.758679,99,11529,32.02081,35.842667,0,0,58-11529,🛑 PARKED (EXTREME),0.0
2026-01-23T16:16:24.758679,99,47376,32.020813,35.842716,291,0,58-47376,🛑 PARKED (EXTREME),0.0
2026-01-23T16:16:24.758679,99,10987,32.024715,35.85418,0,0,58-10987,🟢 MOVING,8.130223100880555
2026-01-23T16:16:24.758679,99,11924,31.999756,35.878773,126.7,0,58-11924,🟢 MOVING,20.129925815142176
2026-01-23T16:16:24.758679,99,93341,31.977818,35.888855,217,0,58-93341,🟢 MOVING,14.7593831141061
2026-01-23T16:16:24.758679,99,97599,31.957712,35.879665,122.3,0,58-97599,🟢 MOVING,2.22016859806495
2026-01-23T16:16:24.758679,99,11014,31.948223,35.914066,79.4,0,58-11014,🟢 MOVING,12.230117431526432
2026-01-23T16:16:24.758679,99,88230,31.99991,36.013805,326.39,0,58-88230,🛑 PARKED (EXTREME),0.0
2026-01-23T16:16:56.512020,99,67678,32.020817,35.842716,320.8,0,58-67678,🛑 PARKED (EXTREME),0.0
2026-01-23T16:16:56.512020,99,11529,32.02081,35.842667,0,0,58-11529,🛑 PARKED (EXTREME),0.0
2026-01-23T16:16:56.512020,99,47376,32.020813,35.842716,291,0,58-47376,🛑 PARKED (EXTREME),0.0
2026-01-23T16:16:56.512020,99,10987,32.024715,35.85418,0,0,58-10987,🟡 STOPPED (BOARDING?),0.0
2026-01-23T16:16:56.512020,99,11924,31.997988,35.881596,128.9,0,58-11924,🟢 MOVING,10.456511763479915
2026-01-23T16:16:56.512020,99,93341,31.977621,35.88864,217.1,0,58-93341,🟢 MOVING,0.9432127966432081
2026-01-23T16:16:56.512020,99,97599,31.95537,35.88396,119.9,0,58-97599,🟢 MOVING,15.219518061541606
2026-01-23T16:16:56.512020,99,11014,31.94823,35.914852,90.6,0,58-11014,🟢 MOVING,2.3433968120122963
2026-01-23T16:16:56.512020,99,88230,31.99991,36.013805,326.39,0,58-88230,🛑 PARKED (EXTREME),0.0
2026-01-23T16:17:31.930012,99,67678,32.020817,35.842716,320.8,0,58-67678,🛑 PARKED (EXTREME),0.0
2026-01-23T16:17:31.930012,99,11529,32.02081,35.842667,0,0,58-11529,🛑 PARKED (EXTREME),0.0
2026-01-23T16:17:31.930012,99,47376,32.020813,35.842716,291,0,58-47376,🛑 PARKED (EXTREME),0.0
2026-01-23T16:17:31.930012,99,10987,32.02472,35.854874,86.35,0,58-10987,🟢 MOVING,1.857608506240177
2026-01-23T16:17:31.930012,99,11924,31.995878,35.884933,126.5,0,58-11924,🟢 MOVING,11.144361882119284
2026-01-23T16:17:31.930012,99,93341,31.975882,35.88749,205,0,58-93341,🟢 MOVING,6.29421943190003
2026-01-23T16:17:31.930012,99,97599,31.955185,35.884388,120.1,0,58-97599,🟢 MOVING,1.2865131309506963
2026-01-23T16:17:31.930012,99,11014,31.94823,35.914856,90.6,0,58-11014,🟡 STOPPED (BOARDING?),0.0
2026-01-23T16:17:31.930012,99,88230,31.99991,36.013805,326.39,0,58-88230,🛑 PARKED (EXTREME),0.0
2026-01-23T16:18:07.142655,99,67678,32.020817,35.842716,320.8,0,58-67678,🛑 PARKED (EXTREME),0.0
2026-01-23T16:18:07.142655,99,11529,32.02081,35.842667,0,0,58-11529,🛑 PARKED (EXTREME),0.0
2026-01-23T16:18:07.142655,99,47376,32.020813,35.842716,291,0,58-47376,🛑 PARKED (EXTREME),0.0
2026-01-23T16:18:07.142655,99,10987,32.024708,35.855507,97.76,0,58-10987,🟢 MOVING,1.6779726923449068
2026-01-23T16:18:07.142655,99,11924,31.995296,35.885876,126.6,0,58-11924,🟢 MOVING,3.091789141647528
2026-01-23T16:18:07.142655,99,93341,31.974678,35.88683,202,0,58-93341,🟢 MOVING,4.150923211711786
2026-01-23T16:18:07.142655,99,97599,31.952896,35.890575,115.9,0,58-97599,🟢 MOVING,17.903030972295333
2026-01-23T16:18:07.142655,99,11014,31.947912,35.915775,126.2,0,58-11014,🟢 MOVING,2.632677331558167
2026-01-23T16:18:07.142655,99,88230,31.99991,36.013805,326.39,0,58-88230,🛑 PARKED (EXTREME),0.0
2026-01-23T16:18:46.008630,99,67678,32.020817,35.842716,320.8,0,58-67678,🛑 PARKED (EXTREME),0.0
2026-01-23T16:18:46.008630,99,11529,32.02081,35.842667,0,0,58-11529,🛑 PARKED (EXTREME),0.0
2026-01-23T16:18:46.008630,99,47376,32.020813,35.842716,291,0,58-47376,🛑 PARKED (EXTREME),0.0
2026-01-23T16:18:46.008630,99,10987,32.023296,35.85931,131.01,0,58-10987,🟢 MOVING,10.08063503507885
2026-01-23T16:18:46.008630,99,11924,31.992996,35.889465,127.6,0,58-11924,🟢 MOVING,10.926025685407838
2026-01-23T16:18:46.008630,99,93341,31.972069,35.88628,182.3,0,58-93341,🟢 MOVING,7.590429851144301
2026-01-23T16:18:46.008630,99,97599,31.951752,35.8955,85.8,0,58-97599,🟢 MOVING,12.408017250382375
2026-01-23T16:18:46.008630,99,11014,31.947208,35.91693,125.6,0,58-11014,🟢 MOVING,3.455859074034763
2026-01-23T16:18:46.008630,99,88230,31.99991,36.013805,326.39,0,58-88230,🛑 PARKED (EXTREME),0.0
2026-01-23T16:19:22.641468,99,67678,32.020817,35.842716,320.8,0,58-67678,🛑 PARKED (EXTREME),0.0
2026-01-23T16:19:22.641468,99,11529,32.02081,35.842667,0,0,58-11529,🛑 PARKED (EXTREME),0.0
2026-01-23T16:19:22.641468,99,47376,32.020813,35.842716,291,0,58-47376,🛑 PARKED (EXTREME),0.0
2026-01-23T16:19:22.641468,99,10987,32.02154,35.86149,134.03,0,58-10987,🟢 MOVING,7.75812541219664
2026-01-23T16:19:22.641468,99,11924,31.992556,35.89015,129.1,0,58-11924,🟢 MOVING,2.217700435866623
2026-01-23T16:19:22.641468,99,93341,31.967352,35.88691,168.7,0,58-93341,🟢 MOVING,14.44591810406479
2026-01-23T16:19:22.641468,99,97599,31.95109,35.900368,119.9,0,58-97599,🟢 MOVING,12.729688285990344
2026-01-23T16:19:22.641468,99,11014,31.946066,35.92373,70.5,0,58-11014,🟢 MOVING,17.899251575923458
2026-01-23T16:19:22.641468,99,88230,31.99991,36.013805,326.39,0,58-88230,🛑 PARKED (EXTREME),0.0
2026-01-23T16:20:01.815928,99,67678,32.020817,35.842716,320.8,0,58-67678,🛑 PARKED (EXTREME),0.0
2026-01-23T16:20:01.815928,99,11529,32.02081,35.842667,0,0,58-11529,🛑 PARKED (EXTREME),0.0
2026-01-23T16:20:01.815928,99,47376,32.020813,35.842716,291,0,58-47376,🛑 PARKED (EXTREME),0.0
2026-01-23T16:20:01.815928,99,10987,32.01894,35.86457,138.46,0,58-10987,🟢 MOVING,10.489310112054216
2026-01-23T16:20:01.815928,99,11924,31.992477,35.89028,125.8,0,58-11924,🟢 MOVING,0.38608383964391324
2026-01-23T16:20:01.815928,99,93341,31.966986,35.886986,164.9,0,58-93341,🟢 MOVING,1.057846822916289
2026-01-23T16:20:01.815928,99,97599,31.947447,35.904243,143.6,0,58-97599,🟢 MOVING,13.967693944974304
2026-01-23T16:20:01.815928,99,11014,31.9463,35.926697,101.7,0,58-11014,🟢 MOVING,7.196729282931056
2026-01-23T16:20:01.815928,99,88230,31.99991,36.013805,326.39,0,58-88230,🛑 PARKED (EXTREME),0.0
2026-01-23T16:20:37.208193,99,67678,32.020817,35.842716,320.8,0,58-67678,🛑 PARKED (EXTREME),0.0
2026-01-23T16:20:37.208193,99,11529,32.02081,35.842667,0,0,58-11529,🛑 PARKED (EXTREME),0.0
2026-01-23T16:20:37.208193,99,47376,32.020813,35.842716,291,0,58-47376,🛑 PARKED (EXTREME),0.0
2026-01-23T16:20:37.208193,99,10987,32.018345,35.865208,140.28,0,58-10987,🟢 MOVING,2.526786747414181
2026-01-23T16:20:37.208193,99,11924,31.992226,35.89071,127,0,58-11924,🟢 MOVING,1.3911179330353656
2026-01-23T16:20:37.208193,99,93341,31.966206,35.885822,232.1,0,58-93341,🟢 MOVING,3.9541086371047744
2026-01-23T16:20:37.208193,99,97599,31.946123,35.908268,64.3,0,58-97599,🟢 MOVING,11.51089587905157
2026-01-23T16:20:37.208193,99,11014,31.945665,35.92879,155.5,0,58-11014,🟢 MOVING,5.927038707518073
2026-01-23T16:20:37.208193,99,88230,31.99991,36.013805,326.39,0,58-88230,🛑 PARKED (EXTREME),0.0
2026-01-23T16:21:10.691323,99,67678,32.020817,35.842716,320.8,0,58-67678,🛑 PARKED (EXTREME),0.0
2026-01-23T16:21:10.691323,99,11529,32.02081,35.842667,0,0,58-11529,🛑 PARKED (EXTREME),0.0
2026-01-23T16:21:10.691323,99,47376,32.020813,35.842716,291,0,58-47376,🛑 PARKED (EXTREME),0.0
2026-01-23T16:21:10.691323,99,10987,32.018257,35.865295,0,0,58-10987,🟢 MOVING,0.3804609660516759
2026-01-23T16:21:10.691323,99,11924,31.989801,35.893555,138.1,0,58-11924,🟢 MOVING,11.334715610236122
2026-01-23T16:21:10.691323,99,93341,31.964579,35.88404,215.2,0,58-93341,🟢 MOVING,7.35875366816369
2026-01-23T16:21:10.691323,99,97599,31.948135,35.913616,76.8,0,58-97599,🟢 MOVING,16.447379104699145
2026-01-23T16:21:10.691323,99,11014,31.945665,35.92879,155.5,0,58-11014,🛑 PARKED (EXTREME),0.0
2026-01-23T16:21:10.691323,99,88230,31.99991,36.013805,326.39,0,58-88230,🛑 PARKED (EXTREME),0.0
2026-01-23T16:21:49.288137,99,67678,32.020817,35.842716,320.8,0,58-67678,🛑 PARKED (EXTREME),0.0
2026-01-23T16:21:49.288137,99,11529,32.02081,35.842667,0,0,58-11529,🛑 PARKED (EXTREME),0.0
2026-01-23T16:21:49.288137,99,47376,32.021328,35.84301,37.29,0,58-47376,🟢 MOVING,1.639852347860353
2026-01-23T16:21:49.288137,99,10987,32.014645,35.868656,142.88,0,58-10987,🟢 MOVING,13.186502606411768
2026-01-23T16:21:49.288137,99,11924,31.985857,35.89747,143.1,0,58-11924,🟢 MOVING,14.776756305702717
2026-01-23T16:21:49.288137,99,93341,31.964567,35.884056,215.1,0,58-93341,🟡 STOPPED (BOARDING?),0.0
2026-01-23T16:21:49.288137,99,97599,31.948242,35.9149,103.6,0,58-97599,🟢 MOVING,3.1369927293740143
2026-01-23T16:21:49.288137,99,88230,31.99991,36.013805,326.39,0,58-88230,🛑 PARKED (EXTREME),0.0
2026-01-23T16:22:28.008317,99,67678,32.020817,35.842716,320.8,0,58-67678,🛑 PARKED (EXTREME),0.0
2026-01-23T16:22:28.008317,99,11529,32.02081,35.842667,0,0,58-11529,🛑 PARKED (EXTREME),0.0
2026-01-23T16:22:28.008317,99,47376,32.022015,35.844276,71.9,0,58-47376,🟢 MOVING,3.680031170713607
2026-01-23T16:22:28.008317,99,10987,32.014645,35.868656,142.88,0,58-10987,🟡 STOPPED (BOARDING?),0.0
2026-01-23T16:22:28.008317,99,11924,31.985865,35.897484,142.8,0,58-11924,🟡 STOPPED (BOARDING?),0.0
2026-01-23T16:22:28.008317,99,93341,31.963915,35.883495,214.9,0,58-93341,🟢 MOVING,2.331003951433212
2026-01-23T16:22:28.008317,99,97599,31.948029,35.91561,122.3,0,58-97599,🟢 MOVING,1.8456079989599103
2026-01-23T16:22:28.008317,99,88230,31.99991,36.013805,326.39,0,58-88230,🛑 PARKED (EXTREME),0.0
2026-01-23T16:23:07.629574,99,67678,32.020817,35.842716,320.8,0,58-67678,🛑 PARKED (EXTREME),0.0
2026-01-23T16:23:07.629574,99,11529,32.02081,35.842667,0,0,58-11529,🛑 PARKED (EXTREME),0.0
2026-01-23T16:23:07.629574,99,47376,32.02312,35.848213,72.7,0,58-47376,🟢 MOVING,9.872795632024184
2026-01-23T16:23:07.629574,99,10987,32.005272,35.8732,153.02,0,58-10987,🟢 MOVING,28.455387740849087
2026-01-23T16:23:07.629574,99,11924,31.985323,35.8979,133,0,58-11924,🟢 MOVING,1.815800080110443
2026-01-23T16:23:07.629574,99,93341,31.962606,35.88245,212.6,0,58-93341,🟢 MOVING,4.438827869482541
2026-01-23T16:23:07.629574,99,97599,31.94748,35.916504,125,0,58-97599,🟢 MOVING,2.6291018012687624
2026-01-23T16:23:07.629574,99,88230,31.99991,36.013805,326.39,0,58-88230,🛑 PARKED (EXTREME),0.0
2026-01-23T16:23:44.661734,99,69302,32.020844,35.842712,292.2,0,58-69302,🆕 NEW,0.0
2026-01-23T16:23:44.661734,99,67678,32.020817,35.842716,320.8,0,58-67678,🛑 PARKED (EXTREME),0.0
2026-01-23T16:23:44.661734,99,11529,32.02081,35.842667,0,0,58-11529,🛑 PARKED (EXTREME),0.0
2026-01-23T16:23:44.661734,99,47376,32.023182,35.848454,71.8,0,58-47376,🟢 MOVING,0.6399327904227303
2026-01-23T16:23:44.661734,99,10987,32.00453,35.873665,154.03,0,58-10987,🟢 MOVING,2.51825458932512
2026-01-23T16:23:44.661734,99,11924,31.985336,35.89789,132.8,0,58-11924,🟡 STOPPED (BOARDING?),0.0
2026-01-23T16:23:44.661734,99,93341,31.959696,35.880165,213.3,0,58-93341,🟢 MOVING,10.480153134835506
2026-01-23T16:23:44.661734,99,97599,31.946096,35.923836,64.09,0,58-97599,🟢 MOVING,19.103061124528658
2026-01-23T16:23:44.661734,99,88230,31.99991,36.013805,326.39,0,58-88230,🛑 PARKED (EXTREME),0.0
2026-01-23T16:24:22.357567,99,69302,32.020844,35.842712,292.2,0,58-69302,🛑 PARKED (EXTREME),0.0
2026-01-23T16:24:22.357567,99,67678,32.020817,35.842716,320.8,0,58-67678,🛑 PARKED (EXTREME),0.0
2026-01-23T16:24:22.357567,99,11529,32.02081,35.842667,0,0,58-11529,🛑 PARKED (EXTREME),0.0
2026-01-23T16:24:22.357567,99,47376,32.024723,35.854046,73.7,0,58-47376,🟢 MOVING,14.649940532415126
2026-01-23T16:24:22.357567,99,10987,32.000786,35.877327,130.69,0,58-10987,🟢 MOVING,14.294665005754755
2026-01-23T16:24:22.357567,99,11924,31.98567,35.8983,322.1,0,58-11924,🟢 MOVING,1.4169514905692195
2026-01-23T16:24:22.357567,99,93341,31.956915,35.88113,121.9,0,58-93341,🟢 MOVING,8.519303382257682
2026-01-23T16:24:22.357567,99,97599,31.946344,35.92649,101.2,0,58-97599,🟢 MOVING,6.658046689985765
2026-01-23T16:24:22.357567,99,88230,31.99991,36.013805,326.39,0,58-88230,🛑 PARKED (EXTREME),0.0
2026-01-23T16:24:59.651764,99,69302,32.020844,35.842712,292.2,0,58-69302,🛑 PARKED (EXTREME),0.0
2026-01-23T16:24:59.651764,99,67678,32.020817,35.842716,320.8,0,58-67678,🛑 PARKED (EXTREME),0.0
2026-01-23T16:24:59.651764,99,11529,32.02081,35.842667,0,0,58-11529,🛑 PARKED (EXTREME),0.0
2026-01-23T16:24:59.651764,99,47376,32.02472,35.854046,73.7,0,58-47376,🟡 STOPPED (BOARDING?),0.0
2026-01-23T16:24:59.651764,99,10987,31.998604,35.88068,126.33,0,58-10987,🟢 MOVING,10.753392320882812
2026-01-23T16:24:59.651764,99,11924,31.98328,35.89482,227,0,58-11924,🟢 MOVING,11.394694922881731
2026-01-23T16:24:59.651764,99,93341,31.955168,35.884396,122.9,0,58-93341,🟢 MOVING,9.827985592337416
2026-01-23T16:24:59.651764,99,97599,31.946344,35.92649,101.2,0,58-97599,🟡 STOPPED (BOARDING?),0.0
2026-01-23T16:24:59.651764,99,88230,31.99991,36.013805,326.39,0,58-88230,🛑 PARKED (EXTREME),0.0
2026-01-23T16:25:33.696900,99,69302,32.020844,35.842712,292.2,0,58-69302,🛑 PARKED (EXTREME),0.0
2026-01-23T16:25:33.696900,99,67678,32.020817,35.842716,320.8,0,58-67678,🛑 PARKED (EXTREME),0.0
2026-01-23T16:25:33.696900,99,11529,32.02081,35.842667,0,0,58-11529,🛑 PARKED (EXTREME),0.0
2026-01-23T16:25:33.696900,99,47376,32.024673,35.854145,81.3,0,58-47376,🟢 MOVING,0.31600280043212525
2026-01-23T16:25:33.696900,99,10987,31.998325,35.881107,125.5,0,58-10987,🟢 MOVING,1.5015689458253045
2026-01-23T16:25:33.696900,99,11924,31.981161,35.89235,226.1,0,58-11924,🟢 MOVING,9.788015610016673
2026-01-23T16:25:33.696900,99,93341,31.954285,35.887093,112,0,58-93341,🟢 MOVING,8.056675478031774
2026-01-23T16:25:33.696900,99,97599,31.946344,35.92649,101.2,0,58-97599,🟡 STOPPED (BOARDING?),0.0
2026-01-23T16:25:33.696900,99,88230,31.99991,36.013805,326.39,0,58-88230,🛑 PARKED (EXTREME),0.0
2026-01-23T16:26:09.126120,99,69302,32.020844,35.842712,292.2,0,58-69302,🛑 PARKED (EXTREME),0.0
2026-01-23T16:26:09.126120,99,67678,32.020817,35.842716,320.8,0,58-67678,🛑 PARKED (EXTREME),0.0
2026-01-23T16:26:09.126120,99,11529,32.02081,35.842667,0,0,58-11529,🛑 PARKED (EXTREME),0.0
2026-01-23T16:26:09.126120,99,47376,32.024677,35.85414,81.3,0,58-47376,🟡 STOPPED (BOARDING?),0.0
2026-01-23T16:26:09.126120,99,10987,31.995338,35.885754,126.74,0,58-10987,🟢 MOVING,15.386267914956884
2026-01-23T16:26:09.126120,99,11924,31.98007,35.891098,222.1,0,58-11924,🟢 MOVING,4.737234860417295
2026-01-23T16:26:09.126120,99,93341,31.953747,35.88854,117,0,58-93341,🟢 MOVING,4.170701696890979
2026-01-23T16:26:09.126120,99,97599,31.946344,35.92649,101.2,0,58-97599,🟡 STOPPED (BOARDING?),0.0
2026-01-23T16:26:09.126120,99,88230,31.99991,36.013805,326.39,0,58-88230,🛑 PARKED (EXTREME),0.0
2026-01-23T16:26:45.428781,99,69302,32.020844,35.842712,292.2,0,58-69302,🛑 PARKED (EXTREME),0.0
2026-01-23T16:26:45.428781,99,67678,32.020817,35.842716,320.8,0,58-67678,🛑 PARKED (EXTREME),0.0
2026-01-23T16:26:45.428781,99,11529,32.02081,35.842667,0,0,58-11529,🛑 PARKED (EXTREME),0.0
2026-01-23T16:26:45.428781,99,47376,32.0247,35.854126,40.7,0,58-47376,🟡 STOPPED (BOARDING?),0.0
2026-01-23T16:26:45.428781,99,10987,31.99319,35.88915,127.19,0,58-10987,🟢 MOVING,10.953851750680073
2026-01-23T16:26:45.428781,99,11924,31.978193,35.88917,217.6,0,58-11924,🟢 MOVING,7.5898385868036975
2026-01-23T16:26:45.428781,99,93341,31.953283,35.88967,116.7,0,58-93341,🟢 MOVING,3.247359199847135
2026-01-23T16:26:45.428781,99,97599,31.946344,35.92649,101.2,0,58-97599,🟡 STOPPED (BOARDING?),0.0
2026-01-23T16:26:45.428781,99,88230,31.99991,36.013805,326.39,0,58-88230,🛑 PARKED (EXTREME),0.0
2026-01-23T16:27:17.109383,99,69302,32.020844,35.842712,292.2,0,58-69302,🛑 PARKED (EXTREME),0.0
2026-01-23T16:27:17.109383,99,67678,32.020817,35.842716,320.8,0,58-67678,🛑 PARKED (EXTREME),0.0
2026-01-23T16:27:17.109383,99,11529,32.02081,35.842667,0,0,58-11529,🛑 PARKED (EXTREME),0.0
2026-01-23T16:27:17.109383,99,47376,32.024754,35.855206,84.6,0,58-47376,🟢 MOVING,3.2450882291030037
2026-01-23T16:27:17.109383,99,10987,31.992447,35.89031,0,0,58-10987,🟢 MOVING,4.36172477987269
2026-01-23T16:27:17.109383,99,11924,31.977627,35.888657,217.9,0,58-11924,🟢 MOVING,2.525858483022564
2026-01-23T16:27:17.109383,99,93341,31.951729,35.894093,96.3,0,58-93341,🟢 MOVING,14.370520466426695
2026-01-23T16:27:17.109383,99,97599,31.946344,35.92649,101.2,0,58-97599,🟡 STOPPED (BOARDING?),0.0
2026-01-23T16:27:17.109383,99,88230,31.99991,36.013805,326.39,0,58-88230,🛑 PARKED (EXTREME),0.0
2026-01-23T16:27:51.537493,99,69302,32.020844,35.842712,292.2,0,58-69302,🛑 PARKED (EXTREME),0.0
2026-01-23T16:27:51.537493,99,67678,32.020817,35.842716,320.8,0,58-67678,🛑 PARKED (EXTREME),0.0
2026-01-23T16:27:51.537493,99,11529,32.02081,35.842667,0,0,58-11529,🛑 PARKED (EXTREME),0.0
2026-01-23T16:27:51.537493,99,47376,32.023743,35.858727,125.9,0,58-47376,🟢 MOVING,10.102675758020519
2026-01-23T16:27:51.537493,99,10987,31.99185,35.891228,127.81,0,58-10987,🟢 MOVING,3.1448953167377622
2026-01-23T16:27:51.537493,99,11924,31.977633,35.888634,217.6,0,58-11924,🟡 STOPPED (BOARDING?),0.0
2026-01-23T16:27:51.537493,99,93341,31.951353,35.899685,113.3,0,58-93341,🟢 MOVING,15.25676126338806
2026-01-23T16:27:51.537493,99,97599,31.946344,35.92649,101.2,0,58-97599,🟡 STOPPED (BOARDING?),0.0
2026-01-23T16:27:51.537493,99,88230,31.99991,36.013805,326.39,0,58-88230,🛑 PARKED (EXTREME),0.0
2026-01-23T16:28:23.470446,99,69302,32.020844,35.842712,292.2,0,58-69302,🛑 PARKED (EXTREME),0.0
2026-01-23T16:28:23.470446,99,67678,32.020817,35.842716,320.8,0,58-67678,🛑 PARKED (EXTREME),0.0
2026-01-23T16:28:23.470446,99,11529,32.02081,35.842667,0,0,58-11529,🛑 PARKED (EXTREME),0.0
2026-01-23T16:28:23.470446,99,47376,32.022156,35.86072,132.6,0,58-47376,🟢 MOVING,8.16779179073788
2026-01-23T16:28:23.470446,99,10987,31.988676,35.894714,138.34,0,58-10987,🟢 MOVING,15.283621827303605
2026-01-23T16:28:23.470446,99,11924,31.975899,35.88747,208.6,0,58-11924,🟢 MOVING,7.030682084462794
2026-01-23T16:28:23.470446,99,93341,31.945492,35.90681,126,0,58-93341,🟢 MOVING,29.6684501956375
2026-01-23T16:28:23.470446,99,97599,31.946344,35.92649,101.2,0,58-97599,🟡 STOPPED (BOARDING?),0.0
2026-01-23T16:28:23.470446,99,88230,31.99991,36.013805,326.39,0,58-88230,🛑 PARKED (EXTREME),0.0
2026-01-23T16:28:56.906024,99,69302,32.020844,35.842712,292.2,0,58-69302,🛑 PARKED (EXTREME),0.0
2026-01-23T16:28:56.906024,99,67678,32.020817,35.842716,320.8,0,58-67678,🛑 PARKED (EXTREME),0.0
2026-01-23T16:28:56.906024,99,11529,32.02081,35.842667,0,0,58-11529,🛑 PARKED (EXTREME),0.0
2026-01-23T16:28:56.906024,99,47376,32.02099,35.862206,134.4,0,58-47376,🟢 MOVING,5.6870298978952585
2026-01-23T16:28:56.906024,99,10987,31.987316,35.896038,145.63,0,58-10987,🟢 MOVING,5.842883316629258
2026-01-23T16:28:56.906024,99,11924,31.973385,35.886475,188.9,0,58-11924,🟢 MOVING,8.785368506387695
2026-01-23T16:28:56.906024,99,93341,31.946056,35.908157,64.8,0,58-93341,🟢 MOVING,4.222470067267845
2026-01-23T16:28:56.906024,99,97599,31.946344,35.92649,101.2,0,58-97599,🟡 STOPPED (BOARDING?),0.0
2026-01-23T16:28:56.906024,99,88230,31.99991,36.013805,326.39,0,58-88230,🛑 PARKED (EXTREME),0.0
2026-01-23T16:29:30.525539,99,69302,32.020844,35.842712,292.2,0,58-69302,🛑 PARKED (EXTREME),0.0
2026-01-23T16:29:30.525539,99,67678,32.020817,35.842716,320.8,0,58-67678,🛑 PARKED (EXTREME),0.0
2026-01-23T16:29:30.525539,99,11529,32.02081,35.842667,0,0,58-11529,🛑 PARKED (EXTREME),0.0
2026-01-23T16:29:30.525539,99,47376,32.018856,35.864716,135.4,0,58-47376,🟢 MOVING,10.028656400207149
2026-01-23T16:29:30.525539,99,10987,31.985872,35.897415,0,0,58-10987,🟢 MOVING,6.180010615113728
2026-01-23T16:29:30.525539,99,11924,31.971888,35.88625,183.4,0,58-11924,🟢 MOVING,5.02172870572857
2026-01-23T16:29:30.525539,99,93341,31.94825,35.914288,82,0,58-93341,🟢 MOVING,18.787883059422626
2026-01-23T16:29:30.525539,99,97599,31.946344,35.92649,101.2,0,58-97599,🟡 STOPPED (BOARDING?),0.0
2026-01-23T16:29:30.525539,99,88230,31.99991,36.013805,326.39,0,58-88230,🛑 PARKED (EXTREME),0.0
2026-01-23T16:30:10.730499,99,69302,32.020844,35.842712,292.2,0,58-69302,🛑 PARKED (EXTREME),0.0
2026-01-23T16:30:10.730499,99,67678,32.020817,35.842716,320.8,0,58-67678,🛑 PARKED (EXTREME),0.0
2026-01-23T16:30:10.730499,99,11529,32.021404,35.84314,44.4,0,58-11529,🟢 MOVING,1.962777838886498
2026-01-23T16:30:10.730499,99,47376,32.018852,35.86472,134.69,0,58-47376,🟡 STOPPED (BOARDING?),0.0
2026-01-23T16:30:10.730499,99,10987,31.985872,35.897415,0,0,58-10987,🟡 STOPPED (BOARDING?),0.0
2026-01-23T16:30:10.730499,99,11924,31.968285,35.886696,167.3,0,58-11924,🟢 MOVING,9.921492747558439
2026-01-23T16:30:10.730499,99,93341,31.947987,35.91563,125.4,0,58-93341,🟢 MOVING,3.2006239786430934
2026-01-23T16:30:10.730499,99,97599,31.946344,35.92649,101.2,0,58-97599,🟡 STOPPED (BOARDING?),0.0
2026-01-23T16:30:10.730499,99,88230,31.99991,36.013805,326.39,0,58-88230,🛑 PARKED (EXTREME),0.0
2026-01-23T16:30:51.312196,99,69302,32.020844,35.842712,292.2,0,58-69302,🛑 PARKED (EXTREME),0.0
2026-01-23T16:30:51.312196,99,67678,32.020817,35.842716,320.8,0,58-67678,🛑 PARKED (EXTREME),0.0
2026-01-23T16:30:51.312196,99,11529,32.02259,35.84647,73.23,0,58-11529,🟢 MOVING,8.468443426142624
2026-01-23T16:30:51.312196,99,47376,32.01817,35.865383,140.19,0,58-47376,🟢 MOVING,2.443771593471447
2026-01-23T16:30:51.312196,99,10987,31.985378,35.897892,0,0,58-10987,🟢 MOVING,1.7655582190170442
2026-01-23T16:30:51.312196,99,11924,31.966982,35.886974,170.1,0,58-11924,🟢 MOVING,3.661370609573603
2026-01-23T16:30:51.312196,99,93341,31.947744,35.91606,123.6,0,58-93341,🟢 MOVING,1.2121345865092592
2026-01-23T16:30:51.312196,99,97599,31.946344,35.92649,101.2,0,58-97599,🟡 STOPPED (BOARDING?),0.0
2026-01-23T16:30:51.312196,99,88230,31.99991,36.013805,326.39,0,58-88230,🛑 PARKED (EXTREME),0.0
2026-01-23T16:31:28.742825,99,69302,32.020844,35.842712,292.2,0,58-69302,🛑 PARKED (EXTREME),0.0
2026-01-23T16:31:28.742825,99,67678,32.020817,35.842716,320.8,0,58-67678,🛑 PARKED (EXTREME),0.0
2026-01-23T16:31:28.742825,99,11529,32.023766,35.850613,69.97,0,58-11529,🟢 MOVING,10.959780746719352
2026-01-23T16:31:28.742825,99,47376,32.015446,35.867905,143.9,0,58-47376,🟢 MOVING,10.24770689392566
2026-01-23T16:31:28.742825,99,10987,31.985493,35.898438,355.83,0,58-10987,🟢 MOVING,1.4120198952202108
2026-01-23T16:31:28.742825,99,11924,31.964579,35.884056,218.4,0,58-11924,🟢 MOVING,10.209087505362325
2026-01-23T16:31:28.742825,99,93341,31.945993,35.92351,67.7,0,58-93341,🟢 MOVING,19.41086947627241
2026-01-23T16:31:28.742825,99,97599,31.946344,35.92649,101.2,0,58-97599,🟡 STOPPED (BOARDING?),0.0
2026-01-23T16:31:28.742825,99,88230,31.99991,36.013805,326.39,0,58-88230,🛑 PARKED (EXTREME),0.0
2026-01-23T16:32:05.306735,99,69302,32.020844,35.842712,292.2,0,58-69302,🛑 PARKED (EXTREME),0.0
2026-01-23T16:32:05.306735,99,67678,32.020817,35.842716,320.8,0,58-67678,🛑 PARKED (EXTREME),0.0
2026-01-23T16:32:05.306735,99,11529,32.024673,35.85403,0,0,58-11529,🟢 MOVING,9.207674038796966
2026-01-23T16:32:05.306735,99,47376,32.01503,35.868263,138.4,0,58-47376,🟢 MOVING,1.5619969239368348
2026-01-23T16:32:05.306735,99,10987,31.984701,35.89642,224.75,0,58-10987,🟢 MOVING,5.720505970837363
2026-01-23T16:32:05.306735,99,11924,31.964567,35.884064,218.4,0,58-11924,🟡 STOPPED (BOARDING?),0.0
2026-01-23T16:32:05.306735,99,93341,31.9463,35.924835,81.9,0,58-93341,🟢 MOVING,3.535088487200759
2026-01-23T16:32:05.306735,99,97599,31.946344,35.92649,101.2,0,58-97599,🟡 STOPPED (BOARDING?),0.0
2026-01-23T16:32:05.306735,99,88230,31.99991,36.013805,326.39,0,58-88230,🛑 PARKED (EXTREME),0.0
2026-01-23T16:32:40.992400,99,69302,32.020844,35.842712,292.2,0,58-69302,🛑 PARKED (EXTREME),0.0
2026-01-23T16:32:40.992400,99,67678,32.020817,35.842716,320.8,0,58-67678,🛑 PARKED (EXTREME),0.0
2026-01-23T16:32:40.992400,99,11529,32.024696,35.85466,86.24,0,58-11529,🟢 MOVING,1.6716650794238213
2026-01-23T16:32:40.992400,99,47376,32.01124,35.870712,162.1,0,58-47376,🟢 MOVING,13.512770805652417
2026-01-23T16:32:40.992400,99,10987,31.982775,35.894337,226.08,0,58-10987,🟢 MOVING,8.172223708270883
2026-01-23T16:32:40.992400,99,11924,31.963638,35.883232,216.8,0,58-11924,🟢 MOVING,3.6481139381900722
2026-01-23T16:32:40.992400,99,93341,31.946268,35.926865,99.5,0,58-93341,🟢 MOVING,5.3869401318539
2026-01-23T16:32:40.992400,99,97599,31.946344,35.92649,101.2,0,58-97599,🟡 STOPPED (BOARDING?),0.0
2026-01-23T16:32:40.992400,99,88230,31.99991,36.013805,326.39,0,58-88230,🛑 PARKED (EXTREME),0.0
2026-01-23T16:33:12.359205,99,59779,32.020805,35.84273,283.7,0,58-59779,🆕 NEW,0.0
2026-01-23T16:33:12.359205,99,69302,32.020844,35.842712,292.2,0,58-69302,🛑 PARKED (EXTREME),0.0
2026-01-23T16:33:12.359205,99,67678,32.020817,35.842716,320.8,0,58-67678,🛑 PARKED (EXTREME),0.0
2026-01-23T16:33:12.359205,99,11529,32.02472,35.854874,0,0,58-11529,🟢 MOVING,0.6518641343262446
2026-01-23T16:33:12.359205,99,47376,32.007107,35.872227,160.8,0,58-47376,🟢 MOVING,15.415927820419686
2026-01-23T16:33:12.359205,99,10987,31.980257,35.891396,222.26,0,58-10987,🟢 MOVING,12.62424207211648
2026-01-23T16:33:12.359205,99,11924,31.961948,35.881893,212.2,0,58-11924,🟢 MOVING,7.252654417158362
2026-01-23T16:33:12.359205,99,93341,31.946268,35.926865,99.5,0,58-93341,🟡 STOPPED (BOARDING?),0.0
2026-01-23T16:33:12.359205,99,97599,31.946344,35.92649,101.2,0,58-97599,🟡 STOPPED (BOARDING?),0.0
2026-01-23T16:33:12.359205,99,88230,31.99991,36.013805,326.39,0,58-88230,🛑 PARKED (EXTREME),0.0
2026-01-23T16:33:53.140520,99,59779,32.020805,35.84273,283.7,0,58-59779,🛑 PARKED (EXTREME),0.0
2026-01-23T16:33:53.140520,99,69302,32.020844,35.842712,292.2,0,58-69302,🛑 PARKED (EXTREME),0.0
2026-01-23T16:33:53.140520,99,67678,32.020817,35.842716,320.8,0,58-67678,🛑 PARKED (EXTREME),0.0
2026-01-23T16:33:53.140520,99,11529,32.023895,35.858368,120.33,0,58-11529,🟢 MOVING,8.391885629169686
2026-01-23T16:33:53.140520,99,47376,32.004963,35.87339,149.1,0,58-47376,🟢 MOVING,6.4399814518170455
2026-01-23T16:33:53.140520,99,10987,31.97676,35.88808,210.34,0,58-10987,🟢 MOVING,12.247357505398535
2026-01-23T16:33:53.140520,99,11924,31.958694,35.879414,211,0,58-11924,🟢 MOVING,10.573635298449398
2026-01-23T16:33:53.140520,99,93341,31.946268,35.926865,99.5,0,58-93341,🟡 STOPPED (BOARDING?),0.0
2026-01-23T16:33:53.140520,99,97599,31.946344,35.92649,101.2,0,58-97599,🟡 STOPPED (BOARDING?),0.0
2026-01-23T16:33:53.140520,99,88230,31.99991,36.013805,326.39,0,58-88230,🛑 PARKED (EXTREME),0.0
2026-01-23T16:34:33.496735,99,59779,32.020805,35.84273,283.7,0,58-59779,🛑 PARKED (EXTREME),0.0
2026-01-23T16:34:33.496735,99,69302,32.020844,35.842712,292.2,0,58-69302,🛑 PARKED (EXTREME),0.0
2026-01-23T16:34:33.496735,99,67678,32.020817,35.842716,320.8,0,58-67678,🛑 PARKED (EXTREME),0.0
2026-01-23T16:34:33.496735,99,11529,32.02231,35.86052,0,0,58-11529,🟢 MOVING,6.595951928840884
2026-01-23T16:34:33.496735,99,47376,32.002216,35.875614,138.19,0,58-47376,🟢 MOVING,9.094414814686887
2026-01-23T16:34:33.496735,99,10987,31.975975,35.887604,0,0,58-10987,🟢 MOVING,2.4093314495987084
2026-01-23T16:34:33.496735,99,11924,31.95591,35.882923,123.7,0,58-11924,🟢 MOVING,11.124909555886713
2026-01-23T16:34:33.496735,99,93341,31.946268,35.926865,99.5,0,58-93341,🟡 STOPPED (BOARDING?),0.0
2026-01-23T16:34:33.496735,99,88230,31.99991,36.013805,326.39,0,58-88230,🛑 PARKED (EXTREME),0.0
2026-01-23T16:35:11.468504,99,59779,32.020805,35.84273,283.7,0,58-59779,🛑 PARKED (EXTREME),0.0
2026-01-23T16:35:11.468504,99,69302,32.020844,35.842712,292.2,0,58-69302,🛑 PARKED (EXTREME),0.0
2026-01-23T16:35:11.468504,99,67678,32.020817,35.842716,320.8,0,58-67678,🛑 PARKED (EXTREME),0.0
2026-01-23T16:35:11.468504,99,11529,32.01844,35.865078,139.43,0,58-11529,🟢 MOVING,16.052034979993536
2026-01-23T16:35:11.468504,99,47376,31.999386,35.87943,126.1,0,58-47376,🟢 MOVING,12.617625428944907
2026-01-23T16:35:11.468504,99,10987,31.975595,35.887383,205.01,0,58-10987,🟢 MOVING,1.2436439775538701
2026-01-23T16:35:11.468504,99,11924,31.954239,35.887188,112,0,58-11924,🟢 MOVING,11.698602688340683
2026-01-23T16:35:11.468504,99,93341,31.946268,35.926865,99.5,0,58-93341,🟡 STOPPED (BOARDING?),0.0
2026-01-23T16:35:11.468504,99,88230,31.99991,36.013805,326.39,0,58-88230,🛑 PARKED (EXTREME),0.0
2026-01-23T16:35:47.030900,99,59779,32.020805,35.84273,283.7,0,58-59779,🛑 PARKED (EXTREME),0.0
2026-01-23T16:35:47.030900,99,69302,32.020844,35.842712,292.2,0,58-69302,🛑 PARKED (EXTREME),0.0
2026-01-23T16:35:47.030900,99,67678,32.020817,35.842716,320.8,0,58-67678,🛑 PARKED (EXTREME),0.0
2026-01-23T16:35:47.030900,99,11529,32.018185,35.865334,0,0,58-11529,🟢 MOVING,1.0404705025934957
2026-01-23T16:35:47.030900,99,47376,31.998001,35.881577,125.7,0,58-47376,🟢 MOVING,7.108000055733245
2026-01-23T16:35:47.030900,99,10987,31.967094,35.886974,170.54,0,58-10987,🟢 MOVING,26.435249744607077
2026-01-23T16:35:47.030900,99,11924,31.953873,35.888153,112.5,0,58-11924,🟢 MOVING,2.786600067183217
2026-01-23T16:35:47.030900,99,93341,31.946268,35.926865,99.5,0,58-93341,🟡 STOPPED (BOARDING?),0.0
2026-01-23T16:35:47.030900,99,88230,31.99991,36.013805,326.39,0,58-88230,🛑 PARKED (EXTREME),0.0
2026-01-23T16:36:26.506128,99,59779,32.020805,35.84273,283.7,0,58-59779,🛑 PARKED (EXTREME),0.0
2026-01-23T16:36:26.506128,99,69302,32.020844,35.842712,292.2,0,58-69302,🛑 PARKED (EXTREME),0.0
2026-01-23T16:36:26.506128,99,67678,32.020817,35.842716,320.8,0,58-67678,🛑 PARKED (EXTREME),0.0
2026-01-23T16:36:26.506128,99,11529,32.01712,35.86632,141.77,0,58-11529,🟢 MOVING,3.7810580348679586
2026-01-23T16:36:26.506128,99,47376,31.995363,35.885765,125,0,58-47376,🟢 MOVING,12.355340445886153
2026-01-23T16:36:26.506128,99,10987,31.966734,35.886574,245.48,0,58-10987,🟢 MOVING,1.3815884049500708
2026-01-23T16:36:26.506128,99,11924,31.952105,35.892437,113,0,58-11924,🟢 MOVING,11.288041582698407
2026-01-23T16:36:26.506128,99,93341,31.946268,35.926865,99.5,0,58-93341,🟡 STOPPED (BOARDING?),0.0
2026-01-23T16:36:26.506128,99,88230,31.99991,36.013805,326.39,0,58-88230,🛑 PARKED (EXTREME),0.0
2026-01-23T16:37:03.548002,99,59779,32.020805,35.84273,283.7,0,58-59779,🛑 PARKED (EXTREME),0.0
2026-01-23T16:37:03.548002,99,69302,32.021786,35.842598,0,0,58-69302,🟢 MOVING,2.892330009225777
2026-01-23T16:37:03.548002,99,67678,32.020817,35.842716,320.8,0,58-67678,🛑 PARKED (EXTREME),0.0
2026-01-23T16:37:03.548002,99,11529,32.0151,35.86817,0,0,58-11529,🟢 MOVING,7.810779055097005
2026-01-23T16:37:03.548002,99,47376,31.993128,35.88934,127.3,0,58-47376,🟢 MOVING,11.503630167025465
2026-01-23T16:37:03.548002,99,10987,31.964605,35.884083,218.19,0,58-10987,🟢 MOVING,9.161385644454718
2026-01-23T16:37:03.548002,99,11924,31.95163,35.898808,106.3,0,58-11924,🟢 MOVING,16.572958092072618
2026-01-23T16:37:03.548002,99,93341,31.946268,35.926865,99.5,0,58-93341,🟡 STOPPED (BOARDING?),0.0
2026-01-23T16:37:03.548002,99,88230,31.99991,36.013805,326.39,0,58-88230,🛑 PARKED (EXTREME),0.0
2026-01-23T16:37:38.033558,99,25354,32.020836,35.84272,287.89,0,58-25354,🟢 MOVING,4.7395650367021895
2026-01-23T16:37:38.033558,99,59779,32.020805,35.84273,283.7,0,58-59779,🛑 PARKED (EXTREME),0.0
2026-01-23T16:37:38.033558,99,69302,32.021915,35.84231,71.7,0,58-69302,🟢 MOVING,0.8947108030942339
2026-01-23T16:37:38.033558,99,67678,32.020817,35.842716,320.8,0,58-67678,🛑 PARKED (EXTREME),0.0
2026-01-23T16:37:38.033558,99,11529,32.010357,35.87103,165.41,0,58-11529,🟢 MOVING,17.26061916847939
2026-01-23T16:37:38.033558,99,47376,31.99272,35.889965,127.2,0,58-47376,🟢 MOVING,2.1674029071421286
2026-01-23T16:37:38.033558,99,10987,31.963749,35.883366,215.52,0,58-10987,🟢 MOVING,3.402602355290994
2026-01-23T16:37:38.033558,99,11924,31.948284,35.90352,145.9,0,58-11924,🟢 MOVING,16.888708600560122
2026-01-23T16:37:38.033558,99,93341,31.946268,35.926865,99.5,0,58-93341,🟡 STOPPED (BOARDING?),0.0
2026-01-23T16:37:38.033558,99,88230,31.99991,36.013805,326.39,0,58-88230,🛑 PARKED (EXTREME),0.0
2026-01-23T16:38:12.543920,99,25354,32.020836,35.84272,287.89,0,58-25354,🛑 PARKED (EXTREME),0.0
2026-01-23T16:38:12.543920,99,59779,32.020805,35.84273,283.7,0,58-59779,🛑 PARKED (EXTREME),0.0
2026-01-23T16:38:12.543920,99,69302,32.021328,35.842884,38.4,0,58-69302,🟢 MOVING,2.4161426250941687
2026-01-23T16:38:12.543920,99,67678,32.020817,35.842716,320.8,0,58-67678,🛑 PARKED (EXTREME),0.0
2026-01-23T16:38:12.543920,99,11529,32.007072,35.872215,160.05,0,58-11529,🟢 MOVING,10.885261276685094
2026-01-23T16:38:12.543920,99,47376,31.992456,35.890347,124.6,0,58-47376,🟢 MOVING,1.3242704822045144
2026-01-23T16:38:12.543920,99,10987,31.960926,35.881203,208.95,0,58-10987,🟢 MOVING,10.669079361947857
2026-01-23T16:38:12.543920,99,11924,31.945517,35.90676,125.8,0,58-11924,🟢 MOVING,12.362919516515223
2026-01-23T16:38:12.543920,99,93341,31.946268,35.926865,99.5,0,58-93341,🟡 STOPPED (BOARDING?),0.0
2026-01-23T16:38:12.543920,99,88230,31.99991,36.013805,326.39,0,58-88230,🛑 PARKED (EXTREME),0.0
2026-01-23T16:38:49.825078,99,25354,32.020836,35.84272,287.89,0,58-25354,🛑 PARKED (EXTREME),0.0
2026-01-23T16:38:49.825078,99,59779,32.020805,35.84273,283.7,0,58-59779,🛑 PARKED (EXTREME),0.0
2026-01-23T16:38:49.825078,99,69302,32.023445,35.849377,72.3,0,58-69302,🟢 MOVING,17.624326454230477
2026-01-23T16:38:49.825078,99,67678,32.020817,35.842716,320.8,0,58-67678,🛑 PARKED (EXTREME),0.0
2026-01-23T16:38:49.825078,99,11529,32.00496,35.873367,0,0,58-11529,🟢 MOVING,6.953396397359213
2026-01-23T16:38:49.825078,99,47376,31.989765,35.893604,136.8,0,58-47376,🟢 MOVING,11.52364954773715
2026-01-23T16:38:49.825078,99,10987,31.958338,35.87925,0,0,58-10987,🟢 MOVING,9.18062372469699
2026-01-23T16:38:49.825078,99,11924,31.946117,35.908234,63.5,0,58-11924,🟢 MOVING,4.144371858408368
2026-01-23T16:38:49.825078,99,93341,31.946268,35.926865,99.5,0,58-93341,🟡 STOPPED (BOARDING?),0.0
2026-01-23T16:38:49.825078,99,88230,31.99991,36.013805,326.39,0,58-88230,🛑 PARKED (EXTREME),0.0
2026-01-23T16:39:23.708634,99,25354,32.020836,35.84272,287.89,0,58-25354,🛑 PARKED (EXTREME),0.0
2026-01-23T16:39:23.708634,99,59779,32.020805,35.84273,283.7,0,58-59779,🛑 PARKED (EXTREME),0.0
2026-01-23T16:39:23.708634,99,69302,32.024612,35.853558,73.4,0,58-69302,🟢 MOVING,12.220730679511709
2026-01-23T16:39:23.708634,99,67678,32.020817,35.842716,320.8,0,58-67678,🛑 PARKED (EXTREME),0.0
2026-01-23T16:39:23.708634,99,11529,32.00389,35.87405,148.38,0,58-11529,🟢 MOVING,3.9842699323194286
2026-01-23T16:39:23.708634,99,47376,31.987682,35.895794,141,0,58-47376,🟢 MOVING,9.139167054469658
2026-01-23T16:39:23.708634,99,10987,31.956831,35.88128,121.78,0,58-10987,🟢 MOVING,7.495977590907642
2026-01-23T16:39:23.708634,99,11924,31.947918,35.912674,68.3,0,58-11924,🟢 MOVING,13.677660028144823
2026-01-23T16:39:23.708634,99,93341,31.946268,35.926865,99.5,0,58-93341,🟡 STOPPED (BOARDING?),0.0
2026-01-23T16:39:23.708634,99,88230,31.99991,36.013805,326.39,0,58-88230,🛑 PARKED (EXTREME),0.0
2026-01-23T16:40:00.494787,99,25354,32.020836,35.84272,287.89,0,58-25354,🛑 PARKED (EXTREME),0.0
2026-01-23T16:40:00.494787,99,59779,32.020805,35.84273,283.7,0,58-59779,🛑 PARKED (EXTREME),0.0
2026-01-23T16:40:00.494787,99,69302,32.02477,35.853954,73,0,58-69302,🟢 MOVING,1.1386604460391376
2026-01-23T16:40:00.494787,99,67678,32.020817,35.842716,320.8,0,58-67678,🛑 PARKED (EXTREME),0.0
2026-01-23T16:40:00.494787,99,11529,32.00094,35.877056,131.9,0,58-11529,🟢 MOVING,11.963546883007197
2026-01-23T16:40:00.494787,99,47376,31.985847,35.897457,147.9,0,58-47376,🟢 MOVING,7.1019641986724675
2026-01-23T16:40:00.494787,99,10987,31.955185,35.88432,0,0,58-10987,🟢 MOVING,9.388896486471708
2026-01-23T16:40:00.494787,99,11924,31.94781,35.915947,126,0,58-11924,🟢 MOVING,8.528425026822015
2026-01-23T16:40:00.494787,99,93341,31.946268,35.926865,99.5,0,58-93341,🟡 STOPPED (BOARDING?),0.0
2026-01-23T16:40:00.494787,99,88230,31.99991,36.013805,326.39,0,58-88230,🛑 PARKED (EXTREME),0.0
2026-01-23T16:40:34.471895,99,25354,32.020836,35.84272,287.89,0,58-25354,🛑 PARKED (EXTREME),0.0
2026-01-23T16:40:34.471895,99,59779,32.020805,35.84273,283.7,0,58-59779,🛑 PARKED (EXTREME),0.0
2026-01-23T16:40:34.471895,99,69302,32.024765,35.854115,76.09,0,58-69302,🟢 MOVING,0.44795524592798974
2026-01-23T16:40:34.471895,99,67678,32.020817,35.842716,320.8,0,58-67678,🛑 PARKED (EXTREME),0.0
2026-01-23T16:40:34.471895,99,11529,31.998568,35.880657,126.85,0,58-11529,🟢 MOVING,12.68224495401674
2026-01-23T16:40:34.471895,99,47376,31.985844,35.897453,148.1,0,58-47376,🟡 STOPPED (BOARDING?),0.0
2026-01-23T16:40:34.471895,99,10987,31.954222,35.887135,111.47,0,58-10987,🟢 MOVING,8.446261835614532
2026-01-23T16:40:34.471895,99,11924,31.946712,35.917713,126.8,0,58-11924,🟢 MOVING,6.092906284015375
2026-01-23T16:40:34.471895,99,93341,31.946268,35.926865,99.5,0,58-93341,🟡 STOPPED (BOARDING?),0.0
2026-01-23T16:40:34.471895,99,88230,31.99991,36.013805,326.39,0,58-88230,🛑 PARKED (EXTREME),0.0
2026-01-23T16:41:08.944775,99,25354,32.020836,35.84272,287.89,0,58-25354,🛑 PARKED (EXTREME),0.0
2026-01-23T16:41:08.944775,99,59779,32.020805,35.84273,283.7,0,58-59779,🛑 PARKED (EXTREME),0.0
2026-01-23T16:41:08.944775,99,69302,32.024765,35.854115,76.09,0,58-69302,🟡 STOPPED (BOARDING?),0.0
2026-01-23T16:41:08.944775,99,67678,32.020817,35.842716,320.8,0,58-67678,🛑 PARKED (EXTREME),0.0
2026-01-23T16:41:08.944775,99,11529,31.9966,35.883736,126.44,0,58-11529,🟢 MOVING,10.491311335652153
2026-01-23T16:41:08.944775,99,47376,31.985844,35.897453,148.1,0,58-47376,🟡 STOPPED (BOARDING?),0.0
2026-01-23T16:41:08.944775,99,10987,31.953825,35.888214,113.95,0,58-10987,🟢 MOVING,3.201752221766063
2026-01-23T16:41:08.944775,99,11924,31.945814,35.91997,100.4,0,58-11924,🟢 MOVING,6.786916371885161
2026-01-23T16:41:08.944775,99,93341,31.946268,35.926865,99.5,0,58-93341,🟡 STOPPED (BOARDING?),0.0
2026-01-23T16:41:08.944775,99,88230,31.99991,36.013805,326.39,0,58-88230,🛑 PARKED (EXTREME),0.0
2026-01-23T16:41:49.027477,99,25354,32.020836,35.84272,287.89,0,58-25354,🛑 PARKED (EXTREME),0.0
2026-01-23T16:41:49.027477,99,59779,32.020805,35.84273,283.7,0,58-59779,🛑 PARKED (EXTREME),0.0
2026-01-23T16:41:49.027477,99,69302,32.02476,35.854115,76.09,0,58-69302,🟡 STOPPED (BOARDING?),0.0
2026-01-23T16:41:49.027477,99,67678,32.020817,35.842716,320.8,0,58-67678,🛑 PARKED (EXTREME),0.0
2026-01-23T16:41:49.027477,99,11529,31.99252,35.890167,0,0,58-11529,🟢 MOVING,18.869899576296365
2026-01-23T16:41:49.027477,99,47376,31.98584,35.897465,148.1,0,58-47376,🟡 STOPPED (BOARDING?),0.0
2026-01-23T16:41:49.027477,99,10987,31.951672,35.894794,86.73,0,58-10987,🟢 MOVING,16.57735147271599
2026-01-23T16:41:49.027477,99,11924,31.945866,35.923134,68.7,0,58-11924,🟢 MOVING,7.439334939493601
2026-01-23T16:41:49.027477,99,93341,31.946268,35.926865,99.5,0,58-93341,🟡 STOPPED (BOARDING?),0.0
2026-01-23T16:41:49.027477,99,88230,31.99991,36.013805,326.39,0,58-88230,🛑 PARKED (EXTREME),0.0
2026-01-23T16:42:24.488675,99,25354,32.020836,35.84272,287.89,0,58-25354,🛑 PARKED (EXTREME),0.0
2026-01-23T16:42:24.488675,99,59779,32.020805,35.84273,283.7,0,58-59779,🛑 PARKED (EXTREME),0.0
2026-01-23T16:42:24.488675,99,69302,32.024776,35.85555,95,0,58-69302,🟢 MOVING,3.7780540181862814
2026-01-23T16:42:24.488675,99,67678,32.020817,35.842716,320.8,0,58-67678,🛑 PARKED (EXTREME),0.0
2026-01-23T16:42:24.488675,99,11529,31.99215,35.890743,127.01,0,58-11529,🟢 MOVING,1.9030922174606393
2026-01-23T16:42:24.488675,99,47376,31.985338,35.897884,130.6,0,58-47376,🟢 MOVING,1.9100630222781012
2026-01-23T16:42:24.488675,99,10987,31.951,35.900406,121.27,0,58-10987,🟢 MOVING,14.934046300915247
2026-01-23T16:42:24.488675,99,11924,31.94624,35.924625,80.2,0,58-11924,🟢 MOVING,4.09705600189114
2026-01-23T16:42:24.488675,99,93341,31.946268,35.926865,99.5,0,58-93341,🟡 STOPPED (BOARDING?),0.0
2026-01-23T16:42:24.488675,99,88230,31.99991,36.013805,326.39,0,58-88230,🛑 PARKED (EXTREME),0.0
2026-01-23T16:42:56.618391,99,25354,32.020836,35.84272,287.89,0,58-25354,🛑 PARKED (EXTREME),0.0
2026-01-23T16:42:56.618391,99,59779,32.020805,35.84273,283.7,0,58-59779,🛑 PARKED (EXTREME),0.0
2026-01-23T16:42:56.618391,99,69302,32.023575,35.859047,127.8,0,58-69302,🟢 MOVING,11.088507285625859
2026-01-23T16:42:56.618391,99,67678,32.020817,35.842716,320.8,0,58-67678,🛑 PARKED (EXTREME),0.0
2026-01-23T16:42:56.618391,99,11529,31.989687,35.893616,139.57,0,58-11529,🟢 MOVING,12.009847291095138
2026-01-23T16:42:56.618391,99,47376,31.985262,35.89806,97.2,0,58-47376,🟢 MOVING,0.5806667226533603
2026-01-23T16:42:56.618391,99,10987,31.947252,35.90438,141.85,0,58-10987,🟢 MOVING,17.4762640653949
2026-01-23T16:42:56.618391,99,11924,31.946268,35.926956,100.2,0,58-11924,🟢 MOVING,6.857072808043123
2026-01-23T16:42:56.618391,99,93341,31.946268,35.926865,99.5,0,58-93341,🟡 STOPPED (BOARDING?),0.0
2026-01-23T16:42:56.618391,99,88230,31.99991,36.013805,326.39,0,58-88230,🛑 PARKED (EXTREME),0.0
2026-01-23T16:43:34.459175,99,25354,32.020836,35.84272,287.89,0,58-25354,🛑 PARKED (EXTREME),0.0
2026-01-23T16:43:34.459175,99,59779,32.020805,35.84273,283.7,0,58-59779,🛑 PARKED (EXTREME),0.0
2026-01-23T16:43:34.459175,99,69302,32.022217,35.860744,138.5,0,58-69302,🟢 MOVING,5.899923070298027
2026-01-23T16:43:34.459175,99,67678,32.020817,35.842716,320.8,0,58-67678,🛑 PARKED (EXTREME),0.0
2026-01-23T16:43:34.459175,99,11529,31.98725,35.896065,142.65,0,58-11529,🟢 MOVING,9.548982517838862
2026-01-23T16:43:34.459175,99,47376,31.98586,35.897648,230.2,0,58-47376,🟢 MOVING,2.0654568085571396
2026-01-23T16:43:34.459175,99,10987,31.945442,35.906826,0,0,58-10987,🟢 MOVING,8.212403503215363
2026-01-23T16:43:34.459175,99,11924,31.946268,35.926956,100.2,0,58-11924,🟡 STOPPED (BOARDING?),0.0
2026-01-23T16:43:34.459175,99,93341,31.946268,35.926865,99.5,0,58-93341,🟡 STOPPED (BOARDING?),0.0
2026-01-23T16:43:34.459175,99,88230,31.99991,36.013805,326.39,0,58-88230,🛑 PARKED (EXTREME),0.0
2026-01-23T16:44:08.485489,99,25354,32.020836,35.84272,287.89,0,58-25354,🛑 PARKED (EXTREME),0.0
2026-01-23T16:44:08.485489,99,59779,32.020805,35.84273,283.7,0,58-59779,🛑 PARKED (EXTREME),0.0
2026-01-23T16:44:08.485489,99,69302,32.020138,35.8632,133.4,0,58-69302,🟢 MOVING,9.59061884763664
2026-01-23T16:44:08.485489,99,67678,32.0221,35.84243,315.39,0,58-67678,🟢 MOVING,4.255766432010491
2026-01-23T16:44:08.485489,99,11529,31.985401,35.897785,137.4,0,58-11529,🟢 MOVING,7.67647513132371
2026-01-23T16:44:08.485489,99,47376,31.985369,35.897137,227,0,58-47376,🟢 MOVING,2.134643169947888
2026-01-23T16:44:08.485489,99,10987,31.946424,35.90915,64.2,0,58-10987,🟢 MOVING,7.180327568288931
2026-01-23T16:44:08.485489,99,11924,31.946268,35.926956,100.2,0,58-11924,🟡 STOPPED (BOARDING?),0.0
2026-01-23T16:44:08.485489,99,93341,31.946268,35.926865,99.5,0,58-93341,🟡 STOPPED (BOARDING?),0.0
2026-01-23T16:44:08.485489,99,88230,31.99991,36.013805,326.39,0,58-88230,🛑 PARKED (EXTREME),0.0
2026-01-23T16:44:45.063663,99,25354,32.020836,35.84272,287.89,0,58-25354,🛑 PARKED (EXTREME),0.0
2026-01-23T16:44:45.063663,99,59779,32.020805,35.84273,283.7,0,58-59779,🛑 PARKED (EXTREME),0.0
2026-01-23T16:44:45.063663,99,69302,32.01886,35.86469,136,0,58-69302,🟢 MOVING,5.431251966799162
2026-01-23T16:44:45.063663,99,67678,32.021435,35.842625,130.6,0,58-67678,🟢 MOVING,2.0710613548180135
2026-01-23T16:44:45.063663,99,11529,31.985756,35.897648,214.71,0,58-11529,🟢 MOVING,1.1289585145953167
2026-01-23T16:44:45.063663,99,47376,31.983557,35.895138,224.5,0,58-47376,🟢 MOVING,7.500223288738616
2026-01-23T16:44:45.063663,99,10987,31.94821,35.914474,87.31,0,58-10987,🟢 MOVING,14.682166256664356
2026-01-23T16:44:45.063663,99,11924,31.946268,35.926956,100.2,0,58-11924,🟡 STOPPED (BOARDING?),0.0
2026-01-23T16:44:45.063663,99,93341,31.946268,35.926865,99.5,0,58-93341,🟡 STOPPED (BOARDING?),0.0
2026-01-23T16:44:45.063663,99,88230,31.99991,36.013805,326.39,0,58-88230,🛑 PARKED (EXTREME),0.0
2026-01-23T16:45:19.908320,99,25354,32.020836,35.84272,287.89,0,58-25354,🛑 PARKED (EXTREME),0.0
2026-01-23T16:45:19.908320,99,59779,32.020805,35.84273,283.7,0,58-59779,🛑 PARKED (EXTREME),0.0
2026-01-23T16:45:19.908320,99,69302,32.018867,35.864697,136.1,0,58-69302,🟡 STOPPED (BOARDING?),0.0
2026-01-23T16:45:19.908320,99,67678,32.02231,35.845207,72.09,0,58-67678,🟢 MOVING,7.560771115374978
2026-01-23T16:45:19.908320,99,11529,31.98427,35.895885,220.34,0,58-11529,🟢 MOVING,6.760975692912904
2026-01-23T16:45:19.908320,99,47376,31.981312,35.89247,222,0,58-47376,🟢 MOVING,10.223124998188037
2026-01-23T16:45:19.908320,99,10987,31.947947,35.91561,123.83,0,58-10987,🟢 MOVING,3.2043869236855986
2026-01-23T16:45:19.908320,99,11924,31.946268,35.926956,100.2,0,58-11924,🟡 STOPPED (BOARDING?),0.0
2026-01-23T16:45:19.908320,99,88230,31.99991,36.013805,326.39,0,58-88230,🛑 PARKED (EXTREME),0.0
2026-01-23T16:46:00.466945,99,25354,32.020836,35.84272,287.89,0,58-25354,🛑 PARKED (EXTREME),0.0
2026-01-23T16:46:00.466945,99,59779,32.020805,35.84273,283.7,0,58-59779,🛑 PARKED (EXTREME),0.0
2026-01-23T16:46:00.466945,99,69302,32.01818,35.865402,142.6,0,58-69302,🟢 MOVING,2.497124127070909
2026-01-23T16:46:00.466945,99,67678,32.023766,35.850414,68.7,0,58-67678,🟢 MOVING,12.74707453514427
2026-01-23T16:46:00.466945,99,11529,31.982584,35.89406,219.65,0,58-11529,🟢 MOVING,6.276333293298365
2026-01-23T16:46:00.466945,99,47376,31.979233,35.890274,220.6,0,58-47376,🟢 MOVING,7.654433661867801
2026-01-23T16:46:00.466945,99,10987,31.94579,35.919907,0,0,58-10987,🟢 MOVING,11.616860222981984
2026-01-23T16:46:00.466945,99,88230,31.99991,36.013805,326.39,0,58-88230,🛑 PARKED (EXTREME),0.0
2026-01-23T16:46:41.529817,99,25354,32.020836,35.84272,287.89,0,58-25354,🛑 PARKED (EXTREME),0.0
2026-01-23T16:46:41.529817,99,59779,32.020805,35.84273,283.7,0,58-59779,🛑 PARKED (EXTREME),0.0
2026-01-23T16:46:41.529817,99,69302,32.017735,35.865814,144.1,0,58-69302,🟢 MOVING,1.5231584858669696
2026-01-23T16:46:41.529817,99,67678,32.024708,35.85404,77.5,0,58-67678,🟢 MOVING,8.65673209660365
2026-01-23T16:46:41.529817,99,11529,31.980833,35.89198,224.75,0,58-11529,🟢 MOVING,6.69241002977077
2026-01-23T16:46:41.529817,99,47376,31.97757,35.888607,219,0,58-47376,🟢 MOVING,5.87714836369561
2026-01-23T16:46:41.529817,99,10987,31.945477,35.921494,92.53,0,58-10987,🟢 MOVING,3.722311830150091
2026-01-23T16:46:41.529817,99,88230,31.99991,36.013805,326.39,0,58-88230,🛑 PARKED (EXTREME),0.0
2026-01-23T16:47:17.230933,99,25354,32.020836,35.84272,287.89,0,58-25354,🛑 PARKED (EXTREME),0.0
2026-01-23T16:47:17.230933,99,59779,32.020805,35.84273,283.7,0,58-59779,🛑 PARKED (EXTREME),0.0
2026-01-23T16:47:17.230933,99,69302,32.015217,35.868095,143.6,0,58-69302,🟢 MOVING,9.928908562192579
2026-01-23T16:47:17.230933,99,67678,32.02471,35.85404,77.5,0,58-67678,🟡 STOPPED (BOARDING?),0.0
2026-01-23T16:47:17.230933,99,11529,31.978064,35.88907,218.16,0,58-11529,🟢 MOVING,11.598317005049015
2026-01-23T16:47:17.230933,99,47376,31.975975,35.88751,205.1,0,58-47376,🟢 MOVING,5.773716038185841
2026-01-23T16:47:17.230933,99,10987,31.946066,35.923817,0,0,58-10987,🟢 MOVING,6.432491306983648
2026-01-23T16:47:17.230933,99,88230,31.99991,36.013805,326.39,0,58-88230,🛑 PARKED (EXTREME),0.0
2026-01-23T16:47:50.375254,99,25354,32.020836,35.84272,287.89,0,58-25354,🛑 PARKED (EXTREME),0.0
2026-01-23T16:47:50.375254,99,59779,32.020805,35.84273,283.7,0,58-59779,🛑 PARKED (EXTREME),0.0
2026-01-23T16:47:50.375254,99,69302,32.014214,35.869015,146.19,0,58-69302,🟢 MOVING,4.282400793370079
2026-01-23T16:47:50.375254,99,67678,32.02477,35.854588,87.5,0,58-67678,🟢 MOVING,1.5791198728338416
2026-01-23T16:47:50.375254,99,11529,31.977623,35.88868,0,0,58-11529,🟢 MOVING,1.8583208925540877
2026-01-23T16:47:50.375254,99,47376,31.97539,35.88717,205.6,0,58-47376,🟢 MOVING,2.1985783132226424
2026-01-23T16:47:50.375254,99,10987,31.946257,35.926594,0,0,58-10987,🟢 MOVING,7.969163580532571
2026-01-23T16:47:50.375254,99,88230,31.99991,36.013805,326.39,0,58-88230,🛑 PARKED (EXTREME),0.0
2026-01-23T16:48:27.551257,99,25354,32.020836,35.84272,287.89,0,58-25354,🛑 PARKED (EXTREME),0.0
2026-01-23T16:48:27.551257,99,59779,32.020805,35.84273,283.7,0,58-59779,🛑 PARKED (EXTREME),0.0
2026-01-23T16:48:27.551257,99,69302,32.00539,35.87315,152.69,0,58-69302,🟢 MOVING,28.22399750019604
2026-01-23T16:48:27.551257,99,67678,32.024796,35.854973,89.3,0,58-67678,🟢 MOVING,0.9733199709240755
2026-01-23T16:48:27.551257,99,11529,31.97729,35.88841,213.25,0,58-11529,🟢 MOVING,1.2013491735139852
2026-01-23T16:48:27.551257,99,47376,31.971443,35.88627,181.5,0,58-47376,🟢 MOVING,11.94983199923383
2026-01-23T16:48:27.551257,99,10987,31.945595,35.928715,162.55,0,58-10987,🟢 MOVING,5.700196546354015
2026-01-23T16:48:27.551257,99,88230,31.99991,36.013805,326.39,0,58-88230,🛑 PARKED (EXTREME),0.0
2026-01-23T16:49:04.711174,99,25354,32.020836,35.84272,287.89,0,58-25354,🛑 PARKED (EXTREME),0.0
2026-01-23T16:49:04.711174,99,59779,32.020805,35.84273,283.7,0,58-59779,🛑 PARKED (EXTREME),0.0
2026-01-23T16:49:04.711174,99,69302,32.005054,35.873356,149.69,0,58-69302,🟢 MOVING,1.1097453699438504
2026-01-23T16:49:04.711174,99,67678,32.024673,35.856247,104.8,0,58-67678,🟢 MOVING,3.185673669723235
2026-01-23T16:49:04.711174,99,11529,31.976536,35.887875,0,0,58-11529,🟢 MOVING,2.5788890673778098
2026-01-23T16:49:04.711174,99,47376,31.967434,35.886887,169,0,58-47376,🟢 MOVING,11.847785371318949
2026-01-23T16:49:04.711174,99,10987,31.945595,35.928715,162.55,0,58-10987,🛑 PARKED (EXTREME),0.0
2026-01-23T16:49:04.711174,99,88230,31.99991,36.013805,326.39,0,58-88230,🛑 PARKED (EXTREME),0.0
2026-01-23T16:49:38.991591,99,25354,32.020836,35.84272,287.89,0,58-25354,🛑 PARKED (EXTREME),0.0
2026-01-23T16:49:38.991591,99,59779,32.020805,35.84273,283.7,0,58-59779,🛑 PARKED (EXTREME),0.0
2026-01-23T16:49:38.991591,99,69302,32.003223,35.87462,142.3,0,58-69302,🟢 MOVING,7.003290409739701
2026-01-23T16:49:38.991591,99,67678,32.021187,35.86196,135.1,0,58-67678,🟢 MOVING,19.697815773876012
2026-01-23T16:49:38.991591,99,11529,31.973963,35.886635,192.75,0,58-11529,🟢 MOVING,9.175063172899684
2026-01-23T16:49:38.991591,99,47376,31.967033,35.886982,168.2,0,58-47376,🟢 MOVING,1.35006260528893
2026-01-23T16:49:38.991591,99,10987,31.945595,35.928715,162.55,0,58-10987,🛑 PARKED (EXTREME),0.0
2026-01-23T16:49:38.991591,99,88230,31.99991,36.013805,326.39,0,58-88230,🛑 PARKED (EXTREME),0.0
2026-01-23T16:50:11.531644,99,25354,32.020836,35.84272,287.89,0,58-25354,🛑 PARKED (EXTREME),0.0
2026-01-23T16:50:11.531644,99,59779,32.020805,35.84273,283.7,0,58-59779,🛑 PARKED (EXTREME),0.0
2026-01-23T16:50:11.531644,99,69302,31.999847,35.878696,126.8,0,58-69302,🟢 MOVING,16.752287477194333
2026-01-23T16:50:11.531644,99,67678,32.01759,35.865932,142.19,0,58-67678,🟢 MOVING,17.082207687003436
2026-01-23T16:50:11.531644,99,11529,31.970312,35.88632,175.96,0,58-11529,🟢 MOVING,12.690863895115225
2026-01-23T16:50:11.531644,99,47376,31.967033,35.886982,168.2,0,58-47376,🟡 STOPPED (BOARDING?),0.0
2026-01-23T16:50:11.531644,99,10987,31.945595,35.928715,162.55,0,58-10987,🛑 PARKED (EXTREME),0.0
2026-01-23T16:50:11.531644,99,88230,31.99991,36.013805,326.39,0,58-88230,🛑 PARKED (EXTREME),0.0
2026-01-23T16:50:45.411929,99,25354,32.020836,35.84272,287.89,0,58-25354,🛑 PARKED (EXTREME),0.0
2026-01-23T16:50:45.411929,99,59779,32.020805,35.84273,283.7,0,58-59779,🛑 PARKED (EXTREME),0.0
2026-01-23T16:50:45.411929,99,69302,31.99829,35.88122,119,0,58-69302,🟢 MOVING,8.644732129445366
2026-01-23T16:50:45.411929,99,67678,32.01531,35.868008,138.6,0,58-67678,🟢 MOVING,9.408866988484139
2026-01-23T16:50:45.411929,99,11529,31.967043,35.886997,169.19,0,58-11529,🟢 MOVING,10.841707506579944
2026-01-23T16:50:45.411929,99,47376,31.966595,35.886448,245.1,0,58-47376,🟢 MOVING,2.058208817575723
2026-01-23T16:50:45.411929,99,10987,31.945595,35.928715,162.55,0,58-10987,🛑 PARKED (EXTREME),0.0
2026-01-23T16:50:45.411929,99,88230,31.99991,36.013805,326.39,0,58-88230,🛑 PARKED (EXTREME),0.0
2026-01-23T16:51:22.528057,99,25354,32.020836,35.84272,287.89,0,58-25354,🛑 PARKED (EXTREME),0.0
2026-01-23T16:51:22.528057,99,59779,32.020805,35.84273,283.7,0,58-59779,🛑 PARKED (EXTREME),0.0
2026-01-23T16:51:22.528057,99,69302,31.995842,35.88501,126.4,0,58-69302,🟢 MOVING,12.064543549687343
2026-01-23T16:51:22.528057,99,67678,32.01396,35.869205,149.8,0,58-67678,🟢 MOVING,5.042630669256725
2026-01-23T16:51:22.528057,99,11529,31.964651,35.88415,0,0,58-11529,🟢 MOVING,10.149047437277405
2026-01-23T16:51:22.528057,99,47376,31.964596,35.88405,216,0,58-47376,🟢 MOVING,8.515898870840106
2026-01-23T16:51:22.528057,99,10987,31.945595,35.928715,162.55,0,58-10987,🛑 PARKED (EXTREME),0.0
2026-01-23T16:51:22.528057,99,88230,31.99991,36.013805,326.39,0,58-88230,🛑 PARKED (EXTREME),0.0
2026-01-23T16:51:55.150716,99,25354,32.020836,35.84272,287.89,0,58-25354,🛑 PARKED (EXTREME),0.0
2026-01-23T16:51:55.150716,99,59779,32.020805,35.84273,283.7,0,58-59779,🛑 PARKED (EXTREME),0.0
2026-01-23T16:51:55.150716,99,69302,31.993313,35.88899,126.8,0,58-69302,🟢 MOVING,14.485660231844042
2026-01-23T16:51:55.150716,99,67678,32.00921,35.87146,163.1,0,58-67678,🟢 MOVING,17.58764345441338
2026-01-23T16:51:55.150716,99,11529,31.964651,35.88415,0,0,58-11529,🟡 STOPPED (BOARDING?),0.0
2026-01-23T16:51:55.150716,99,47376,31.964579,35.884045,215.7,0,58-47376,🟡 STOPPED (BOARDING?),0.0
2026-01-23T16:51:55.150716,99,10987,31.945595,35.928715,162.55,0,58-10987,🛑 PARKED (EXTREME),0.0
2026-01-23T16:51:55.150716,99,88230,31.99991,36.013805,326.39,0,58-88230,🛑 PARKED (EXTREME),0.0
2026-01-23T16:52:31.876667,99,69779,32.02082,35.842575,261.8,0,58-69779,🟢 MOVING,4.911874462646769
2026-01-23T16:52:31.876667,99,68570,32.020885,35.842594,292.8,0,58-68570,🟢 MOVING,3.57762926069899
2026-01-23T16:52:31.876667,99,25354,32.020836,35.84272,287.89,0,58-25354,🛑 PARKED (EXTREME),0.0
2026-01-23T16:52:31.876667,99,59779,32.020805,35.84273,283.7,0,58-59779,🛑 PARKED (EXTREME),0.0
2026-01-23T16:52:31.876667,99,69302,31.992456,35.890335,124.5,0,58-69302,🟢 MOVING,4.3154113403009395
2026-01-23T16:52:31.876667,99,67678,32.005257,35.873226,146,0,58-67678,🟢 MOVING,12.786238412035676
2026-01-23T16:52:31.876667,99,11529,31.964075,35.88366,216.3,0,58-11529,🟢 MOVING,2.1486354744864244
2026-01-23T16:52:31.876667,99,47376,31.963179,35.882847,215.1,0,58-47376,🟢 MOVING,5.232961899127347
2026-01-23T16:52:31.876667,99,10987,31.945595,35.928715,162.55,0,58-10987,🛑 PARKED (EXTREME),0.0
2026-01-23T16:52:31.876667,99,88230,31.99991,36.013805,326.39,0,58-88230,🛑 PARKED (EXTREME),0.0
2026-01-23T16:53:10.655490,99,69779,32.02082,35.842575,261.8,0,58-69779,🛑 PARKED (EXTREME),0.0
2026-01-23T16:53:10.655490,99,68570,32.020885,35.842594,292.8,0,58-68570,🛑 PARKED (EXTREME),0.0
2026-01-23T16:53:10.655490,99,25354,32.020836,35.84272,287.89,0,58-25354,🛑 PARKED (EXTREME),0.0
2026-01-23T16:53:10.655490,99,59779,32.020805,35.84273,283.7,0,58-59779,🛑 PARKED (EXTREME),0.0
2026-01-23T16:53:10.655490,99,69302,31.992426,35.890392,126.5,0,58-69302,🟢 MOVING,0.1607436080755109
2026-01-23T16:53:10.655490,99,67678,31.99979,35.878796,127.1,0,58-67678,🟢 MOVING,20.412412558517268
2026-01-23T16:53:10.655490,99,11529,31.96215,35.882084,212.23,0,58-11529,🟢 MOVING,6.62186031078811
2026-01-23T16:53:10.655490,99,47376,31.960152,35.88051,211,0,58-47376,🟢 MOVING,10.223403114200085
2026-01-23T16:53:10.655490,99,10987,31.945595,35.928715,162.55,0,58-10987,🛑 PARKED (EXTREME),0.0
2026-01-23T16:53:10.655490,99,88230,31.99991,36.013805,326.39,0,58-88230,🛑 PARKED (EXTREME),0.0
2026-01-23T16:54:41.927690,99,69779,32.02082,35.842575,261.8,0,58-69779,🛑 PARKED (EXTREME),0.0
2026-01-23T16:54:41.927690,99,68570,32.020885,35.842594,292.8,0,58-68570,🛑 PARKED (EXTREME),0.0
2026-01-23T16:54:41.927690,99,25354,32.020836,35.84272,287.89,0,58-25354,🛑 PARKED (EXTREME),0.0
2026-01-23T16:54:41.927690,99,59779,32.022938,35.847538,72.3,0,58-59779,🟢 MOVING,5.613185458945323
2026-01-23T16:54:41.927690,99,69302,31.985884,35.897465,144.69,0,58-69302,🟢 MOVING,10.829323968153387
2026-01-23T16:54:41.927690,99,67678,31.992813,35.889786,123.8,0,58-67678,🟢 MOVING,14.204531363844332
2026-01-23T16:54:41.927690,99,11529,31.95794,35.87936,129.59,0,58-11529,🟢 MOVING,5.8594644721966835
2026-01-23T16:54:41.927690,99,47376,31.957033,35.88088,121.6,0,58-47376,🟢 MOVING,3.8245733577597942
2026-01-23T16:54:41.927690,99,10987,31.945595,35.928715,162.55,0,58-10987,🛑 PARKED (EXTREME),0.0
2026-01-23T16:54:41.927690,99,88230,31.99991,36.013805,326.39,0,58-88230,🛑 PARKED (EXTREME),0.0
2026-01-23T16:55:20.625774,99,69779,32.02082,35.842575,261.8,0,58-69779,🛑 PARKED (EXTREME),0.0
2026-01-23T16:55:20.625774,99,68570,32.020885,35.842594,292.8,0,58-68570,🛑 PARKED (EXTREME),0.0
2026-01-23T16:55:20.625774,99,25354,32.020836,35.84272,287.89,0,58-25354,🛑 PARKED (EXTREME),0.0
2026-01-23T16:55:20.625774,99,59779,32.024315,35.85245,72.4,0,58-59779,🟢 MOVING,12.677518558100468
2026-01-23T16:55:20.625774,99,69302,31.98573,35.897575,153,0,58-69302,🟢 MOVING,0.520414483250735
2026-01-23T16:55:20.625774,99,67678,31.992832,35.88978,123.6,0,58-67678,🟡 STOPPED (BOARDING?),0.0
2026-01-23T16:55:20.625774,99,11529,31.956186,35.882473,123.31,0,58-11529,🟢 MOVING,9.163773259949155
2026-01-23T16:55:20.625774,99,47376,31.955215,35.884346,119.3,0,58-47376,🟢 MOVING,9.992568225311093
2026-01-23T16:55:20.625774,99,10987,31.945595,35.928715,162.55,0,58-10987,🛑 PARKED (EXTREME),0.0
2026-01-23T16:55:20.625774,99,88230,31.99991,36.013805,326.39,0,58-88230,🛑 PARKED (EXTREME),0.0
2026-01-23T16:55:58.932542,99,69779,32.02082,35.842575,261.8,0,58-69779,🛑 PARKED (EXTREME),0.0
2026-01-23T16:55:58.932542,99,68570,32.020885,35.842594,292.8,0,58-68570,🛑 PARKED (EXTREME),0.0
2026-01-23T16:55:58.932542,99,25354,32.020836,35.84272,287.89,0,58-25354,🛑 PARKED (EXTREME),0.0
2026-01-23T16:55:58.932542,99,59779,32.024696,35.853996,72.59,0,58-59779,🟢 MOVING,3.970956950054621
2026-01-23T16:55:58.932542,99,69302,31.985363,35.897892,133.19,0,58-69302,🟢 MOVING,1.3235312636049772
2026-01-23T16:55:58.932542,99,67678,31.992832,35.88978,123.6,0,58-67678,🟡 STOPPED (BOARDING?),0.0
2026-01-23T16:55:58.932542,99,11529,31.954983,35.884872,111.11,0,58-11529,🟢 MOVING,6.8783532519156685
2026-01-23T16:55:58.932542,99,47376,31.954454,35.886555,111,0,58-47376,🟢 MOVING,5.884834865714531
2026-01-23T16:55:58.932542,99,10987,31.945595,35.928715,162.55,0,58-10987,🛑 PARKED (EXTREME),0.0
2026-01-23T16:55:58.932542,99,88230,31.99991,36.013805,326.39,0,58-88230,🛑 PARKED (EXTREME),0.0
2026-01-23T16:56:30.962604,99,69779,32.02082,35.842575,261.8,0,58-69779,🛑 PARKED (EXTREME),0.0
2026-01-23T16:56:30.962604,99,68570,32.020885,35.842594,292.8,0,58-68570,🛑 PARKED (EXTREME),0.0
2026-01-23T16:56:30.962604,99,25354,32.020836,35.84272,287.89,0,58-25354,🛑 PARKED (EXTREME),0.0
2026-01-23T16:56:30.962604,99,59779,32.024696,35.853996,72.59,0,58-59779,🟡 STOPPED (BOARDING?),0.0
2026-01-23T16:56:30.962604,99,69302,31.985695,35.898277,313.8,0,58-69302,🟢 MOVING,1.614193904871994
2026-01-23T16:56:30.962604,99,67678,31.99246,35.890343,127.4,0,58-67678,🟢 MOVING,2.098132873717215
2026-01-23T16:56:30.962604,99,11529,31.95396,35.887833,113.36,0,58-11529,🟢 MOVING,9.402746003286959
2026-01-23T16:56:30.962604,99,47376,31.95356,35.888954,116.3,0,58-47376,🟢 MOVING,7.706158556062278
2026-01-23T16:56:30.962604,99,10987,31.945595,35.928715,162.55,0,58-10987,🛑 PARKED (EXTREME),0.0
2026-01-23T16:56:30.962604,99,88230,31.99991,36.013805,326.39,0,58-88230,🛑 PARKED (EXTREME),0.0
2026-01-23T16:57:05.464360,99,69779,32.02082,35.842575,261.8,0,58-69779,🛑 PARKED (EXTREME),0.0
2026-01-23T16:57:05.464360,99,68570,32.020885,35.842594,292.8,0,58-68570,🛑 PARKED (EXTREME),0.0
2026-01-23T16:57:05.464360,99,25354,32.020836,35.84272,287.89,0,58-25354,🛑 PARKED (EXTREME),0.0
2026-01-23T16:57:05.464360,99,59779,32.024734,35.85411,53.6,0,58-59779,🟢 MOVING,0.3361270940991937
2026-01-23T16:57:05.464360,99,69302,31.984793,35.89642,225.5,0,58-69302,🟢 MOVING,5.874578236417397
2026-01-23T16:57:05.464360,99,67678,31.99247,35.890327,127.4,0,58-67678,🟡 STOPPED (BOARDING?),0.0
2026-01-23T16:57:05.464360,99,11529,31.953892,35.888016,0,0,58-11529,🟢 MOVING,0.5486229228948313
2026-01-23T16:57:05.464360,99,47376,31.953062,35.890163,116.1,0,58-47376,🟢 MOVING,3.6906617068169947
2026-01-23T16:57:05.464360,99,10987,31.945595,35.928715,162.55,0,58-10987,🛑 PARKED (EXTREME),0.0
2026-01-23T16:57:05.464360,99,88230,31.99991,36.013805,326.39,0,58-88230,🛑 PARKED (EXTREME),0.0
2026-01-23T16:57:41.348437,99,69779,32.02082,35.842575,261.8,0,58-69779,🛑 PARKED (EXTREME),0.0
2026-01-23T16:57:41.348437,99,68570,32.020885,35.842594,292.8,0,58-68570,🛑 PARKED (EXTREME),0.0
2026-01-23T16:57:41.348437,99,25354,32.020836,35.84272,287.89,0,58-25354,🛑 PARKED (EXTREME),0.0
2026-01-23T16:57:41.348437,99,59779,32.024734,35.85411,53.6,0,58-59779,🟡 STOPPED (BOARDING?),0.0
2026-01-23T16:57:41.348437,99,69302,31.982458,35.89385,225.3,0,58-69302,🟢 MOVING,9.880052316314474
2026-01-23T16:57:41.348437,99,67678,31.987247,35.89616,145.9,0,58-67678,🟢 MOVING,22.250877205453488
2026-01-23T16:57:41.348437,99,11529,31.953548,35.88887,116.22,0,58-11529,🟢 MOVING,2.4808808376132734
2026-01-23T16:57:41.348437,99,47376,31.951712,35.894943,86.6,0,58-47376,🟢 MOVING,13.220965509834508
2026-01-23T16:57:41.348437,99,10987,31.945595,35.928715,162.55,0,58-10987,🛑 PARKED (EXTREME),0.0
2026-01-23T16:57:41.348437,99,88230,31.99991,36.013805,326.39,0,58-88230,🛑 PARKED (EXTREME),0.0
2026-01-23T16:58:14.105500,99,69779,32.02082,35.842575,261.8,0,58-69779,🛑 PARKED (EXTREME),0.0
2026-01-23T16:58:14.105500,99,68570,32.020885,35.842594,292.8,0,58-68570,🛑 PARKED (EXTREME),0.0
2026-01-23T16:58:14.105500,99,25354,32.020836,35.84272,287.89,0,58-25354,🛑 PARKED (EXTREME),0.0
2026-01-23T16:58:14.105500,99,59779,32.024776,35.85505,87.4,0,58-59779,🟢 MOVING,2.694493802686929
2026-01-23T16:58:14.105500,99,69302,31.98087,35.89197,225.2,0,58-69302,🟢 MOVING,7.598338014962983
2026-01-23T16:58:14.105500,99,67678,31.985859,35.897457,147.6,0,58-67678,🟢 MOVING,5.979731958926604
2026-01-23T16:58:14.105500,99,11529,31.95282,35.890568,116.88,0,58-11529,🟢 MOVING,5.45007786451341
2026-01-23T16:58:14.105500,99,47376,31.95138,35.899586,113,0,58-47376,🟢 MOVING,13.348395530687762
2026-01-23T16:58:14.105500,99,10987,31.945595,35.928715,162.55,0,58-10987,🛑 PARKED (EXTREME),0.0
2026-01-23T16:58:14.105500,99,88230,31.99991,36.013805,326.39,0,58-88230,🛑 PARKED (EXTREME),0.0
2026-01-23T16:58:52.850309,99,69779,32.02082,35.842575,261.8,0,58-69779,🛑 PARKED (EXTREME),0.0
2026-01-23T16:58:52.850309,99,68570,32.020885,35.842594,292.8,0,58-68570,🛑 PARKED (EXTREME),0.0
2026-01-23T16:58:52.850309,99,25354,32.020836,35.84272,287.89,0,58-25354,🛑 PARKED (EXTREME),0.0
2026-01-23T16:58:52.850309,99,59779,32.023582,35.85906,127.6,0,58-59779,🟢 MOVING,10.38502704186096
2026-01-23T16:58:52.850309,99,69302,31.980232,35.891243,220.5,0,58-69302,🟢 MOVING,2.5572663027126747
2026-01-23T16:58:52.850309,99,67678,31.985859,35.897457,147.6,0,58-67678,🟡 STOPPED (BOARDING?),0.0
2026-01-23T16:58:52.850309,99,11529,31.951761,35.896687,85.82,0,58-11529,🟢 MOVING,15.271426277911672
2026-01-23T16:58:52.850309,99,47376,31.948353,35.903496,145.5,0,58-47376,🟢 MOVING,12.94349417704147
2026-01-23T16:58:52.850309,99,10987,31.945595,35.928715,162.55,0,58-10987,🛑 PARKED (EXTREME),0.0
2026-01-23T16:58:52.850309,99,88230,31.99991,36.013805,326.39,0,58-88230,🛑 PARKED (EXTREME),0.0
2026-01-23T16:59:31.096650,99,69779,32.02082,35.842575,261.8,0,58-69779,🛑 PARKED (EXTREME),0.0
2026-01-23T16:59:31.096650,99,68570,32.020885,35.842594,292.8,0,58-68570,🛑 PARKED (EXTREME),0.0
2026-01-23T16:59:31.096650,99,25354,32.020836,35.84272,287.89,0,58-25354,🛑 PARKED (EXTREME),0.0
2026-01-23T16:59:31.096650,99,59779,32.020386,35.862926,135,0,58-59779,🟢 MOVING,13.224148891118471
2026-01-23T16:59:31.096650,99,69302,31.976452,35.8878,208.3,0,58-69302,🟢 MOVING,13.798382084875762
2026-01-23T16:59:31.096650,99,67678,31.985386,35.897846,133.5,0,58-67678,🟢 MOVING,1.6658029268999943
2026-01-23T16:59:31.096650,99,11529,31.946733,35.904907,135.25,0,58-11529,🟢 MOVING,24.835626740297382
2026-01-23T16:59:31.096650,99,47376,31.945517,35.90679,129.69,0,58-47376,🟢 MOVING,11.501566327353492
2026-01-23T16:59:31.096650,99,10987,31.945595,35.928715,162.55,0,58-10987,🛑 PARKED (EXTREME),0.0
2026-01-23T16:59:31.096650,99,88230,31.99991,36.013805,326.39,0,58-88230,🛑 PARKED (EXTREME),0.0
2026-01-23T17:00:12.204216,99,69779,32.02082,35.842575,261.8,0,58-69779,🛑 PARKED (EXTREME),0.0
2026-01-23T17:00:12.204216,99,68570,32.020885,35.842594,292.8,0,58-68570,🛑 PARKED (EXTREME),0.0
2026-01-23T17:00:12.204216,99,25354,32.020836,35.84272,287.89,0,58-25354,🛑 PARKED (EXTREME),0.0
2026-01-23T17:00:12.204216,99,59779,32.018867,35.86468,134.1,0,58-59779,🟢 MOVING,5.779974592194061
2026-01-23T17:00:12.204216,99,69302,31.975967,35.88752,204.4,0,58-69302,🟢 MOVING,1.4683417052129022
2026-01-23T17:00:12.204216,99,67678,31.985395,35.897217,224.3,0,58-67678,🟢 MOVING,1.4508688482448222
2026-01-23T17:00:12.204216,99,11529,31.94554,35.90667,0,0,58-11529,🟢 MOVING,5.2028251879707375
2026-01-23T17:00:12.204216,99,47376,31.945517,35.90679,129.69,0,58-47376,🟡 STOPPED (BOARDING?),0.0
2026-01-23T17:00:12.204216,99,10987,31.945595,35.928715,162.55,0,58-10987,🛑 PARKED (EXTREME),0.0
2026-01-23T17:00:12.204216,99,88230,31.99991,36.013805,326.39,0,58-88230,🛑 PARKED (EXTREME),0.0
2026-01-23T17:00:47.009215,99,69779,32.02082,35.842575,261.8,0,58-69779,🛑 PARKED (EXTREME),0.0
2026-01-23T17:00:47.009215,99,68570,32.020885,35.842594,292.8,0,58-68570,🛑 PARKED (EXTREME),0.0
2026-01-23T17:00:47.009215,99,25354,32.020836,35.84272,287.89,0,58-25354,🛑 PARKED (EXTREME),0.0
2026-01-23T17:00:47.009215,99,59779,32.018257,35.865326,141.3,0,58-59779,🟢 MOVING,2.622133466885729
2026-01-23T17:00:47.009215,99,69302,31.973558,35.886517,189.7,0,58-69302,🟢 MOVING,8.171445278668966
2026-01-23T17:00:47.009215,99,67678,31.98385,35.89551,226,0,58-67678,🟢 MOVING,6.772297512044819
2026-01-23T17:00:47.009215,99,11529,31.945906,35.907787,59.23,0,58-11529,🟢 MOVING,3.2497262531258975
2026-01-23T17:00:47.009215,99,47376,31.946415,35.90896,64.5,0,58-47376,🟢 MOVING,6.5524485868491205
2026-01-23T17:00:47.009215,99,10987,31.945595,35.928715,162.55,0,58-10987,🛑 PARKED (EXTREME),0.0
2026-01-23T17:00:47.009215,99,88230,31.99991,36.013805,326.39,0,58-88230,🛑 PARKED (EXTREME),0.0
2026-01-23T17:01:24.977983,99,69779,32.02082,35.842575,261.8,0,58-69779,🛑 PARKED (EXTREME),0.0
2026-01-23T17:01:24.977983,99,68570,32.020885,35.842594,292.8,0,58-68570,🛑 PARKED (EXTREME),0.0
2026-01-23T17:01:24.977983,99,25354,32.020836,35.84272,287.89,0,58-25354,🛑 PARKED (EXTREME),0.0
2026-01-23T17:01:24.977983,99,59779,32.016308,35.86712,141,0,58-59779,🟢 MOVING,7.233163235700792
2026-01-23T17:01:24.977983,99,69302,31.96957,35.886368,174.5,0,58-69302,🟢 MOVING,11.673369464939949
2026-01-23T17:01:24.977983,99,67678,31.981827,35.893154,225.2,0,58-67678,🟢 MOVING,8.316438482595723
2026-01-23T17:01:24.977983,99,11529,31.94751,35.911674,64.06,0,58-11529,🟢 MOVING,10.726404930489936
2026-01-23T17:01:24.977983,99,47376,31.948114,35.91348,76.8,0,58-47376,🟢 MOVING,12.268339743246774
2026-01-23T17:01:24.977983,99,10987,31.945595,35.928715,162.55,0,58-10987,🛑 PARKED (EXTREME),0.0
2026-01-23T17:01:24.977983,99,88230,31.99991,36.013805,326.39,0,58-88230,🛑 PARKED (EXTREME),0.0
2026-01-23T17:02:03.459878,99,69779,32.02082,35.842575,261.8,0,58-69779,🛑 PARKED (EXTREME),0.0
2026-01-23T17:02:03.459878,99,68570,32.020885,35.842594,292.8,0,58-68570,🛑 PARKED (EXTREME),0.0
2026-01-23T17:02:03.459878,99,25354,32.0213,35.84275,120.9,0,58-25354,🟢 MOVING,1.3494122456752629
2026-01-23T17:02:03.459878,99,59779,32.01524,35.868084,145.5,0,58-59779,🟢 MOVING,3.9053684985638286
2026-01-23T17:02:03.459878,99,69302,31.967033,35.88698,168.4,0,58-69302,🟢 MOVING,7.519766508356326
2026-01-23T17:02:03.459878,99,67678,31.98085,35.89199,223.7,0,58-67678,🟢 MOVING,4.034898682959484
2026-01-23T17:02:03.459878,99,11529,31.947859,35.91574,0,0,58-11529,🟢 MOVING,10.073339948691782
2026-01-23T17:02:03.459878,99,47376,31.947777,35.916027,117.2,0,58-47376,🟢 MOVING,6.3538925147951
2026-01-23T17:02:03.459878,99,88230,31.99991,36.013805,326.39,0,58-88230,🛑 PARKED (EXTREME),0.0
2026-01-23T17:02:34.807746,99,69779,32.02082,35.842575,261.8,0,58-69779,🛑 PARKED (EXTREME),0.0
2026-01-23T17:02:34.807746,99,68570,32.020885,35.842594,292.8,0,58-68570,🛑 PARKED (EXTREME),0.0
2026-01-23T17:02:34.807746,99,25354,32.02233,35.845394,72.2,0,58-25354,🟢 MOVING,8.664717880025888
2026-01-23T17:02:34.807746,99,59779,32.012222,35.870274,156.1,0,58-59779,🟢 MOVING,12.445689220358446
2026-01-23T17:02:34.807746,99,69302,31.96704,35.88696,168.6,0,58-69302,🟡 STOPPED (BOARDING?),0.0
2026-01-23T17:02:34.807746,99,67678,31.980164,35.891247,221.8,0,58-67678,🟢 MOVING,3.2718302199348868
2026-01-23T17:02:34.807746,99,11529,31.946692,35.91765,127.19,0,58-11529,🟢 MOVING,7.014419027412084
2026-01-23T17:02:34.807746,99,47376,31.945978,35.91913,107.2,0,58-47376,🟢 MOVING,11.200212065141624
2026-01-23T17:02:34.807746,99,88230,31.99991,36.013805,326.39,0,58-88230,🛑 PARKED (EXTREME),0.0
2026-01-23T17:03:11.223807,99,69779,32.02082,35.842575,261.8,0,58-69779,🛑 PARKED (EXTREME),0.0
2026-01-23T17:03:11.223807,99,68570,32.020885,35.842594,292.8,0,58-68570,🛑 PARKED (EXTREME),0.0
2026-01-23T17:03:11.223807,99,25354,32.0231,35.84828,71.8,0,58-25354,🟢 MOVING,7.827217643327538
2026-01-23T17:03:11.223807,99,59779,32.00737,35.872097,161.1,0,58-59779,🟢 MOVING,15.538436195782188
2026-01-23T17:03:11.223807,99,69302,31.966192,35.885742,231.2,0,58-69302,🟢 MOVING,4.0788035028343
2026-01-23T17:03:11.223807,99,67678,31.976595,35.88789,210,0,58-67678,🟢 MOVING,13.931864416995033
2026-01-23T17:03:11.223807,99,11529,31.945469,35.92166,90.06,0,58-11529,🟢 MOVING,11.033065640733776
2026-01-23T17:03:11.223807,99,47376,31.945848,35.923138,69.2,0,58-47376,🟢 MOVING,10.385197853390586
2026-01-23T17:03:11.223807,99,88230,31.99991,36.013805,326.39,0,58-88230,🛑 PARKED (EXTREME),0.0
2026-01-23T17:03:52.220673,99,69779,32.02082,35.842575,261.8,0,58-69779,🛑 PARKED (EXTREME),0.0
2026-01-23T17:03:52.220673,99,68570,32.020885,35.842594,292.8,0,58-68570,🛑 PARKED (EXTREME),0.0
2026-01-23T17:03:52.220673,99,25354,32.023613,35.850086,71.09,0,58-25354,🟢 MOVING,4.4111214386768705
2026-01-23T17:03:52.220673,99,59779,32.004818,35.87348,149.6,0,58-59779,🟢 MOVING,7.671968002496269
2026-01-23T17:03:52.220673,99,69302,31.964615,35.884052,223.2,0,58-69302,🟢 MOVING,5.821973020756013
2026-01-23T17:03:52.220673,99,67678,31.972282,35.886387,184.8,0,58-67678,🟢 MOVING,12.28547427772453
2026-01-23T17:03:52.220673,99,11529,31.945894,35.923336,0,0,58-11529,🟢 MOVING,4.054588706650962
2026-01-23T17:03:52.220673,99,47376,31.946295,35.924854,83.2,0,58-47376,🟢 MOVING,4.1607301744583145
2026-01-23T17:03:52.220673,99,88230,31.99991,36.013805,326.39,0,58-88230,🛑 PARKED (EXTREME),0.0
2026-01-23T17:04:25.936601,99,69779,32.02082,35.842575,261.8,0,58-69779,🛑 PARKED (EXTREME),0.0
2026-01-23T17:04:25.936601,99,68570,32.020885,35.842594,292.8,0,58-68570,🛑 PARKED (EXTREME),0.0
2026-01-23T17:04:25.936601,99,25354,32.024586,35.85366,72,0,58-25354,🟢 MOVING,10.41558957437288
2026-01-23T17:04:25.936601,99,59779,32.002872,35.874977,142.8,0,58-59779,🟢 MOVING,7.60412591195422
2026-01-23T17:04:25.936601,99,69302,31.964607,35.884056,223.1,0,58-69302,🟡 STOPPED (BOARDING?),0.0
2026-01-23T17:04:25.936601,99,67678,31.967216,35.88695,168.9,0,58-67678,🟢 MOVING,16.653294812074208
2026-01-23T17:04:25.936601,99,11529,31.945461,35.928772,190.56,0,58-11529,🟢 MOVING,15.162663027964651
2026-01-23T17:04:25.936601,99,47376,31.94527,35.928688,202.9,0,58-47376,🟢 MOVING,11.163322790829735
2026-01-23T17:04:25.936601,99,88230,31.99991,36.013805,326.39,0,58-88230,🛑 PARKED (EXTREME),0.0
2026-01-23T17:05:04.675406,99,61004,32.020813,35.842693,283.39,0,58-61004,🟢 MOVING,3.9479854126187286
2026-01-23T17:05:04.675406,99,69779,32.02082,35.842575,261.8,0,58-69779,🛑 PARKED (EXTREME),0.0
2026-01-23T17:05:04.675406,99,68570,32.020885,35.842594,292.8,0,58-68570,🛑 PARKED (EXTREME),0.0
2026-01-23T17:05:04.675406,99,25354,32.02473,35.854256,44.4,0,58-25354,🟢 MOVING,1.5075533805877208
2026-01-23T17:05:04.675406,99,59779,31.999758,35.878845,126,0,58-59779,🟢 MOVING,12.977327606825757
2026-01-23T17:05:04.675406,99,69302,31.962898,35.882607,214.8,0,58-69302,🟢 MOVING,6.040335307781625
2026-01-23T17:05:04.675406,99,67678,31.96491,35.88443,225.4,0,58-67678,🟢 MOVING,9.022446396215896
2026-01-23T17:05:04.675406,99,11529,31.945461,35.928772,190.56,0,58-11529,🛑 PARKED (EXTREME),0.0
2026-01-23T17:05:04.675406,99,47376,31.94527,35.928688,202.9,0,58-47376,🛑 PARKED (EXTREME),0.0
2026-01-23T17:05:04.675406,99,88230,31.99991,36.013805,326.39,0,58-88230,🛑 PARKED (EXTREME),0.0
2026-01-23T17:05:37.721048,99,61004,32.020813,35.842693,283.39,0,58-61004,🛑 PARKED (EXTREME),0.0
2026-01-23T17:05:37.721048,99,69779,32.02082,35.842575,261.8,0,58-69779,🛑 PARKED (EXTREME),0.0
2026-01-23T17:05:37.721048,99,68570,32.020885,35.842594,292.8,0,58-68570,🛑 PARKED (EXTREME),0.0
2026-01-23T17:05:37.721048,99,25354,32.024754,35.854225,235.1,0,58-25354,🟡 STOPPED (BOARDING?),0.0
2026-01-23T17:05:37.721048,99,59779,31.998371,35.88099,130.19,0,58-59779,🟢 MOVING,7.605483343678309
2026-01-23T17:05:37.721048,99,69302,31.958817,35.879498,210.4,0,58-69302,🟢 MOVING,16.15569042008692
2026-01-23T17:05:37.721048,99,67678,31.964077,35.883625,216.9,0,58-67678,🟢 MOVING,3.5813253410568238
2026-01-23T17:05:37.721048,99,11529,31.945461,35.928772,190.56,0,58-11529,🛑 PARKED (EXTREME),0.0
2026-01-23T17:05:37.721048,99,47376,31.94527,35.928688,202.9,0,58-47376,🛑 PARKED (EXTREME),0.0
2026-01-23T17:05:37.721048,99,88230,31.99991,36.013805,326.39,0,58-88230,🛑 PARKED (EXTREME),0.0
2026-01-23T17:06:16.021158,99,61004,32.020813,35.842693,283.39,0,58-61004,🛑 PARKED (EXTREME),0.0
2026-01-23T17:06:16.021158,99,69779,32.02082,35.842575,261.8,0,58-69779,🛑 PARKED (EXTREME),0.0
2026-01-23T17:06:16.021158,99,68570,32.020885,35.842594,292.8,0,58-68570,🛑 PARKED (EXTREME),0.0
2026-01-23T17:06:16.021158,99,25354,32.02476,35.85459,87.2,0,58-25354,🟢 MOVING,0.915903208651293
2026-01-23T17:06:16.021158,99,59779,31.997522,35.882355,126.3,0,58-59779,🟢 MOVING,4.2481198606565895
2026-01-23T17:06:16.021158,99,69302,31.958368,35.879185,208.2,0,58-69302,🟢 MOVING,1.543668924517714
2026-01-23T17:06:16.021158,99,67678,31.958422,35.879234,213.1,0,58-67678,🟢 MOVING,20.0389999105399
2026-01-23T17:06:16.021158,99,11529,31.945461,35.928772,190.56,0,58-11529,🛑 PARKED (EXTREME),0.0
2026-01-23T17:06:16.021158,99,88230,31.99991,36.013805,326.39,0,58-88230,🛑 PARKED (EXTREME),0.0
2026-01-23T17:06:50.465101,99,61004,32.020813,35.842693,283.39,0,58-61004,🛑 PARKED (EXTREME),0.0
2026-01-23T17:06:50.465101,99,69779,32.02082,35.842575,261.8,0,58-69779,🛑 PARKED (EXTREME),0.0
2026-01-23T17:06:50.465101,99,68570,32.020885,35.842594,292.8,0,58-68570,🛑 PARKED (EXTREME),0.0
2026-01-23T17:06:50.465101,99,25354,32.024456,35.857018,107.6,0,58-25354,🟢 MOVING,6.72824156158556
2026-01-23T17:06:50.465101,99,59779,31.995296,35.88588,125.1,0,58-59779,🟢 MOVING,12.05169513547513
2026-01-23T17:06:50.465101,99,69302,31.95673,35.88156,122,0,58-69302,🟢 MOVING,8.396635910906875
2026-01-23T17:06:50.465101,99,67678,31.957527,35.88001,122.2,0,58-67678,🟢 MOVING,3.5926036693751153
2026-01-23T17:06:50.465101,99,11529,31.945461,35.928772,190.56,0,58-11529,🛑 PARKED (EXTREME),0.0
2026-01-23T17:06:50.465101,99,88230,31.99991,36.013805,326.39,0,58-88230,🛑 PARKED (EXTREME),0.0
2026-01-23T17:07:25.436455,99,61004,32.020813,35.842693,283.39,0,58-61004,🛑 PARKED (EXTREME),0.0
2026-01-23T17:07:25.436455,99,69779,32.02082,35.842575,261.8,0,58-69779,🛑 PARKED (EXTREME),0.0
2026-01-23T17:07:25.436455,99,68570,32.020885,35.842594,292.8,0,58-68570,🛑 PARKED (EXTREME),0.0
2026-01-23T17:07:25.436455,99,25354,32.022568,35.86033,134.19,0,58-25354,🟢 MOVING,10.736400594952851
2026-01-23T17:07:25.436455,99,59779,31.992622,35.890114,127.5,0,58-59779,🟢 MOVING,14.20030877449996
2026-01-23T17:07:25.436455,99,69302,31.95525,35.884323,115.9,0,58-69302,🟢 MOVING,8.793268766199914
2026-01-23T17:07:25.436455,99,67678,31.95534,35.884106,119.7,0,58-67678,🟢 MOVING,13.023632136037502
2026-01-23T17:07:25.436455,99,11529,31.945461,35.928772,190.56,0,58-11529,🛑 PARKED (EXTREME),0.0
2026-01-23T17:07:25.436455,99,88230,31.99991,36.013805,326.39,0,58-88230,🛑 PARKED (EXTREME),0.0
2026-01-23T17:07:56.945693,99,61004,32.020813,35.842693,283.39,0,58-61004,🛑 PARKED (EXTREME),0.0
2026-01-23T17:07:56.945693,99,69779,32.02082,35.842575,261.8,0,58-69779,🛑 PARKED (EXTREME),0.0
2026-01-23T17:07:56.945693,99,68570,32.020885,35.842594,292.8,0,58-68570,🛑 PARKED (EXTREME),0.0
2026-01-23T17:07:56.945693,99,25354,32.021744,35.861282,133.6,0,58-25354,🟢 MOVING,4.075534036019596
2026-01-23T17:07:56.945693,99,59779,31.99246,35.890347,124.2,0,58-59779,🟢 MOVING,0.9032473042840956
2026-01-23T17:07:56.945693,99,69302,31.954678,35.885956,110.8,0,58-69302,🟢 MOVING,5.298614157617016
2026-01-23T17:07:56.945693,99,67678,31.953938,35.88808,112.7,0,58-67678,🟢 MOVING,12.908059887877428
2026-01-23T17:07:56.945693,99,11529,31.945461,35.928772,190.56,0,58-11529,🛑 PARKED (EXTREME),0.0
2026-01-23T17:07:56.945693,99,88230,31.99991,36.013805,326.39,0,58-88230,🛑 PARKED (EXTREME),0.0
2026-01-23T17:08:29.727841,99,61004,32.020813,35.842693,283.39,0,58-61004,🛑 PARKED (EXTREME),0.0
2026-01-23T17:08:29.727841,99,69779,32.02082,35.842575,261.8,0,58-69779,🛑 PARKED (EXTREME),0.0
2026-01-23T17:08:29.727841,99,68570,32.020885,35.842594,292.8,0,58-68570,🛑 PARKED (EXTREME),0.0
2026-01-23T17:08:29.727841,99,25354,32.019234,35.86432,133.5,0,58-25354,🟢 MOVING,12.155606186037762
2026-01-23T17:08:29.727841,99,59779,31.989704,35.89368,138,0,58-59779,🟢 MOVING,13.34350727324372
2026-01-23T17:08:29.727841,99,69302,31.952662,35.891113,116.8,0,58-69302,🟢 MOVING,16.2830091822458
2026-01-23T17:08:29.727841,99,67678,31.951874,35.89324,106.8,0,58-67678,🟢 MOVING,16.35945327383494
2026-01-23T17:08:29.727841,99,11529,31.945461,35.928772,190.56,0,58-11529,🛑 PARKED (EXTREME),0.0
2026-01-23T17:08:29.727841,99,88230,31.99991,36.013805,326.39,0,58-88230,🛑 PARKED (EXTREME),0.0
2026-01-23T17:09:06.202135,99,61004,32.020813,35.842693,283.39,0,58-61004,🛑 PARKED (EXTREME),0.0
2026-01-23T17:09:06.202135,99,69779,32.02082,35.842575,261.8,0,58-69779,🛑 PARKED (EXTREME),0.0
2026-01-23T17:09:06.202135,99,68570,32.020885,35.842594,292.8,0,58-68570,🛑 PARKED (EXTREME),0.0
2026-01-23T17:09:06.202135,99,25354,32.01847,35.86512,140.1,0,58-25354,🟢 MOVING,3.1246736615969035
2026-01-23T17:09:06.202135,99,59779,31.988409,35.895065,136.9,0,58-59779,🟢 MOVING,5.347375167831772
2026-01-23T17:09:06.202135,99,69302,31.951832,35.89666,88.2,0,58-69302,🟢 MOVING,14.616852090585843
2026-01-23T17:09:06.202135,99,67678,31.951382,35.89966,114.2,0,58-67678,🟢 MOVING,16.72814022131861
2026-01-23T17:09:06.202135,99,11529,31.945461,35.928772,190.56,0,58-11529,🛑 PARKED (EXTREME),0.0
2026-01-23T17:09:06.202135,99,88230,31.99991,36.013805,326.39,0,58-88230,🛑 PARKED (EXTREME),0.0
2026-01-23T17:09:42.542744,99,61004,32.020813,35.842693,283.39,0,58-61004,🛑 PARKED (EXTREME),0.0
2026-01-23T17:09:42.542744,99,69779,32.02082,35.842575,261.8,0,58-69779,🛑 PARKED (EXTREME),0.0
2026-01-23T17:09:42.542744,99,68570,32.02203,35.84204,292.8,0,58-68570,🟢 MOVING,3.679244293778246
2026-01-23T17:09:42.542744,99,25354,32.015457,35.867874,144,0,58-25354,🟢 MOVING,11.336414948540968
2026-01-23T17:09:42.542744,99,59779,31.986383,35.896935,140.3,0,58-59779,🟢 MOVING,7.651895307165121
2026-01-23T17:09:42.542744,99,69302,31.950651,35.901127,127.2,0,58-69302,🟢 MOVING,11.806427010098687
2026-01-23T17:09:42.542744,99,67678,31.947308,35.904396,140.6,0,58-67678,🟢 MOVING,17.01815263895746
2026-01-23T17:09:42.542744,99,11529,31.945461,35.928772,190.56,0,58-11529,🛑 PARKED (EXTREME),0.0
2026-01-23T17:09:42.542744,99,88230,31.99991,36.013805,326.39,0,58-88230,🛑 PARKED (EXTREME),0.0
2026-01-23T17:10:20.049592,99,61004,32.020813,35.842693,283.39,0,58-61004,🛑 PARKED (EXTREME),0.0
2026-01-23T17:10:20.049592,99,69779,32.02082,35.842575,261.8,0,58-69779,🛑 PARKED (EXTREME),0.0
2026-01-23T17:10:20.049592,99,68570,32.021584,35.84327,44.1,0,58-68570,🟢 MOVING,3.4356869389539573
2026-01-23T17:10:20.049592,99,25354,32.0146,35.868668,142.8,0,58-25354,🟢 MOVING,3.301185633696688
2026-01-23T17:10:20.049592,99,59779,31.986006,35.897316,140.3,0,58-59779,🟢 MOVING,1.5040978143603798
2026-01-23T17:10:20.049592,99,69302,31.946768,35.904987,133.6,0,58-69302,🟢 MOVING,15.387584285114041
2026-01-23T17:10:20.049592,99,67678,31.94548,35.90713,68.59,0,58-67678,🟢 MOVING,8.946730870320536
2026-01-23T17:10:20.049592,99,11529,31.945461,35.928772,190.56,0,58-11529,🛑 PARKED (EXTREME),0.0
2026-01-23T17:10:20.049592,99,88230,31.99991,36.013805,326.39,0,58-88230,🛑 PARKED (EXTREME),0.0
2026-01-23T17:10:59.596597,99,61004,32.020813,35.842693,283.39,0,58-61004,🛑 PARKED (EXTREME),0.0
2026-01-23T17:10:59.596597,99,69779,32.02082,35.842575,261.8,0,58-69779,🛑 PARKED (EXTREME),0.0
2026-01-23T17:10:59.596597,99,68570,32.02374,35.850346,69,0,58-68570,🟢 MOVING,17.866872776175885
2026-01-23T17:10:59.596597,99,25354,32.01136,35.870724,159.6,0,58-25354,🟢 MOVING,10.311700452857416
2026-01-23T17:10:59.596597,99,59779,31.986006,35.897316,140.3,0,58-59779,🟡 STOPPED (BOARDING?),0.0
2026-01-23T17:10:59.596597,99,69302,31.945581,35.906704,127.3,0,58-69302,🟢 MOVING,5.266989030333929
2026-01-23T17:10:59.596597,99,67678,31.947527,35.91163,63.7,0,58-67678,🟢 MOVING,12.142608620313702
2026-01-23T17:10:59.596597,99,88230,31.99991,36.013805,326.39,0,58-88230,🛑 PARKED (EXTREME),0.0
2026-01-23T17:11:32.068435,99,61004,32.020813,35.842693,283.39,0,58-61004,🛑 PARKED (EXTREME),0.0
2026-01-23T17:11:32.068435,99,69779,32.02082,35.842575,261.8,0,58-69779,🛑 PARKED (EXTREME),0.0
2026-01-23T17:11:32.068435,99,68570,32.0247,35.854008,81.2,0,58-68570,🟢 MOVING,11.162319904632866
2026-01-23T17:11:32.068435,99,25354,32.00727,35.87212,160.6,0,58-25354,🟢 MOVING,14.619105841279714
2026-01-23T17:11:32.068435,99,59779,31.986006,35.897316,140.3,0,58-59779,🟡 STOPPED (BOARDING?),0.0
2026-01-23T17:11:32.068435,99,69302,31.94555,35.906746,129.4,0,58-69302,🟢 MOVING,0.1621786457551833
2026-01-23T17:11:32.068435,99,67678,31.948257,35.91492,101.4,0,58-67678,🟢 MOVING,9.907290642840104
2026-01-23T17:11:32.068435,99,88230,31.99991,36.013805,326.39,0,58-88230,🛑 PARKED (EXTREME),0.0
2026-01-23T17:12:03.616837,99,61004,32.020813,35.842693,283.39,0,58-61004,🛑 PARKED (EXTREME),0.0
2026-01-23T17:12:03.616837,99,69779,32.02082,35.842575,261.8,0,58-69779,🛑 PARKED (EXTREME),0.0
2026-01-23T17:12:03.616837,99,68570,32.024715,35.85401,75.8,0,58-68570,🟡 STOPPED (BOARDING?),0.0
2026-01-23T17:12:03.616837,99,25354,32.00521,35.873184,147.69,0,58-25354,🟢 MOVING,7.9852040420529455
2026-01-23T17:12:03.616837,99,59779,31.985748,35.89755,155.4,0,58-59779,🟢 MOVING,1.1557741664842485
2026-01-23T17:12:03.616837,99,69302,31.94581,35.90757,52.9,0,58-69302,🟢 MOVING,2.647874606082311
2026-01-23T17:12:03.616837,99,67678,31.94825,35.914932,101.6,0,58-67678,🟡 STOPPED (BOARDING?),0.0
2026-01-23T17:12:03.616837,99,88230,31.99991,36.013805,326.39,0,58-88230,🛑 PARKED (EXTREME),0.0
2026-01-23T17:12:40.252876,99,61004,32.020813,35.842693,283.39,0,58-61004,🛑 PARKED (EXTREME),0.0
2026-01-23T17:12:40.252876,99,69779,32.02082,35.842575,261.8,0,58-69779,🛑 PARKED (EXTREME),0.0
2026-01-23T17:12:40.252876,99,68570,32.024765,35.854576,87.4,0,58-68570,🟢 MOVING,1.4520033769875103
2026-01-23T17:12:40.252876,99,25354,32.004997,35.873367,155.4,0,58-25354,🟢 MOVING,0.7931270757191562
2026-01-23T17:12:40.252876,99,59779,31.985386,35.89792,133.8,0,58-59779,🟢 MOVING,1.441863936023626
2026-01-23T17:12:40.252876,99,69302,31.947847,35.91247,68.3,0,58-69302,🟢 MOVING,13.938146295288192
2026-01-23T17:12:40.252876,99,67678,31.947802,35.915955,124.2,0,58-67678,🟢 MOVING,2.940651981136148
2026-01-23T17:12:40.252876,99,88230,31.99991,36.013805,326.39,0,58-88230,🛑 PARKED (EXTREME),0.0
2026-01-23T17:13:15.438980,99,61004,32.020813,35.842693,283.39,0,58-61004,🛑 PARKED (EXTREME),0.0
2026-01-23T17:13:15.438980,99,69779,32.02082,35.842575,261.8,0,58-69779,🛑 PARKED (EXTREME),0.0
2026-01-23T17:13:15.438980,99,68570,32.024754,35.85493,83.8,0,58-68570,🟢 MOVING,0.949040077839918
2026-01-23T17:13:15.438980,99,25354,31.999132,35.879833,126.9,0,58-25354,🟢 MOVING,25.370281378899325
2026-01-23T17:13:15.438980,99,59779,31.985403,35.897923,133.69,0,58-59779,🟡 STOPPED (BOARDING?),0.0
2026-01-23T17:13:15.438980,99,69302,31.948286,35.91471,96.6,0,58-69302,🟢 MOVING,6.163985749007773
2026-01-23T17:13:15.438980,99,67678,31.94572,35.920414,104.5,0,58-67678,🟢 MOVING,13.646113848883068
2026-01-23T17:13:15.438980,99,88230,31.99991,36.013805,326.39,0,58-88230,🛑 PARKED (EXTREME),0.0
2026-01-23T17:13:55.321285,99,61004,32.020813,35.842693,283.39,0,58-61004,🛑 PARKED (EXTREME),0.0
2026-01-23T17:13:55.321285,99,69779,32.02082,35.842575,261.8,0,58-69779,🛑 PARKED (EXTREME),0.0
2026-01-23T17:13:55.321285,99,68570,32.023735,35.85879,124.5,0,58-68570,🟢 MOVING,9.624271909895667
2026-01-23T17:13:55.321285,99,25354,31.998404,35.881004,125.4,0,58-25354,🟢 MOVING,3.4576363577151334
2026-01-23T17:13:55.321285,99,59779,31.985813,35.897602,222.2,0,58-59779,🟢 MOVING,1.3820248124284238
2026-01-23T17:13:55.321285,99,69302,31.948254,35.9149,98.9,0,58-69302,🟢 MOVING,0.4615433128536736
2026-01-23T17:13:55.321285,99,67678,31.946373,35.925476,86.5,0,58-67678,🟢 MOVING,12.200069670010798
2026-01-23T17:13:55.321285,99,88230,31.99991,36.013805,326.39,0,58-88230,🛑 PARKED (EXTREME),0.0
2026-01-23T17:14:29.718118,99,61004,32.020813,35.842693,283.39,0,58-61004,🛑 PARKED (EXTREME),0.0
2026-01-23T17:14:29.718118,99,69779,32.02082,35.842575,261.8,0,58-69779,🛑 PARKED (EXTREME),0.0
2026-01-23T17:14:29.718118,99,68570,32.020386,35.86292,134.3,0,58-68570,🟢 MOVING,15.625069993082858
2026-01-23T17:14:29.718118,99,25354,31.99735,35.882603,126.7,0,58-25354,🟢 MOVING,5.538578886189268
2026-01-23T17:14:29.718118,99,59779,31.984322,35.895885,220,0,58-59779,🟢 MOVING,6.721180405862765
2026-01-23T17:14:29.718118,99,69302,31.948273,35.914913,98.8,0,58-69302,🟡 STOPPED (BOARDING?),0.0
2026-01-23T17:14:29.718118,99,67678,31.946373,35.925476,86.5,0,58-67678,🟡 STOPPED (BOARDING?),0.0
2026-01-23T17:14:29.718118,99,88230,31.99991,36.013805,326.39,0,58-88230,🛑 PARKED (EXTREME),0.0
2026-01-23T17:15:07.600662,99,11014,32.020874,35.842674,292.89,0,58-11014,🟢 MOVING,3.6016870318544156
2026-01-23T17:15:07.600662,99,61004,32.020813,35.842693,283.39,0,58-61004,🛑 PARKED (EXTREME),0.0
2026-01-23T17:15:07.600662,99,69779,32.02082,35.842575,261.8,0,58-69779,🛑 PARKED (EXTREME),0.0
2026-01-23T17:15:07.600662,99,68570,32.01896,35.8646,139.19,0,58-68570,🟢 MOVING,5.93133390776434
2026-01-23T17:15:07.600662,99,25354,31.994236,35.88749,126.7,0,58-25354,🟢 MOVING,15.255664786187841
2026-01-23T17:15:07.600662,99,59779,31.981853,35.89315,224.3,0,58-59779,🟢 MOVING,9.969767563017115
2026-01-23T17:15:07.600662,99,69302,31.947746,35.916084,124.2,0,58-69302,🟢 MOVING,3.3098515556117993
2026-01-23T17:15:07.600662,99,67678,31.946373,35.925476,86.5,0,58-67678,🟡 STOPPED (BOARDING?),0.0
2026-01-23T17:15:07.600662,99,88230,31.99991,36.013805,326.39,0,58-88230,🛑 PARKED (EXTREME),0.0
2026-01-23T17:15:44.570702,99,11014,32.020874,35.842674,292.89,0,58-11014,🛑 PARKED (EXTREME),0.0
2026-01-23T17:15:44.570702,99,61004,32.020813,35.842693,283.39,0,58-61004,🛑 PARKED (EXTREME),0.0
2026-01-23T17:15:44.570702,99,69779,32.02082,35.842575,261.8,0,58-69779,🛑 PARKED (EXTREME),0.0
2026-01-23T17:15:44.570702,99,68570,32.01831,35.865253,139.19,0,58-68570,🟢 MOVING,2.551250486210944
2026-01-23T17:15:44.570702,99,25354,31.992903,35.889618,127.3,0,58-25354,🟢 MOVING,6.704051436109365
2026-01-23T17:15:44.570702,99,59779,31.980814,35.89194,224.6,0,58-59779,🟢 MOVING,4.36378009062971
2026-01-23T17:15:44.570702,99,69302,31.9459,35.91975,103.9,0,58-69302,🟢 MOVING,10.80822845952682
2026-01-23T17:15:44.570702,99,67678,31.946373,35.925476,86.5,0,58-67678,🟡 STOPPED (BOARDING?),0.0
2026-01-23T17:15:44.570702,99,88230,31.99991,36.013805,326.39,0,58-88230,🛑 PARKED (EXTREME),0.0
2026-01-23T17:16:18.168965,99,11014,32.020874,35.842674,292.89,0,58-11014,🛑 PARKED (EXTREME),0.0
2026-01-23T17:16:18.168965,99,61004,32.020813,35.842693,283.39,0,58-61004,🛑 PARKED (EXTREME),0.0
2026-01-23T17:16:18.168965,99,69779,32.02082,35.842575,261.8,0,58-69779,🛑 PARKED (EXTREME),0.0
2026-01-23T17:16:18.168965,99,68570,32.01773,35.865833,143.3,0,58-68570,🟢 MOVING,2.519171931724278
2026-01-23T17:16:18.168965,99,25354,31.992727,35.889915,126.5,0,58-25354,🟢 MOVING,1.017997435647364
2026-01-23T17:16:18.168965,99,59779,31.980522,35.891598,224.2,0,58-59779,🟢 MOVING,1.3635915177541975
2026-01-23T17:16:18.168965,99,69302,31.946007,35.923492,64.8,0,58-69302,🟢 MOVING,10.525205330767106
2026-01-23T17:16:18.168965,99,67678,31.946373,35.925476,86.5,0,58-67678,🟡 STOPPED (BOARDING?),0.0
2026-01-23T17:16:18.168965,99,88230,31.99991,36.013805,326.39,0,58-88230,🛑 PARKED (EXTREME),0.0
2026-01-23T17:16:59.544378,99,11014,32.020874,35.842674,292.89,0,58-11014,🛑 PARKED (EXTREME),0.0
2026-01-23T17:16:59.544378,99,61004,32.020813,35.842693,283.39,0,58-61004,🛑 PARKED (EXTREME),0.0
2026-01-23T17:16:59.544378,99,69779,32.02082,35.842575,261.8,0,58-69779,🛑 PARKED (EXTREME),0.0
2026-01-23T17:16:59.544378,99,68570,32.01467,35.868652,142.9,0,58-68570,🟢 MOVING,10.459505400255388
2026-01-23T17:16:59.544378,99,25354,31.992544,35.89023,125.3,0,58-25354,🟢 MOVING,0.8722987524662009
2026-01-23T17:16:59.544378,99,59779,31.977654,35.888664,216.5,0,58-59779,🟢 MOVING,10.22888473989248
2026-01-23T17:16:59.544378,99,69302,31.94638,35.9258,86.2,0,58-69302,🟢 MOVING,5.370380874681427
2026-01-23T17:16:59.544378,99,67678,31.946373,35.925476,86.5,0,58-67678,🟡 STOPPED (BOARDING?),0.0
2026-01-23T17:16:59.544378,99,88230,31.99991,36.013805,326.39,0,58-88230,🛑 PARKED (EXTREME),0.0
2026-01-23T17:17:32.596466,99,11014,32.020874,35.842674,292.89,0,58-11014,🛑 PARKED (EXTREME),0.0
2026-01-23T17:17:32.596466,99,61004,32.020813,35.842693,283.39,0,58-61004,🛑 PARKED (EXTREME),0.0
2026-01-23T17:17:32.596466,99,69779,32.02082,35.842575,261.8,0,58-69779,🛑 PARKED (EXTREME),0.0
2026-01-23T17:17:32.596466,99,68570,32.005447,35.873127,152.69,0,58-68570,🟢 MOVING,33.730112124053335
2026-01-23T17:17:32.596466,99,25354,31.992542,35.89023,125.3,0,58-25354,🟡 STOPPED (BOARDING?),0.0
2026-01-23T17:17:32.596466,99,59779,31.977642,35.888657,216,0,58-59779,🟡 STOPPED (BOARDING?),0.0
2026-01-23T17:17:32.596466,99,69302,31.945705,35.928787,148.4,0,58-69302,🟢 MOVING,8.87110495559298
2026-01-23T17:17:32.596466,99,88230,31.99991,36.013805,326.39,0,58-88230,🛑 PARKED (EXTREME),0.0
2026-01-23T17:18:09.069859,99,11014,32.020874,35.842674,292.89,0,58-11014,🛑 PARKED (EXTREME),0.0
2026-01-23T17:18:09.069859,99,61004,32.020813,35.842693,283.39,0,58-61004,🛑 PARKED (EXTREME),0.0
2026-01-23T17:18:09.069859,99,69779,32.02082,35.842575,261.8,0,58-69779,🛑 PARKED (EXTREME),0.0
2026-01-23T17:18:09.069859,99,68570,32.00512,35.873318,150.19,0,58-68570,🟢 MOVING,1.1147953309357999
2026-01-23T17:18:09.069859,99,25354,31.991877,35.89122,127.8,0,58-25354,🟢 MOVING,3.272104103412371
2026-01-23T17:18:09.069859,99,59779,31.976686,35.88794,208.7,0,58-59779,🟢 MOVING,3.461468761662808
2026-01-23T17:18:09.069859,99,69302,31.945705,35.928787,148.4,0,58-69302,🛑 PARKED (EXTREME),0.0
2026-01-23T17:18:09.069859,99,88230,31.99991,36.013805,326.39,0,58-88230,🛑 PARKED (EXTREME),0.0
2026-01-23T17:18:41.002270,99,11014,32.020874,35.842674,292.89,0,58-11014,🛑 PARKED (EXTREME),0.0
2026-01-23T17:18:41.002270,99,61004,32.020813,35.842693,283.39,0,58-61004,🛑 PARKED (EXTREME),0.0
2026-01-23T17:18:41.002270,99,69779,32.02082,35.842575,261.8,0,58-69779,🛑 PARKED (EXTREME),0.0
2026-01-23T17:18:41.002270,99,68570,32.002403,35.87543,138.3,0,58-68570,🟢 MOVING,11.203426537587504
2026-01-23T17:18:41.002270,99,25354,31.988865,35.894558,138.3,0,58-25354,🟢 MOVING,14.231227156188831
2026-01-23T17:18:41.002270,99,59779,31.976105,35.88759,206.7,0,58-59779,🟢 MOVING,2.2462727513662433
2026-01-23T17:18:41.002270,99,69302,31.945705,35.928787,148.4,0,58-69302,🛑 PARKED (EXTREME),0.0
2026-01-23T17:18:41.002270,99,88230,31.99991,36.013805,326.39,0,58-88230,🛑 PARKED (EXTREME),0.0
2026-01-23T17:19:12.678800,99,97599,32.020844,35.842716,299.5,0,58-97599,🟢 MOVING,4.2094588588884365
2026-01-23T17:19:12.678800,99,11014,32.020874,35.842674,292.89,0,58-11014,🛑 PARKED (EXTREME),0.0
2026-01-23T17:19:12.678800,99,61004,32.020813,35.842693,283.39,0,58-61004,🛑 PARKED (EXTREME),0.0
2026-01-23T17:19:12.678800,99,69779,32.021717,35.84225,85.6,0,58-69779,🟢 MOVING,3.3286103348665756
2026-01-23T17:19:12.678800,99,68570,31.99827,35.88119,127.3,0,58-68570,🟢 MOVING,22.697364706050443
2026-01-23T17:19:12.678800,99,25354,31.986622,35.89672,139.3,0,58-25354,🟢 MOVING,10.276920936695236
2026-01-23T17:19:12.678800,99,59779,31.975847,35.887447,205.5,0,58-59779,🟢 MOVING,1.0112915075889695
2026-01-23T17:19:12.678800,99,69302,31.945705,35.928787,148.4,0,58-69302,🛑 PARKED (EXTREME),0.0
2026-01-23T17:19:12.678800,99,88230,31.99991,36.013805,326.39,0,58-88230,🛑 PARKED (EXTREME),0.0
2026-01-23T17:19:50.945176,99,97599,32.020844,35.842716,299.5,0,58-97599,🛑 PARKED (EXTREME),0.0
2026-01-23T17:19:50.945176,99,11014,32.020874,35.842674,292.89,0,58-11014,🛑 PARKED (EXTREME),0.0
2026-01-23T17:19:50.945176,99,61004,32.020813,35.842693,283.39,0,58-61004,🛑 PARKED (EXTREME),0.0
2026-01-23T17:19:50.945176,99,69779,32.021362,35.842995,63.2,0,58-69779,🟢 MOVING,2.097084678393312
2026-01-23T17:19:50.945176,99,68570,31.995825,35.88501,127.6,0,58-68570,🟢 MOVING,11.746968316929243
2026-01-23T17:19:50.945176,99,25354,31.985344,35.89792,133.6,0,58-25354,🟢 MOVING,4.728547213516193
2026-01-23T17:19:50.945176,99,59779,31.975636,35.887344,219.7,0,58-59779,🟢 MOVING,0.6609709421895594
2026-01-23T17:19:50.945176,99,69302,31.945705,35.928787,148.4,0,58-69302,🛑 PARKED (EXTREME),0.0
2026-01-23T17:19:50.945176,99,88230,31.99991,36.013805,326.39,0,58-88230,🛑 PARKED (EXTREME),0.0
2026-01-23T17:20:23.369824,99,97599,32.020844,35.842716,299.5,0,58-97599,🛑 PARKED (EXTREME),0.0
2026-01-23T17:20:23.369824,99,11014,32.020874,35.842674,292.89,0,58-11014,🛑 PARKED (EXTREME),0.0
2026-01-23T17:20:23.369824,99,61004,32.020813,35.842693,283.39,0,58-61004,🛑 PARKED (EXTREME),0.0
2026-01-23T17:20:23.369824,99,69779,32.02291,35.847496,73.3,0,58-69779,🟢 MOVING,14.06047527448989
2026-01-23T17:20:23.369824,99,68570,31.994806,35.886658,127.3,0,58-68570,🟢 MOVING,5.905585176935293
2026-01-23T17:20:23.369824,99,25354,31.985954,35.89799,297.2,0,58-25354,🟢 MOVING,2.0925411218310086
2026-01-23T17:20:23.369824,99,59779,31.972084,35.8863,190.1,0,58-59779,🟢 MOVING,12.498720954625538
2026-01-23T17:20:23.369824,99,69302,31.945705,35.928787,148.4,0,58-69302,🛑 PARKED (EXTREME),0.0
2026-01-23T17:20:23.369824,99,88230,31.99991,36.013805,326.39,0,58-88230,🛑 PARKED (EXTREME),0.0
2026-01-23T17:21:01.540249,99,97599,32.020844,35.842716,299.5,0,58-97599,🛑 PARKED (EXTREME),0.0
2026-01-23T17:21:01.540249,99,11014,32.020874,35.842674,292.89,0,58-11014,🛑 PARKED (EXTREME),0.0
2026-01-23T17:21:01.540249,99,61004,32.020813,35.842693,283.39,0,58-61004,🛑 PARKED (EXTREME),0.0
2026-01-23T17:21:01.540249,99,69779,32.02319,35.848553,71.09,0,58-69779,🟢 MOVING,2.736565824403521
2026-01-23T17:21:01.540249,99,68570,31.992863,35.88974,127.7,0,58-68570,🟢 MOVING,9.492928687909988
2026-01-23T17:21:01.540249,99,25354,31.984228,35.895725,208.4,0,58-25354,🟢 MOVING,7.527517545784689
2026-01-23T17:21:01.540249,99,59779,31.970589,35.886284,176.5,0,58-59779,🟢 MOVING,4.357651798112167
2026-01-23T17:21:01.540249,99,69302,31.945705,35.928787,148.4,0,58-69302,🛑 PARKED (EXTREME),0.0
2026-01-23T17:21:01.540249,99,88230,31.99991,36.013805,326.39,0,58-88230,🛑 PARKED (EXTREME),0.0
2026-01-23T17:21:36.755086,99,97599,32.020844,35.842716,299.5,0,58-97599,🛑 PARKED (EXTREME),0.0
2026-01-23T17:21:36.755086,99,11014,32.020874,35.842674,292.89,0,58-11014,🛑 PARKED (EXTREME),0.0
2026-01-23T17:21:36.755086,99,61004,32.020813,35.842693,283.39,0,58-61004,🛑 PARKED (EXTREME),0.0
2026-01-23T17:21:36.755086,99,69779,32.024418,35.852848,72.8,0,58-69779,🟢 MOVING,12.22865010726598
2026-01-23T17:21:36.755086,99,68570,31.992228,35.890675,127.4,0,58-68570,🟢 MOVING,3.2327388216878634
2026-01-23T17:21:36.755086,99,25354,31.982887,35.894375,226.4,0,58-25354,🟢 MOVING,5.611276697516601
2026-01-23T17:21:36.755086,99,59779,31.967333,35.886917,168.9,0,58-59779,🟢 MOVING,10.501000755373305
2026-01-23T17:21:36.755086,99,69302,31.945705,35.928787,148.4,0,58-69302,🛑 PARKED (EXTREME),0.0
2026-01-23T17:21:36.755086,99,88230,31.99991,36.013805,326.39,0,58-88230,🛑 PARKED (EXTREME),0.0
2026-01-23T17:22:11.306937,99,97599,32.020844,35.842716,299.5,0,58-97599,🛑 PARKED (EXTREME),0.0
2026-01-23T17:22:11.306937,99,11014,32.020874,35.842674,292.89,0,58-11014,🛑 PARKED (EXTREME),0.0
2026-01-23T17:22:11.306937,99,61004,32.020813,35.842693,283.39,0,58-61004,🛑 PARKED (EXTREME),0.0
2026-01-23T17:22:11.306937,99,69779,32.024776,35.854843,86.7,0,58-69779,🟢 MOVING,5.560301272969161
2026-01-23T17:22:11.306937,99,68570,31.989538,35.89385,137.69,0,58-68570,🟢 MOVING,12.241368924783725
2026-01-23T17:22:11.306937,99,25354,31.981222,35.892452,222.6,0,58-25354,🟢 MOVING,7.49627339140073
2026-01-23T17:22:11.306937,99,59779,31.967072,35.886997,171.9,0,58-59779,🟢 MOVING,0.86732748661138
2026-01-23T17:22:11.306937,99,69302,31.945705,35.928787,148.4,0,58-69302,🛑 PARKED (EXTREME),0.0
2026-01-23T17:22:11.306937,99,88230,31.99991,36.013805,326.39,0,58-88230,🛑 PARKED (EXTREME),0.0
2026-01-23T17:22:47.546309,99,97599,32.020844,35.842716,299.5,0,58-97599,🛑 PARKED (EXTREME),0.0
2026-01-23T17:22:47.546309,99,11014,32.020874,35.842674,292.89,0,58-11014,🛑 PARKED (EXTREME),0.0
2026-01-23T17:22:47.546309,99,61004,32.020813,35.842693,283.39,0,58-61004,🛑 PARKED (EXTREME),0.0
2026-01-23T17:22:47.546309,99,69779,32.02476,35.85504,87.9,0,58-69779,🟢 MOVING,0.5123147348974665
2026-01-23T17:22:47.546309,99,68570,31.986954,35.896385,141.5,0,58-68570,🟢 MOVING,10.26410110591993
2026-01-23T17:22:47.546309,99,25354,31.979038,35.89009,222.8,0,58-25354,🟢 MOVING,9.04959349326485
2026-01-23T17:22:47.546309,99,59779,31.966375,35.886044,236.9,0,58-59779,🟢 MOVING,3.259179538075329
2026-01-23T17:22:47.546309,99,69302,31.945705,35.928787,148.4,0,58-69302,🛑 PARKED (EXTREME),0.0
2026-01-23T17:22:47.546309,99,88230,31.99991,36.013805,326.39,0,58-88230,🛑 PARKED (EXTREME),0.0
2026-01-23T17:23:25.998518,99,97599,32.020844,35.842716,299.5,0,58-97599,🛑 PARKED (EXTREME),0.0
2026-01-23T17:23:25.998518,99,11014,32.020874,35.842674,292.89,0,58-11014,🛑 PARKED (EXTREME),0.0
2026-01-23T17:23:25.998518,99,61004,32.020813,35.842693,283.39,0,58-61004,🛑 PARKED (EXTREME),0.0
2026-01-23T17:23:25.998518,99,69779,32.02478,35.855083,87.5,0,58-69779,🟡 STOPPED (BOARDING?),0.0
2026-01-23T17:23:25.998518,99,68570,31.98562,35.897636,149.4,0,58-68570,🟢 MOVING,4.947069644399566
2026-01-23T17:23:25.998518,99,25354,31.976515,35.887825,207.1,0,58-25354,🟢 MOVING,9.203981625346906
2026-01-23T17:23:25.998518,99,59779,31.963678,35.883286,214.8,0,58-59779,🟢 MOVING,10.363253548132672
2026-01-23T17:23:25.998518,99,69302,31.945705,35.928787,148.4,0,58-69302,🛑 PARKED (EXTREME),0.0
2026-01-23T17:23:25.998518,99,88230,31.99991,36.013805,326.39,0,58-88230,🛑 PARKED (EXTREME),0.0
2026-01-23T17:24:03.443341,99,97599,32.020844,35.842716,299.5,0,58-97599,🛑 PARKED (EXTREME),0.0
2026-01-23T17:24:03.443341,99,11014,32.020874,35.842674,292.89,0,58-11014,🛑 PARKED (EXTREME),0.0
2026-01-23T17:24:03.443341,99,61004,32.020813,35.842693,283.39,0,58-61004,🛑 PARKED (EXTREME),0.0
2026-01-23T17:24:03.443341,99,69779,32.02318,35.859566,134.4,0,58-69779,🟢 MOVING,12.175730528098958
2026-01-23T17:24:03.443341,99,68570,31.985376,35.897884,135.4,0,58-68570,🟢 MOVING,0.9511632741143857
2026-01-23T17:24:03.443341,99,25354,31.976507,35.887825,206.8,0,58-25354,🟡 STOPPED (BOARDING?),0.0
2026-01-23T17:24:03.443341,99,59779,31.960932,35.88113,212.4,0,58-59779,🟢 MOVING,9.741642184887448
2026-01-23T17:24:03.443341,99,69302,31.945705,35.928787,148.4,0,58-69302,🛑 PARKED (EXTREME),0.0
2026-01-23T17:24:03.443341,99,88230,31.99991,36.013805,326.39,0,58-88230,🛑 PARKED (EXTREME),0.0
2026-01-23T17:24:39.857386,99,97599,32.020844,35.842716,299.5,0,58-97599,🛑 PARKED (EXTREME),0.0
2026-01-23T17:24:39.857386,99,11014,32.020874,35.842674,292.89,0,58-11014,🛑 PARKED (EXTREME),0.0
2026-01-23T17:24:39.857386,99,61004,32.020813,35.842693,283.39,0,58-61004,🛑 PARKED (EXTREME),0.0
2026-01-23T17:24:39.857386,99,69779,32.018864,35.86474,136.19,0,58-69779,🟢 MOVING,18.846115475268487
2026-01-23T17:24:39.857386,99,68570,31.985058,35.89673,224.8,0,58-68570,🟢 MOVING,3.151732811418752
2026-01-23T17:24:39.857386,99,25354,31.975632,35.887337,205.5,0,58-25354,🟢 MOVING,2.964352578822167
2026-01-23T17:24:39.857386,99,59779,31.95845,35.879272,211.2,0,58-59779,🟢 MOVING,9.004354609036096
2026-01-23T17:24:39.857386,99,69302,31.945705,35.928787,148.4,0,58-69302,🛑 PARKED (EXTREME),0.0
2026-01-23T17:24:39.857386,99,88230,31.99991,36.013805,326.39,0,58-88230,🛑 PARKED (EXTREME),0.0
2026-01-23T17:25:16.320171,99,97599,32.020844,35.842716,299.5,0,58-97599,🛑 PARKED (EXTREME),0.0
2026-01-23T17:25:16.320171,99,11014,32.020874,35.842674,292.89,0,58-11014,🛑 PARKED (EXTREME),0.0
2026-01-23T17:25:16.320171,99,61004,32.020813,35.842693,283.39,0,58-61004,🛑 PARKED (EXTREME),0.0
2026-01-23T17:25:16.320171,99,69779,32.018864,35.86474,136.19,0,58-69779,🟡 STOPPED (BOARDING?),0.0
2026-01-23T17:25:16.320171,99,68570,31.983408,35.894943,225.1,0,58-68570,🟢 MOVING,6.785545150462311
2026-01-23T17:25:16.320171,99,25354,31.969696,35.886322,175.5,0,58-25354,🟢 MOVING,18.165687197780542
2026-01-23T17:25:16.320171,99,59779,31.957937,35.879284,135.19,0,58-59779,🟢 MOVING,1.55395864413398
2026-01-23T17:25:16.320171,99,69302,31.945705,35.928787,148.4,0,58-69302,🛑 PARKED (EXTREME),0.0
2026-01-23T17:25:16.320171,99,88230,31.99991,36.013805,326.39,0,58-88230,🛑 PARKED (EXTREME),0.0
2026-01-23T17:25:55.392799,99,97599,32.020844,35.842716,299.5,0,58-97599,🛑 PARKED (EXTREME),0.0
2026-01-23T17:25:55.392799,99,11014,32.020874,35.842674,292.89,0,58-11014,🛑 PARKED (EXTREME),0.0
2026-01-23T17:25:55.392799,99,61004,32.020813,35.842693,283.39,0,58-61004,🛑 PARKED (EXTREME),0.0
2026-01-23T17:25:55.392799,99,69779,32.018757,35.864822,137.6,0,58-69779,🟢 MOVING,0.36401166448599515
2026-01-23T17:25:55.392799,99,68570,31.981836,35.893085,224,0,58-68570,🟢 MOVING,6.349072997085791
2026-01-23T17:25:55.392799,99,25354,31.96683,35.887005,209.5,0,58-25354,🟢 MOVING,8.340057818314179
2026-01-23T17:25:55.392799,99,59779,31.955276,35.88418,123.6,0,58-59779,🟢 MOVING,14.07099931495689
2026-01-23T17:25:55.392799,99,88230,31.99991,36.013805,326.39,0,58-88230,🛑 PARKED (EXTREME),0.0
2026-01-23T17:26:27.749480,99,97599,32.020844,35.842716,299.5,0,58-97599,🛑 PARKED (EXTREME),0.0
2026-01-23T17:26:27.749480,99,11014,32.020874,35.842674,292.89,0,58-11014,🛑 PARKED (EXTREME),0.0
2026-01-23T17:26:27.749480,99,61004,32.02215,35.84238,0,0,58-61004,🟢 MOVING,4.702110341154779
2026-01-23T17:26:27.749480,99,69779,32.018257,35.865345,138.9,0,58-69779,🟢 MOVING,2.3054135800965514
2026-01-23T17:26:27.749480,99,68570,31.980913,35.892014,225.8,0,58-68570,🟢 MOVING,4.468185677356008
2026-01-23T17:26:27.749480,99,25354,31.964926,35.88439,220.2,0,58-25354,🟢 MOVING,10.086519711629967
2026-01-23T17:26:27.749480,99,59779,31.953562,35.888996,118.3,0,58-59779,🟢 MOVING,15.288151585977213
2026-01-23T17:26:27.749480,99,88230,31.99991,36.013805,326.39,0,58-88230,🛑 PARKED (EXTREME),0.0
2026-01-23T17:27:07.286698,99,97599,32.020844,35.842716,299.5,0,58-97599,🛑 PARKED (EXTREME),0.0
2026-01-23T17:27:07.286698,99,11014,32.020874,35.842674,292.89,0,58-11014,🛑 PARKED (EXTREME),0.0
2026-01-23T17:27:07.286698,99,61004,32.022465,35.84586,72.2,0,58-61004,🟢 MOVING,8.378987899228024
2026-01-23T17:27:07.286698,99,69779,32.01271,35.87001,153.4,0,58-69779,🟢 MOVING,19.238253816912227
2026-01-23T17:27:07.286698,99,68570,31.977001,35.888165,211.8,0,58-68570,🟢 MOVING,14.388508732988246
2026-01-23T17:27:07.286698,99,25354,31.96457,35.884064,221.8,0,58-25354,🟢 MOVING,1.2729961357280444
2026-01-23T17:27:07.286698,99,59779,31.95337,35.88942,115.9,0,58-59779,🟢 MOVING,1.1515061254597012
2026-01-23T17:27:07.286698,99,88230,31.99991,36.013805,326.39,0,58-88230,🛑 PARKED (EXTREME),0.0
2026-01-23T17:27:47.405525,99,97599,32.020844,35.842716,299.5,0,58-97599,🛑 PARKED (EXTREME),0.0
2026-01-23T17:27:47.405525,99,11014,32.020874,35.842674,292.89,0,58-11014,🛑 PARKED (EXTREME),0.0
2026-01-23T17:27:47.405525,99,61004,32.02355,35.84975,71.7,0,58-61004,🟢 MOVING,9.64145962971315
2026-01-23T17:27:47.405525,99,69779,32.00804,35.87184,163.3,0,58-69779,🟢 MOVING,13.66065359123115
2026-01-23T17:27:47.405525,99,68570,31.976027,35.887566,205.4,0,58-68570,🟢 MOVING,3.0495791534363623
2026-01-23T17:27:47.405525,99,25354,31.962439,35.882248,213.3,0,58-25354,🟢 MOVING,7.299669342863337
2026-01-23T17:27:47.405525,99,59779,31.951752,35.89368,100.8,0,58-59779,🟢 MOVING,10.993252044191252
2026-01-23T17:27:47.405525,99,88230,31.99991,36.013805,326.39,0,58-88230,🛑 PARKED (EXTREME),0.0
2026-01-23T17:28:22.101806,99,97599,32.020844,35.842716,299.5,0,58-97599,🛑 PARKED (EXTREME),0.0
2026-01-23T17:28:22.101806,99,11014,32.020874,35.842674,292.89,0,58-11014,🛑 PARKED (EXTREME),0.0
2026-01-23T17:28:22.101806,99,61004,32.024708,35.85432,87,0,58-61004,🟢 MOVING,12.853668302554672
2026-01-23T17:28:22.101806,99,69779,32.005062,35.873344,151.9,0,58-69779,🟢 MOVING,10.301380173345784
2026-01-23T17:28:22.101806,99,68570,31.97303,35.88647,187.8,0,58-68570,🟢 MOVING,9.977950979297935
2026-01-23T17:28:22.101806,99,25354,31.958786,35.87947,210.3,0,58-25354,🟢 MOVING,13.82376037353754
2026-01-23T17:28:22.101806,99,59779,31.951826,35.897564,93.4,0,58-59779,🟢 MOVING,10.481905351530836
2026-01-23T17:28:22.101806,99,88230,31.99991,36.013805,326.39,0,58-88230,🛑 PARKED (EXTREME),0.0
2026-01-23T17:29:01.122378,99,97599,32.020844,35.842716,299.5,0,58-97599,🛑 PARKED (EXTREME),0.0
2026-01-23T17:29:01.122378,99,11014,32.020874,35.842674,292.89,0,58-11014,🛑 PARKED (EXTREME),0.0
2026-01-23T17:29:01.122378,99,61004,32.024765,35.855576,94.4,0,58-61004,🟢 MOVING,3.0575004448583853
2026-01-23T17:29:01.122378,99,69779,32.00506,35.87334,151.9,0,58-69779,🟡 STOPPED (BOARDING?),0.0
2026-01-23T17:29:01.122378,99,68570,31.972027,35.88632,183.5,0,58-68570,🟢 MOVING,2.8988139875525674
2026-01-23T17:29:01.122378,99,25354,31.957901,35.879383,124.8,0,58-25354,🟢 MOVING,2.546249429233749
2026-01-23T17:29:01.122378,99,59779,31.949068,35.902912,143.19,0,58-59779,🟢 MOVING,15.225224560105676
2026-01-23T17:29:01.122378,99,88230,31.99991,36.013805,326.39,0,58-88230,🛑 PARKED (EXTREME),0.0
2026-01-23T17:29:37.492914,99,97599,32.020844,35.842716,299.5,0,58-97599,🛑 PARKED (EXTREME),0.0
2026-01-23T17:29:37.492914,99,11014,32.020874,35.842674,292.89,0,58-11014,🛑 PARKED (EXTREME),0.0
2026-01-23T17:29:37.492914,99,61004,32.022156,35.8608,133.5,0,58-61004,🟢 MOVING,15.660926463164119
2026-01-23T17:29:37.492914,99,69779,32.005028,35.87336,152.19,0,58-69779,🟡 STOPPED (BOARDING?),0.0
2026-01-23T17:29:37.492914,99,68570,31.968271,35.88668,167.4,0,58-68570,🟢 MOVING,11.48096604743934
2026-01-23T17:29:37.492914,99,25354,31.955427,35.883972,120.1,0,58-25354,🟢 MOVING,14.054339269414742
2026-01-23T17:29:37.492914,99,59779,31.945738,35.906456,127.2,0,58-59779,🟢 MOVING,13.66996540617596
2026-01-23T17:29:37.492914,99,88230,31.99991,36.013805,326.39,0,58-88230,🛑 PARKED (EXTREME),0.0
2026-01-23T17:30:16.507667,99,97599,32.020844,35.842716,299.5,0,58-97599,🛑 PARKED (EXTREME),0.0
2026-01-23T17:30:16.507667,99,11014,32.020874,35.842674,292.89,0,58-11014,🛑 PARKED (EXTREME),0.0
2026-01-23T17:30:16.507667,99,61004,32.019333,35.8642,134.5,0,58-61004,🟢 MOVING,11.55821595856344
2026-01-23T17:30:16.507667,99,69779,32.002495,35.875324,138.5,0,58-69779,🟢 MOVING,8.68419105689119
2026-01-23T17:30:16.507667,99,68570,31.967054,35.88699,165.5,0,58-68570,🟢 MOVING,3.5667553979820656
2026-01-23T17:30:16.507667,99,25354,31.955187,35.8844,115.4,0,58-25354,🟢 MOVING,1.246936660416804
2026-01-23T17:30:16.507667,99,59779,31.94554,35.90674,128.6,0,58-59779,🟢 MOVING,0.8934754987455299
2026-01-23T17:30:16.507667,99,88230,31.99991,36.013805,326.39,0,58-88230,🛑 PARKED (EXTREME),0.0
2026-01-23T17:30:55.007869,99,97599,32.020844,35.842716,299.5,0,58-97599,🛑 PARKED (EXTREME),0.0
2026-01-23T17:30:55.007869,99,11014,32.020874,35.842674,292.89,0,58-11014,🛑 PARKED (EXTREME),0.0
2026-01-23T17:30:55.007869,99,61004,32.017925,35.865658,142.8,0,58-61004,🟢 MOVING,5.350206850702336
2026-01-23T17:30:55.007869,99,69779,31.99919,35.87973,126.5,0,58-69779,🟢 MOVING,14.244195882462092
2026-01-23T17:30:55.007869,99,68570,31.967058,35.887,165.4,0,58-68570,🟡 STOPPED (BOARDING?),0.0
2026-01-23T17:30:55.007869,99,25354,31.95389,35.888123,111.9,0,58-25354,🟢 MOVING,9.750183139428168
2026-01-23T17:30:55.007869,99,59779,31.948082,35.913242,73.8,0,58-59779,🟢 MOVING,17.3450123248611
2026-01-23T17:30:55.007869,99,88230,31.99991,36.013805,326.39,0,58-88230,🛑 PARKED (EXTREME),0.0
2026-01-23T17:31:31.890430,99,97599,32.020844,35.842716,299.5,0,58-97599,🛑 PARKED (EXTREME),0.0
2026-01-23T17:31:31.890430,99,11014,32.020874,35.842674,292.89,0,58-11014,🛑 PARKED (EXTREME),0.0
2026-01-23T17:31:31.890430,99,61004,32.015358,35.86799,140.5,0,58-61004,🟢 MOVING,9.837210077458682
2026-01-23T17:31:31.890430,99,69779,31.998035,35.88156,126.5,0,58-69779,🟢 MOVING,5.8707379168983085
2026-01-23T17:31:31.890430,99,68570,31.96671,35.886806,244.4,0,58-68570,🟢 MOVING,1.1682658550873675
2026-01-23T17:31:31.890430,99,25354,31.953602,35.88886,115.9,0,58-25354,🟢 MOVING,2.089343267822531
2026-01-23T17:31:31.890430,99,59779,31.948278,35.914776,95.8,0,58-59779,🟢 MOVING,3.994760144958318
2026-01-23T17:31:31.890430,99,88230,31.99991,36.013805,326.39,0,58-88230,🛑 PARKED (EXTREME),0.0
2026-01-23T17:32:05.786319,99,97599,32.020844,35.842716,299.5,0,58-97599,🛑 PARKED (EXTREME),0.0
2026-01-23T17:32:05.786319,99,11014,32.020874,35.842674,292.89,0,58-11014,🛑 PARKED (EXTREME),0.0
2026-01-23T17:32:05.786319,99,61004,32.015316,35.868034,143.3,0,58-61004,🟢 MOVING,0.18498022799223265
2026-01-23T17:32:05.786319,99,69779,31.99574,35.885105,125.7,0,58-69779,🟢 MOVING,12.455723575816386
2026-01-23T17:32:05.786319,99,68570,31.964638,35.884125,219.5,0,58-68570,🟢 MOVING,10.132278551951268
2026-01-23T17:32:05.786319,99,25354,31.95223,35.892097,114.8,0,58-25354,🟢 MOVING,10.110570587035802
2026-01-23T17:32:05.786319,99,59779,31.94825,35.91487,97.9,0,58-59779,🟢 MOVING,0.278383314277914
2026-01-23T17:32:05.786319,99,88230,31.99991,36.013805,326.39,0,58-88230,🛑 PARKED (EXTREME),0.0
2026-01-23T17:32:38.074897,99,97599,32.020844,35.842716,299.5,0,58-97599,🛑 PARKED (EXTREME),0.0
2026-01-23T17:32:38.074897,99,11014,32.020874,35.842674,292.89,0,58-11014,🛑 PARKED (EXTREME),0.0
2026-01-23T17:32:38.074897,99,61004,32.01038,35.871037,164.2,0,58-61004,🟢 MOVING,19.1255132842339
2026-01-23T17:32:38.074897,99,69779,31.994272,35.88745,126.1,0,58-69779,🟢 MOVING,8.515129754365706
2026-01-23T17:32:38.074897,99,68570,31.961502,35.881565,212.1,0,58-68570,🟢 MOVING,13.140608835345885
2026-01-23T17:32:38.074897,99,25354,31.95181,35.897636,94.1,0,58-25354,🟢 MOVING,16.254256385397195
2026-01-23T17:32:38.074897,99,59779,31.948235,35.915028,100.1,0,58-59779,🟢 MOVING,0.4647129573001646
2026-01-23T17:32:38.074897,99,88230,31.99991,36.013805,326.39,0,58-88230,🛑 PARKED (EXTREME),0.0
2026-01-23T17:33:13.426508,99,97599,32.020844,35.842716,299.5,0,58-97599,🛑 PARKED (EXTREME),0.0
2026-01-23T17:33:13.426508,99,11014,32.020874,35.842674,292.89,0,58-11014,🛑 PARKED (EXTREME),0.0
2026-01-23T17:33:13.426508,99,61004,32.005943,35.872814,152.19,0,58-61004,🟢 MOVING,14.632194574128542
2026-01-23T17:33:13.426508,99,69779,31.99276,35.889835,126.1,0,58-69779,🟢 MOVING,7.885813351501732
2026-01-23T17:33:13.426508,99,68570,31.95847,35.87926,207.2,0,58-68570,🟢 MOVING,11.266258743680087
2026-01-23T17:33:13.426508,99,25354,31.949194,35.90278,142.19,0,58-25354,🟢 MOVING,15.88980149657198
2026-01-23T17:33:13.426508,99,59779,31.947838,35.91589,123.2,0,58-59779,🟢 MOVING,2.5987170183189403
2026-01-23T17:33:13.426508,99,88230,31.99991,36.013805,326.39,0,58-88230,🛑 PARKED (EXTREME),0.0
2026-01-23T17:33:46.058395,99,97599,32.020844,35.842716,299.5,0,58-97599,🛑 PARKED (EXTREME),0.0
2026-01-23T17:33:46.058395,99,11014,32.02182,35.84241,124.6,0,58-11014,🟢 MOVING,3.342037194744802
2026-01-23T17:33:46.058395,99,61004,32.00522,35.873276,150.8,0,58-61004,🟢 MOVING,2.826305434215388
2026-01-23T17:33:46.058395,99,69779,31.992422,35.890347,126,0,58-69779,🟢 MOVING,1.8912876696842793
2026-01-23T17:33:46.058395,99,68570,31.957527,35.879986,122.9,0,58-68570,🟢 MOVING,3.8712321945692914
2026-01-23T17:33:46.058395,99,25354,31.945572,35.906727,127.2,0,58-25354,🟢 MOVING,16.955049470197682
2026-01-23T17:33:46.058395,99,59779,31.946459,35.918175,125.8,0,58-59779,🟢 MOVING,8.177542414192398
2026-01-23T17:33:46.058395,99,88230,31.99991,36.013805,326.39,0,58-88230,🛑 PARKED (EXTREME),0.0
2026-01-23T17:34:19.175797,99,97599,32.020844,35.842716,299.5,0,58-97599,🛑 PARKED (EXTREME),0.0
2026-01-23T17:34:19.175797,99,11014,32.021275,35.842808,49.3,0,58-11014,🟢 MOVING,2.1473122659787123
2026-01-23T17:34:19.175797,99,61004,32.004993,35.87335,151,0,58-61004,🟢 MOVING,0.7893190324363546
2026-01-23T17:34:19.175797,99,69779,31.992416,35.890354,125.6,0,58-69779,🟡 STOPPED (BOARDING?),0.0
2026-01-23T17:34:19.175797,99,68570,31.955242,35.884293,120.2,0,58-68570,🟢 MOVING,14.444421581253701
2026-01-23T17:34:19.175797,99,25354,31.94676,35.90988,64,0,58-25354,🟢 MOVING,9.81098243222143
2026-01-23T17:34:19.175797,99,59779,31.9459,35.923237,70.5,0,58-59779,🟢 MOVING,14.517110162976424
2026-01-23T17:34:19.175797,99,88230,31.99991,36.013805,326.39,0,58-88230,🛑 PARKED (EXTREME),0.0
2026-01-23T17:34:57.900137,99,97599,32.020844,35.842716,299.5,0,58-97599,🛑 PARKED (EXTREME),0.0
2026-01-23T17:34:57.900137,99,11014,32.023087,35.848248,75.3,0,58-11014,🟢 MOVING,14.187072143955804
2026-01-23T17:34:57.900137,99,61004,32.001724,35.876156,137.19,0,58-61004,🟢 MOVING,11.575790083855503
2026-01-23T17:34:57.900137,99,69779,31.990025,35.893333,137.6,0,58-69779,🟢 MOVING,9.958918452969518
2026-01-23T17:34:57.900137,99,68570,31.95522,35.88434,118.7,0,58-68570,🟢 MOVING,0.13038860368247746
2026-01-23T17:34:57.900137,99,25354,31.947767,35.91608,122.1,0,58-25354,🟢 MOVING,15.33509005466526
2026-01-23T17:34:57.900137,99,59779,31.946205,35.92739,104.1,0,58-59779,🟢 MOVING,10.126729215309775
2026-01-23T17:34:57.900137,99,88230,31.99991,36.013805,326.39,0,58-88230,🛑 PARKED (EXTREME),0.0
2026-01-23T17:35:32.349883,99,93341,32.02083,35.84272,286.8,0,58-93341,🟢 MOVING,3.766322881527018
2026-01-23T17:35:32.349883,99,97599,32.020844,35.842716,299.5,0,58-97599,🛑 PARKED (EXTREME),0.0
2026-01-23T17:35:32.349883,99,11014,32.023354,35.849186,72.3,0,58-11014,🟢 MOVING,2.697872864717355
2026-01-23T17:35:32.349883,99,61004,31.998629,35.88062,126.3,0,58-61004,🟢 MOVING,15.725659245239848
2026-01-23T17:35:32.349883,99,69779,31.987099,35.896267,146.9,0,58-69779,🟢 MOVING,12.352952408454218
2026-01-23T17:35:32.349883,99,68570,31.954285,35.88711,112,0,58-68570,🟢 MOVING,8.134568029312481
2026-01-23T17:35:32.349883,99,25354,31.94597,35.91934,106,0,58-25354,🟢 MOVING,10.608536580926817
2026-01-23T17:35:32.349883,99,59779,31.946205,35.92739,104.1,0,58-59779,🛑 PARKED (EXTREME),0.0
2026-01-23T17:35:32.349883,99,88230,31.99991,36.013805,326.39,0,58-88230,🛑 PARKED (EXTREME),0.0
2026-01-23T17:36:07.861429,99,93341,32.02083,35.84272,286.8,0,58-93341,🛑 PARKED (EXTREME),0.0
2026-01-23T17:36:07.861429,99,97599,32.020844,35.842716,299.5,0,58-97599,🛑 PARKED (EXTREME),0.0
2026-01-23T17:36:07.861429,99,11014,32.02418,35.852074,72.9,0,58-11014,🟢 MOVING,8.16750016760583
2026-01-23T17:36:07.861429,99,61004,31.994202,35.887596,126.2,0,58-61004,🟢 MOVING,23.354798710107165
2026-01-23T17:36:07.861429,99,69779,31.985868,35.897507,143.4,0,58-69779,🟢 MOVING,5.1155536679875135
2026-01-23T17:36:07.861429,99,68570,31.953384,35.889427,116.4,0,58-68570,🟢 MOVING,6.832561199001428
2026-01-23T17:36:07.861429,99,25354,31.946234,35.924397,75.9,0,58-25354,🟢 MOVING,13.583321244925283
2026-01-23T17:36:07.861429,99,59779,31.946205,35.92739,104.1,0,58-59779,🛑 PARKED (EXTREME),0.0
2026-01-23T17:36:07.861429,99,88230,31.99991,36.013805,326.39,0,58-88230,🛑 PARKED (EXTREME),0.0
2026-01-23T17:36:44.569720,99,93341,32.02083,35.84272,286.8,0,58-93341,🛑 PARKED (EXTREME),0.0
2026-01-23T17:36:44.569720,99,97599,32.020844,35.842716,299.5,0,58-97599,🛑 PARKED (EXTREME),0.0
2026-01-23T17:36:44.569720,99,11014,32.024708,35.85413,78.2,0,58-11014,🟢 MOVING,5.460504579591536
2026-01-23T17:36:44.569720,99,61004,31.992897,35.88969,129.9,0,58-61004,🟢 MOVING,6.607334362633916
2026-01-23T17:36:44.569720,99,69779,31.985456,35.89778,135,0,58-69779,🟢 MOVING,1.4174292317606267
2026-01-23T17:36:44.569720,99,68570,31.951748,35.894016,96.6,0,58-68570,🟢 MOVING,12.666712956765412
2026-01-23T17:36:44.569720,99,25354,31.946232,35.927097,100.4,0,58-25354,🟢 MOVING,6.871263117625651
2026-01-23T17:36:44.569720,99,88230,31.99991,36.013805,326.39,0,58-88230,🛑 PARKED (EXTREME),0.0
2026-01-23T17:37:22.926051,99,93341,32.02083,35.84272,286.8,0,58-93341,🛑 PARKED (EXTREME),0.0
2026-01-23T17:37:22.926051,99,97599,32.020844,35.842716,299.5,0,58-97599,🛑 PARKED (EXTREME),0.0
2026-01-23T17:37:22.926051,99,11014,32.024693,35.854122,78.2,0,58-11014,🟡 STOPPED (BOARDING?),0.0
2026-01-23T17:37:22.926051,99,61004,31.992828,35.8898,127.1,0,58-61004,🟢 MOVING,0.3352467925201903
2026-01-23T17:37:22.926051,99,69779,31.985374,35.897934,133.6,0,58-69779,🟢 MOVING,0.4455811884253371
2026-01-23T17:37:22.926051,99,68570,31.951351,35.89979,115.5,0,58-68570,🟢 MOVING,14.195011912819968
2026-01-23T17:37:22.926051,99,25354,31.946232,35.927097,100.4,0,58-25354,🟡 STOPPED (BOARDING?),0.0
2026-01-23T17:37:22.926051,99,88230,31.99991,36.013805,326.39,0,58-88230,🛑 PARKED (EXTREME),0.0
2026-01-23T17:38:02.516891,99,93341,32.02083,35.84272,286.8,0,58-93341,🛑 PARKED (EXTREME),0.0
2026-01-23T17:38:02.516891,99,97599,32.020844,35.842716,299.5,0,58-97599,🛑 PARKED (EXTREME),0.0
2026-01-23T17:38:02.516891,99,11014,32.024746,35.85421,78.2,0,58-11014,🟢 MOVING,0.25633179070293033
2026-01-23T17:38:02.516891,99,61004,31.99253,35.890224,126.6,0,58-61004,🟢 MOVING,1.3081127872444502
2026-01-23T17:38:02.516891,99,69779,31.985374,35.897934,133.6,0,58-69779,🟡 STOPPED (BOARDING?),0.0
2026-01-23T17:38:02.516891,99,68570,31.947659,35.90405,145.5,0,58-68570,🟢 MOVING,14.477897696370665
2026-01-23T17:38:02.516891,99,25354,31.946232,35.927097,100.4,0,58-25354,🟡 STOPPED (BOARDING?),0.0
2026-01-23T17:38:02.516891,99,88230,31.99991,36.013805,326.39,0,58-88230,🛑 PARKED (EXTREME),0.0
2026-01-23T17:38:37.897759,99,93341,32.02083,35.84272,286.8,0,58-93341,🛑 PARKED (EXTREME),0.0
2026-01-23T17:38:37.897759,99,97599,32.020844,35.842716,299.5,0,58-97599,🛑 PARKED (EXTREME),0.0
2026-01-23T17:38:37.897759,99,11014,32.024754,35.855064,88.3,0,58-11014,🟢 MOVING,2.2954681813981104
2026-01-23T17:38:37.897759,99,61004,31.991613,35.891613,132.5,0,58-61004,🟢 MOVING,4.730543961955448
2026-01-23T17:38:37.897759,99,69779,31.98569,35.89834,316.2,0,58-69779,🟢 MOVING,1.4810014240530212
2026-01-23T17:38:37.897759,99,68570,31.946348,35.90879,63.3,0,58-68570,🟢 MOVING,13.404896065299404
2026-01-23T17:38:37.897759,99,25354,31.946232,35.927097,100.4,0,58-25354,🟡 STOPPED (BOARDING?),0.0
2026-01-23T17:38:37.897759,99,88230,31.99991,36.013805,326.39,0,58-88230,🛑 PARKED (EXTREME),0.0
2026-01-23T17:39:16.175086,99,93341,32.02083,35.84272,286.8,0,58-93341,🛑 PARKED (EXTREME),0.0
2026-01-23T17:39:16.175086,99,97599,32.020844,35.842716,299.5,0,58-97599,🛑 PARKED (EXTREME),0.0
2026-01-23T17:39:16.175086,99,11014,32.02475,35.855057,88.9,0,58-11014,🟡 STOPPED (BOARDING?),0.0
2026-01-23T17:39:16.175086,99,61004,31.988314,35.895134,137.3,0,58-61004,🟢 MOVING,12.998173743002255
2026-01-23T17:39:16.175086,99,69779,31.981237,35.892483,224.5,0,58-69779,🟢 MOVING,19.48767249387334
2026-01-23T17:39:16.175086,99,68570,31.94827,35.91442,85.2,0,58-68570,🟢 MOVING,15.041463295235648
2026-01-23T17:39:16.175086,99,25354,31.946232,35.927097,100.4,0,58-25354,🟡 STOPPED (BOARDING?),0.0
2026-01-23T17:39:16.175086,99,88230,31.99991,36.013805,326.39,0,58-88230,🛑 PARKED (EXTREME),0.0
2026-01-23T17:39:47.474517,99,93341,32.02083,35.84272,286.8,0,58-93341,🛑 PARKED (EXTREME),0.0
2026-01-23T17:39:47.474517,99,97599,32.020844,35.842716,299.5,0,58-97599,🛑 PARKED (EXTREME),0.0
2026-01-23T17:39:47.474517,99,11014,32.023838,35.85857,122.9,0,58-11014,🟢 MOVING,11.02352446031742
2026-01-23T17:39:47.474517,99,61004,31.986126,35.89719,141.8,0,58-61004,🟢 MOVING,9.901684430424373
2026-01-23T17:39:47.474517,99,69779,31.980518,35.891582,223.7,0,58-69779,🟢 MOVING,3.7134474332806326
2026-01-23T17:39:47.474517,99,68570,31.94825,35.91486,95.7,0,58-68570,🟢 MOVING,1.323170886973428
2026-01-23T17:39:47.474517,99,25354,31.946232,35.927097,100.4,0,58-25354,🟡 STOPPED (BOARDING?),0.0
2026-01-23T17:39:47.474517,99,88230,31.99991,36.013805,326.39,0,58-88230,🛑 PARKED (EXTREME),0.0
2026-01-23T17:40:21.283956,99,93341,32.02083,35.84272,286.8,0,58-93341,🛑 PARKED (EXTREME),0.0
2026-01-23T17:40:21.283956,99,97599,32.020844,35.842716,299.5,0,58-97599,🛑 PARKED (EXTREME),0.0
2026-01-23T17:40:21.283956,99,11014,32.02152,35.861534,135.1,0,58-11014,🟢 MOVING,11.06346978479022
2026-01-23T17:40:21.283956,99,61004,31.986023,35.897343,146,0,58-61004,🟢 MOVING,0.5361470703901545
2026-01-23T17:40:21.283956,99,69779,31.978697,35.8897,224.1,0,58-69779,🟢 MOVING,7.8366607486345865
2026-01-23T17:40:21.283956,99,68570,31.94829,35.914833,132.4,0,58-68570,🟢 MOVING,0.14917067473578424
2026-01-23T17:40:21.283956,99,25354,31.946232,35.927097,100.4,0,58-25354,🟡 STOPPED (BOARDING?),0.0
2026-01-23T17:40:21.283956,99,88230,31.99991,36.013805,326.39,0,58-88230,🛑 PARKED (EXTREME),0.0
2026-01-23T17:40:59.772749,99,93341,32.02083,35.84272,286.8,0,58-93341,🛑 PARKED (EXTREME),0.0
2026-01-23T17:40:59.772749,99,97599,32.022133,35.842518,235.4,0,58-97599,🟢 MOVING,3.8024257311251
2026-01-23T17:40:59.772749,99,11014,32.01825,35.865345,139.4,0,58-11014,🟢 MOVING,13.44788570054743
2026-01-23T17:40:59.772749,99,61004,31.985456,35.897774,135,0,58-61004,🟢 MOVING,1.9734832977131977
2026-01-23T17:40:59.772749,99,69779,31.977589,35.888638,212.7,0,58-69779,🟢 MOVING,4.1772919081980415
2026-01-23T17:40:59.772749,99,68570,31.948038,35.915554,119.8,0,58-68570,🟢 MOVING,1.9355274112313587
2026-01-23T17:40:59.772749,99,88230,31.99991,36.013805,326.39,0,58-88230,🛑 PARKED (EXTREME),0.0
2026-01-23T17:41:38.428997,99,93341,32.02083,35.84272,286.8,0,58-93341,🛑 PARKED (EXTREME),0.0
2026-01-23T17:41:38.428997,99,97599,32.02133,35.842808,41,0,58-97599,🟢 MOVING,2.4234009585390406
2026-01-23T17:41:38.428997,99,11014,32.01665,35.866795,141.1,0,58-11014,🟢 MOVING,5.8206562493829175
2026-01-23T17:41:38.428997,99,61004,31.985336,35.897995,128.8,0,58-61004,🟢 MOVING,0.642034897905446
2026-01-23T17:41:38.428997,99,69779,31.977507,35.88859,212.1,0,58-69779,🟢 MOVING,0.26409678969191536
2026-01-23T17:41:38.428997,99,68570,31.947477,35.916523,125,0,58-68570,🟢 MOVING,2.871323513098157
2026-01-23T17:41:38.428997,99,88230,31.99991,36.013805,326.39,0,58-88230,🛑 PARKED (EXTREME),0.0
2026-01-23T17:42:15.883026,99,93341,32.02083,35.84272,286.8,0,58-93341,🛑 PARKED (EXTREME),0.0
2026-01-23T17:42:15.883026,99,97599,32.02263,35.846436,72.9,0,58-97599,🟢 MOVING,9.950942056158002
2026-01-23T17:42:15.883026,99,11014,32.01513,35.86814,140.1,0,58-11014,🟢 MOVING,5.664572728339958
2026-01-23T17:42:15.883026,99,61004,31.984392,35.895958,224.2,0,58-61004,🟢 MOVING,5.868984738624003
2026-01-23T17:42:15.883026,99,69779,31.97656,35.887856,209.3,0,58-69779,🟢 MOVING,3.3784441321470213
2026-01-23T17:42:15.883026,99,68570,31.94596,35.923412,70.59,0,58-68570,🟢 MOVING,18.002649934071346
2026-01-23T17:42:15.883026,99,88230,31.99991,36.013805,326.39,0,58-88230,🛑 PARKED (EXTREME),0.0
2026-01-23T17:42:47.438602,99,93341,32.02083,35.84272,286.8,0,58-93341,🛑 PARKED (EXTREME),0.0
2026-01-23T17:42:47.438602,99,97599,32.023174,35.84844,69.4,0,58-97599,🟢 MOVING,6.250284949933272
2026-01-23T17:42:47.438602,99,11014,32.014603,35.86867,142.69,0,58-11014,🟢 MOVING,2.4263187080310256
2026-01-23T17:42:47.438602,99,61004,31.983065,35.894615,226.3,0,58-61004,🟢 MOVING,6.126725744316693
2026-01-23T17:42:47.438602,99,69779,31.972134,35.88627,184.5,0,58-69779,🟢 MOVING,16.205889603490483
2026-01-23T17:42:47.438602,99,68570,31.946325,35.92528,84.9,0,58-68570,🟢 MOVING,5.698261207407558
2026-01-23T17:42:47.438602,99,88230,31.99991,36.013805,326.39,0,58-88230,🛑 PARKED (EXTREME),0.0
2026-01-23T17:43:28.201020,99,93341,32.02083,35.84272,286.8,0,58-93341,🛑 PARKED (EXTREME),0.0
2026-01-23T17:43:28.201020,99,97599,32.02473,35.85416,77.7,0,58-97599,🟢 MOVING,13.861279044681298
2026-01-23T17:43:28.201020,99,11014,32.00744,35.87205,161.5,0,58-11014,🟢 MOVING,20.998401574411858
2026-01-23T17:43:28.201020,99,61004,31.981403,35.89259,234,0,58-61004,🟢 MOVING,6.505150427268621
2026-01-23T17:43:28.201020,99,69779,31.970203,35.886303,176.9,0,58-69779,🟢 MOVING,5.254176568424947
2026-01-23T17:43:28.201020,99,68570,31.9462,35.927402,100.8,0,58-68570,🟢 MOVING,4.910671141545091
2026-01-23T17:43:28.201020,99,88230,31.99991,36.013805,326.39,0,58-88230,🛑 PARKED (EXTREME),0.0
2026-01-23T17:44:08.019078,99,11924,32.02081,35.842728,275.6,0,58-11924,🟢 MOVING,3.254209027219882
2026-01-23T17:44:08.019078,99,93341,32.02083,35.84272,286.8,0,58-93341,🛑 PARKED (EXTREME),0.0
2026-01-23T17:44:08.019078,99,97599,32.02475,35.854813,87.8,0,58-97599,🟢 MOVING,1.558528808416192
2026-01-23T17:44:08.019078,99,11014,32.005077,35.873356,150.5,0,58-11014,🟢 MOVING,7.341712572357704
2026-01-23T17:44:08.019078,99,61004,31.978966,35.89,223.9,0,58-61004,🟢 MOVING,9.23061723623036
2026-01-23T17:44:08.019078,99,69779,31.967014,35.88697,170.1,0,58-69779,🟢 MOVING,9.115366443854201
2026-01-23T17:44:08.019078,99,68570,31.9462,35.927402,100.8,0,58-68570,🛑 PARKED (EXTREME),0.0
2026-01-23T17:44:08.019078,99,88230,31.99991,36.013805,326.39,0,58-88230,🛑 PARKED (EXTREME),0.0
2026-01-23T17:44:39.764484,99,11924,32.02081,35.842728,275.6,0,58-11924,🛑 PARKED (EXTREME),0.0
2026-01-23T17:44:39.764484,99,93341,32.02083,35.84272,286.8,0,58-93341,🛑 PARKED (EXTREME),0.0
2026-01-23T17:44:39.764484,99,97599,32.02475,35.854813,87.8,0,58-97599,🟡 STOPPED (BOARDING?),0.0
2026-01-23T17:44:39.764484,99,11014,32.004494,35.87368,152.4,0,58-11014,🟢 MOVING,2.2421172990527793
2026-01-23T17:44:39.764484,99,61004,31.977634,35.88867,215.3,0,58-61004,🟢 MOVING,6.072564837979913
2026-01-23T17:44:39.764484,99,69779,31.9668,35.886974,206.7,0,58-69779,🟢 MOVING,0.7445686936314606
2026-01-23T17:44:39.764484,99,68570,31.9462,35.927402,100.8,0,58-68570,🛑 PARKED (EXTREME),0.0
2026-01-23T17:44:39.764484,99,88230,31.99991,36.013805,326.39,0,58-88230,🛑 PARKED (EXTREME),0.0
2026-01-23T17:45:11.891757,99,11924,32.02081,35.842728,275.6,0,58-11924,🛑 PARKED (EXTREME),0.0
2026-01-23T17:45:11.891757,99,93341,32.02083,35.84272,286.8,0,58-93341,🛑 PARKED (EXTREME),0.0
2026-01-23T17:45:11.891757,99,97599,32.02465,35.85622,102.5,0,58-97599,🟢 MOVING,4.133730525961508
2026-01-23T17:45:11.891757,99,11014,32.001423,35.87648,134.8,0,58-11014,🟢 MOVING,13.405020734244255
2026-01-23T17:45:11.891757,99,61004,31.976732,35.88797,208.7,0,58-61004,🟢 MOVING,3.729123740202797
2026-01-23T17:45:11.891757,99,69779,31.964657,35.88418,222.2,0,58-69779,🟢 MOVING,11.034595069355158
2026-01-23T17:45:11.891757,99,68570,31.9462,35.927402,100.8,0,58-68570,🛑 PARKED (EXTREME),0.0
2026-01-23T17:45:11.891757,99,88230,31.99991,36.013805,326.39,0,58-88230,🛑 PARKED (EXTREME),0.0
2026-01-23T17:45:44.655914,99,11924,32.02081,35.842728,275.6,0,58-11924,🛑 PARKED (EXTREME),0.0
2026-01-23T17:45:44.655914,99,93341,32.02083,35.84272,286.8,0,58-93341,🛑 PARKED (EXTREME),0.0
2026-01-23T17:45:44.655914,99,97599,32.022293,35.860645,136.5,0,58-97599,🟢 MOVING,15.126448297719286
2026-01-23T17:45:44.655914,99,11014,31.99859,35.880623,127.2,0,58-11014,🟢 MOVING,15.408908559202283
2026-01-23T17:45:44.655914,99,61004,31.973593,35.88654,190.1,0,58-61004,🟢 MOVING,11.48915092342209
2026-01-23T17:45:44.655914,99,69779,31.964521,35.88404,217.5,0,58-69779,🟢 MOVING,0.6164548929063061
2026-01-23T17:45:44.655914,99,68570,31.9462,35.927402,100.8,0,58-68570,🛑 PARKED (EXTREME),0.0
2026-01-23T17:45:44.655914,99,88230,31.99991,36.013805,326.39,0,58-88230,🛑 PARKED (EXTREME),0.0
2026-01-23T17:46:19.470901,99,11924,32.02081,35.842728,275.6,0,58-11924,🛑 PARKED (EXTREME),0.0
2026-01-23T17:46:19.470901,99,93341,32.02083,35.84272,286.8,0,58-93341,🛑 PARKED (EXTREME),0.0
2026-01-23T17:46:19.470901,99,97599,32.02119,35.861965,134.4,0,58-97599,🟢 MOVING,4.999950734804891
2026-01-23T17:46:19.470901,99,11014,31.996395,35.88409,127.7,0,58-11014,🟢 MOVING,11.6752991105905
2026-01-23T17:46:19.470901,99,61004,31.972088,35.88632,188.3,0,58-61004,🟢 MOVING,4.825523825408893
2026-01-23T17:46:19.470901,99,69779,31.96252,35.882343,213.9,0,58-69779,🟢 MOVING,7.843872984239797
2026-01-23T17:46:19.470901,99,68570,31.9462,35.927402,100.8,0,58-68570,🛑 PARKED (EXTREME),0.0
2026-01-23T17:46:19.470901,99,88230,31.99991,36.013805,326.39,0,58-88230,🛑 PARKED (EXTREME),0.0
2026-01-23T17:46:53.146031,99,11924,32.02081,35.842728,275.6,0,58-11924,🛑 PARKED (EXTREME),0.0
2026-01-23T17:46:53.146031,99,93341,32.02083,35.84272,286.8,0,58-93341,🛑 PARKED (EXTREME),0.0
2026-01-23T17:46:53.146031,99,97599,32.018227,35.865353,141.69,0,58-97599,🟢 MOVING,13.600488892153649
2026-01-23T17:46:53.146031,99,11014,31.993587,35.888535,126.1,0,58-11014,🟢 MOVING,15.4914473887252
2026-01-23T17:46:53.146031,99,61004,31.969526,35.886375,173.8,0,58-61004,🟢 MOVING,8.444720596714873
2026-01-23T17:46:53.146031,99,69779,31.957777,35.879528,123.2,0,58-69779,🟢 MOVING,17.500829211101554
2026-01-23T17:46:53.146031,99,68570,31.9462,35.927402,100.8,0,58-68570,🛑 PARKED (EXTREME),0.0
2026-01-23T17:46:53.146031,99,88230,31.99991,36.013805,326.39,0,58-88230,🛑 PARKED (EXTREME),0.0
2026-01-23T17:47:29.076686,99,11924,32.02081,35.842728,275.6,0,58-11924,🛑 PARKED (EXTREME),0.0
2026-01-23T17:47:29.076686,99,93341,32.02083,35.84272,286.8,0,58-93341,🛑 PARKED (EXTREME),0.0
2026-01-23T17:47:29.076686,99,97599,32.015457,35.867893,144.1,0,58-97599,🟢 MOVING,10.814027571418697
2026-01-23T17:47:29.076686,99,11014,31.99246,35.89035,128.9,0,58-11014,🟢 MOVING,5.877271172299248
2026-01-23T17:47:29.076686,99,61004,31.96891,35.88652,167.3,0,58-61004,🟢 MOVING,1.935162336333447
2026-01-23T17:47:29.076686,99,69779,31.954954,35.884926,110.8,0,58-69779,🟢 MOVING,16.574261116735528
2026-01-23T17:47:29.076686,99,68570,31.9462,35.927402,100.8,0,58-68570,🛑 PARKED (EXTREME),0.0
2026-01-23T17:47:29.076686,99,88230,31.99991,36.013805,326.39,0,58-88230,🛑 PARKED (EXTREME),0.0
2026-01-23T17:48:03.964842,99,11924,32.02081,35.842728,275.6,0,58-11924,🛑 PARKED (EXTREME),0.0
2026-01-23T17:48:03.964842,99,93341,32.02083,35.84272,286.8,0,58-93341,🛑 PARKED (EXTREME),0.0
2026-01-23T17:48:03.964842,99,97599,32.014515,35.868793,143.69,0,58-97599,🟢 MOVING,3.8998205557808747
2026-01-23T17:48:03.964842,99,11014,31.992413,35.89041,125.1,0,58-11014,🟢 MOVING,0.2229242259254334
2026-01-23T17:48:03.964842,99,61004,31.966545,35.886433,242.9,0,58-61004,🟢 MOVING,7.614602940286833
2026-01-23T17:48:03.964842,99,69779,31.953672,35.88862,117.2,0,58-69779,🟢 MOVING,10.89759047745736
2026-01-23T17:48:03.964842,99,68570,31.9462,35.927402,100.8,0,58-68570,🛑 PARKED (EXTREME),0.0
2026-01-23T17:48:03.964842,99,88230,31.99991,36.013805,326.39,0,58-88230,🛑 PARKED (EXTREME),0.0
2026-01-23T17:48:37.322221,99,11924,32.02081,35.842728,275.6,0,58-11924,🛑 PARKED (EXTREME),0.0
2026-01-23T17:48:37.322221,99,93341,32.02083,35.84272,286.8,0,58-93341,🛑 PARKED (EXTREME),0.0
2026-01-23T17:48:37.322221,99,97599,32.01012,35.87113,164.6,0,58-97599,🟢 MOVING,16.034489166862482
2026-01-23T17:48:37.322221,99,11014,31.99019,35.89314,137.69,0,58-11014,🟢 MOVING,10.6761175087562
2026-01-23T17:48:37.322221,99,61004,31.9641,35.883636,215.4,0,58-61004,🟢 MOVING,11.332526349428246
2026-01-23T17:48:37.322221,99,69779,31.953602,35.88886,115.9,0,58-69779,🟢 MOVING,0.7162106932724708
2026-01-23T17:48:37.322221,99,68570,31.9462,35.927402,100.8,0,58-68570,🛑 PARKED (EXTREME),0.0
2026-01-23T17:48:37.322221,99,88230,31.99991,36.013805,326.39,0,58-88230,🛑 PARKED (EXTREME),0.0
2026-01-23T17:49:16.669960,99,11924,32.02081,35.842728,275.6,0,58-11924,🛑 PARKED (EXTREME),0.0
2026-01-23T17:49:16.669960,99,93341,32.02083,35.84272,286.8,0,58-93341,🛑 PARKED (EXTREME),0.0
2026-01-23T17:49:16.669960,99,97599,32.005424,35.873096,152.8,0,58-97599,🟢 MOVING,14.166503714182616
2026-01-23T17:49:16.669960,99,11014,31.987465,35.895927,142.3,0,58-11014,🟢 MOVING,10.255358739454271
2026-01-23T17:49:16.669960,99,61004,31.958458,35.879272,212.3,0,58-61004,🟢 MOVING,19.178622649156484
2026-01-23T17:49:16.669960,99,69779,31.95201,35.892666,111.2,0,58-69779,🟢 MOVING,10.23229818674996
2026-01-23T17:49:16.669960,99,68570,31.9462,35.927402,100.8,0,58-68570,🛑 PARKED (EXTREME),0.0
2026-01-23T17:49:16.669960,99,88230,31.99991,36.013805,326.39,0,58-88230,🛑 PARKED (EXTREME),0.0
2026-01-23T17:49:55.025627,99,11924,32.02081,35.842728,275.6,0,58-11924,🛑 PARKED (EXTREME),0.0
2026-01-23T17:49:55.025627,99,93341,32.021805,35.84364,58.5,0,58-93341,🟢 MOVING,3.5899683496185073
2026-01-23T17:49:55.025627,99,97599,32.002693,35.875126,140.69,0,58-97599,🟢 MOVING,9.278166894939009
2026-01-23T17:49:55.025627,99,11014,31.985994,35.8973,141,0,58-11014,🟢 MOVING,5.392147783209472
2026-01-23T17:49:55.025627,99,61004,31.957796,35.879494,123.6,0,58-61004,🟢 MOVING,1.9787615250277912
2026-01-23T17:49:55.025627,99,69779,31.947966,35.903755,145.4,0,58-69779,🟢 MOVING,29.443564013079413
2026-01-23T17:49:55.025627,99,68570,31.9462,35.927402,100.8,0,58-68570,🛑 PARKED (EXTREME),0.0
2026-01-23T17:49:55.025627,99,88230,31.99991,36.013805,326.39,0,58-88230,🛑 PARKED (EXTREME),0.0
2026-01-23T17:50:30.469961,99,11924,32.02081,35.842728,275.6,0,58-11924,🛑 PARKED (EXTREME),0.0
2026-01-23T17:50:30.469961,99,93341,32.022858,35.84739,71.9,0,58-93341,🟢 MOVING,10.545332888164289
2026-01-23T17:50:30.469961,99,97599,31.999338,35.879482,125.6,0,58-97599,🟢 MOVING,15.713330556826826
2026-01-23T17:50:30.469961,99,11014,31.985382,35.897858,134.69,0,58-11014,🟢 MOVING,2.436115641978686
2026-01-23T17:50:30.469961,99,61004,31.95539,35.88396,118.8,0,58-61004,🟢 MOVING,14.133580351621378
2026-01-23T17:50:30.469961,99,69779,31.94552,35.906742,128.4,0,58-69779,🟢 MOVING,11.091362882048017
2026-01-23T17:50:30.469961,99,68570,31.9462,35.927402,100.8,0,58-68570,🛑 PARKED (EXTREME),0.0
2026-01-23T17:50:30.469961,99,88230,31.99991,36.013805,326.39,0,58-88230,🛑 PARKED (EXTREME),0.0
2026-01-23T17:51:02.032087,99,10987,32.020813,35.84273,286.45,0,58-10987,🟢 MOVING,3.9133334597369522
2026-01-23T17:51:02.032087,99,11924,32.02081,35.842728,275.6,0,58-11924,🛑 PARKED (EXTREME),0.0
2026-01-23T17:51:02.032087,99,93341,32.023106,35.848255,70.4,0,58-93341,🟢 MOVING,2.723928201487749
2026-01-23T17:51:02.032087,99,97599,31.996065,35.884655,126.5,0,58-97599,🟢 MOVING,19.265654953593213
2026-01-23T17:51:02.032087,99,11014,31.985376,35.89786,134.69,0,58-11014,🟡 STOPPED (BOARDING?),0.0
2026-01-23T17:51:02.032087,99,61004,31.955212,35.88433,118.6,0,58-61004,🟢 MOVING,1.2697711527199005
2026-01-23T17:51:02.032087,99,69779,31.946732,35.90978,64.3,0,58-69779,🟢 MOVING,10.022775295986728
2026-01-23T17:51:02.032087,99,88230,31.99991,36.013805,326.39,0,58-88230,🛑 PARKED (EXTREME),0.0
2026-01-23T17:51:41.188965,99,10987,32.020813,35.84273,286.45,0,58-10987,🛑 PARKED (EXTREME),0.0
2026-01-23T17:51:41.188965,99,11924,32.02081,35.842728,275.6,0,58-11924,🛑 PARKED (EXTREME),0.0
2026-01-23T17:51:41.188965,99,93341,32.02377,35.85057,70.8,0,58-93341,🟢 MOVING,5.884251770491379
2026-01-23T17:51:41.188965,99,97599,31.995344,35.88577,126.2,0,58-97599,🟢 MOVING,3.3769958398775435
2026-01-23T17:51:41.188965,99,11014,31.985891,35.897648,240,0,58-11014,🟢 MOVING,1.5495918346252255
2026-01-23T17:51:41.188965,99,61004,31.953583,35.888885,114.5,0,58-61004,🟢 MOVING,11.914236678006592
2026-01-23T17:51:41.188965,99,69779,31.9483,35.914608,85,0,58-69779,🟢 MOVING,12.461012570157544
2026-01-23T17:51:41.188965,99,88230,31.99991,36.013805,326.39,0,58-88230,🛑 PARKED (EXTREME),0.0
2026-01-23T17:53:10.478537,99,10987,32.020813,35.84273,286.45,0,58-10987,🛑 PARKED (EXTREME),0.0
2026-01-23T17:53:10.478537,99,11924,32.02081,35.842728,275.6,0,58-11924,🛑 PARKED (EXTREME),0.0
2026-01-23T17:53:10.478537,99,93341,32.02465,35.854187,191.9,0,58-93341,🟢 MOVING,3.946461708491102
2026-01-23T17:53:10.478537,99,97599,31.992786,35.88979,127.4,0,58-97599,🟢 MOVING,5.271802675866731
2026-01-23T17:53:10.478537,99,11014,31.98087,35.891983,226.4,0,58-11014,🟢 MOVING,8.595766292969069
2026-01-23T17:53:10.478537,99,61004,31.949322,35.90264,140.4,0,58-61004,🟢 MOVING,15.367271605022149
2026-01-23T17:53:10.478537,99,69779,31.946032,35.923557,70.9,0,58-69779,🟢 MOVING,9.802013216717226
2026-01-23T17:53:10.478537,99,88230,31.99991,36.013805,326.39,0,58-88230,🛑 PARKED (EXTREME),0.0
2026-01-23T17:53:50.188976,99,10987,32.020813,35.84273,286.45,0,58-10987,🛑 PARKED (EXTREME),0.0
2026-01-23T17:53:50.188976,99,11924,32.02081,35.842728,275.6,0,58-11924,🛑 PARKED (EXTREME),0.0
2026-01-23T17:53:50.188976,99,93341,32.02465,35.85418,143.4,0,58-93341,🟡 STOPPED (BOARDING?),0.0
2026-01-23T17:53:50.188976,99,97599,31.992119,35.89085,126.7,0,58-97599,🟢 MOVING,3.17018851863994
2026-01-23T17:53:50.188976,99,11014,31.980034,35.891075,221.7,0,58-11014,🟢 MOVING,3.2181498376023976
2026-01-23T17:53:50.188976,99,61004,31.945665,35.906532,125.4,0,58-61004,🟢 MOVING,13.950343220127028
2026-01-23T17:53:50.188976,99,69779,31.94634,35.925327,86.2,0,58-69779,🟢 MOVING,4.340633059511734
2026-01-23T17:53:50.188976,99,88230,31.99991,36.013805,326.39,0,58-88230,🛑 PARKED (EXTREME),0.0
2026-01-23T17:54:24.169880,99,10987,32.020813,35.84273,286.45,0,58-10987,🛑 PARKED (EXTREME),0.0
2026-01-23T17:54:24.169880,99,11924,32.02081,35.842728,275.6,0,58-11924,🛑 PARKED (EXTREME),0.0
2026-01-23T17:54:24.169880,99,93341,32.02475,35.855083,87.9,0,58-93341,🟢 MOVING,2.5541133700614194
2026-01-23T17:54:24.169880,99,97599,31.988642,35.89481,139.1,0,58-97599,🟢 MOVING,15.992029137684682
2026-01-23T17:54:24.169880,99,11014,31.978516,35.88948,221.7,0,58-11014,🟢 MOVING,6.72909335365747
2026-01-23T17:54:24.169880,99,61004,31.945507,35.906757,127.4,0,58-61004,🟢 MOVING,0.8201081681531976
2026-01-23T17:54:24.169880,99,69779,31.94634,35.925327,86.2,0,58-69779,🟡 STOPPED (BOARDING?),0.0
2026-01-23T17:54:24.169880,99,88230,31.99991,36.013805,326.39,0,58-88230,🛑 PARKED (EXTREME),0.0
2026-01-23T17:55:02.817675,99,47376,32.020786,35.8427,295.1,0,58-47376,🟢 MOVING,3.9379341640487744
2026-01-23T17:55:02.817675,99,10987,32.020813,35.84273,286.45,0,58-10987,🛑 PARKED (EXTREME),0.0
2026-01-23T17:55:02.817675,99,11924,32.02081,35.842728,275.6,0,58-11924,🛑 PARKED (EXTREME),0.0
2026-01-23T17:55:02.817675,99,93341,32.021713,35.861298,135.19,0,58-93341,🟢 MOVING,17.41284818486475
2026-01-23T17:55:02.817675,99,97599,31.986876,35.89645,145.6,0,58-97599,🟢 MOVING,6.436286565935044
2026-01-23T17:55:02.817675,99,11014,31.976074,35.88757,202.8,0,58-11014,🟢 MOVING,8.390530313189306
2026-01-23T17:55:02.817675,99,61004,31.945436,35.906918,105.8,0,58-61004,🟢 MOVING,0.44081539205770315
2026-01-23T17:55:02.817675,99,69779,31.94634,35.925327,86.2,0,58-69779,🟡 STOPPED (BOARDING?),0.0
2026-01-23T17:55:02.817675,99,88230,31.99991,36.013805,326.39,0,58-88230,🛑 PARKED (EXTREME),0.0
2026-01-23T17:55:36.975254,99,47376,32.020786,35.8427,295.1,0,58-47376,🛑 PARKED (EXTREME),0.0
2026-01-23T17:55:36.975254,99,10987,32.020813,35.84273,286.45,0,58-10987,🛑 PARKED (EXTREME),0.0
2026-01-23T17:55:36.975254,99,11924,32.02081,35.842728,275.6,0,58-11924,🛑 PARKED (EXTREME),0.0
2026-01-23T17:55:36.975254,99,93341,32.019268,35.864197,135,0,58-93341,🟢 MOVING,11.331972868931814
2026-01-23T17:55:36.975254,99,97599,31.985317,35.897934,131,0,58-97599,🟢 MOVING,6.549283522101117
2026-01-23T17:55:36.975254,99,11014,31.972391,35.886314,186.3,0,58-11014,🟢 MOVING,12.531874131284345
2026-01-23T17:55:36.975254,99,61004,31.947172,35.910866,63.9,0,58-61004,🟢 MOVING,12.332884697540875
2026-01-23T17:55:36.975254,99,69779,31.94634,35.925327,86.2,0,58-69779,🟡 STOPPED (BOARDING?),0.0
2026-01-23T17:55:36.975254,99,88230,31.99991,36.013805,326.39,0,58-88230,🛑 PARKED (EXTREME),0.0
2026-01-23T17:56:09.817867,99,47376,32.020786,35.8427,295.1,0,58-47376,🛑 PARKED (EXTREME),0.0
2026-01-23T17:56:09.817867,99,10987,32.020813,35.84273,286.45,0,58-10987,🛑 PARKED (EXTREME),0.0
2026-01-23T17:56:09.817867,99,11924,32.02081,35.842728,275.6,0,58-11924,🛑 PARKED (EXTREME),0.0
2026-01-23T17:56:09.817867,99,93341,32.018845,35.864727,135.5,0,58-93341,🟢 MOVING,2.0776679513936576
2026-01-23T17:56:09.817867,99,97599,31.985796,35.89814,311.2,0,58-97599,🟢 MOVING,1.7165348878601288
2026-01-23T17:56:09.817867,99,11014,31.971472,35.886272,180.7,0,58-11014,🟢 MOVING,3.0962262661405435
2026-01-23T17:56:09.817867,99,61004,31.948235,35.914852,99,0,58-61004,🟢 MOVING,11.93578690451908
2026-01-23T17:56:09.817867,99,69779,31.94634,35.925327,86.2,0,58-69779,🟡 STOPPED (BOARDING?),0.0
2026-01-23T17:56:09.817867,99,88230,31.99991,36.013805,326.39,0,58-88230,🛑 PARKED (EXTREME),0.0
2026-01-23T17:56:44.739279,99,47376,32.020786,35.8427,295.1,0,58-47376,🛑 PARKED (EXTREME),0.0
2026-01-23T17:56:44.739279,99,10987,32.020813,35.84273,286.45,0,58-10987,🛑 PARKED (EXTREME),0.0
2026-01-23T17:56:44.739279,99,11924,32.02081,35.842728,275.6,0,58-11924,🛑 PARKED (EXTREME),0.0
2026-01-23T17:56:44.739279,99,93341,32.01876,35.864815,137.4,0,58-93341,🟢 MOVING,0.3596045179599056
2026-01-23T17:56:44.739279,99,97599,31.985338,35.8971,227.2,0,58-97599,🟢 MOVING,3.1601412882475746
2026-01-23T17:56:44.739279,99,11014,31.967413,35.886883,168.8,0,58-11014,🟢 MOVING,13.010258450157453
2026-01-23T17:56:44.739279,99,61004,31.94794,35.915707,126,0,58-61004,🟢 MOVING,2.4900787578955828
2026-01-23T17:56:44.739279,99,69779,31.94634,35.925327,86.2,0,58-69779,🟡 STOPPED (BOARDING?),0.0
2026-01-23T17:56:44.739279,99,88230,31.99991,36.013805,326.39,0,58-88230,🛑 PARKED (EXTREME),0.0
2026-01-23T17:57:25.385367,99,47376,32.020786,35.8427,295.1,0,58-47376,🛑 PARKED (EXTREME),0.0
2026-01-23T17:57:25.385367,99,10987,32.020813,35.84273,286.45,0,58-10987,🛑 PARKED (EXTREME),0.0
2026-01-23T17:57:25.385367,99,11924,32.02081,35.842728,275.6,0,58-11924,🛑 PARKED (EXTREME),0.0
2026-01-23T17:57:25.385367,99,93341,32.01813,35.865437,135.6,0,58-93341,🟢 MOVING,2.245004074700229
2026-01-23T17:57:25.385367,99,97599,31.98294,35.894432,225.8,0,58-97599,🟢 MOVING,9.009495894552838
2026-01-23T17:57:25.385367,99,11014,31.967031,35.88697,171.2,0,58-11014,🟢 MOVING,1.063108774069188
2026-01-23T17:57:25.385367,99,61004,31.9455,35.921738,88.4,0,58-61004,🟢 MOVING,15.491671438048881
2026-01-23T17:57:25.385367,99,69779,31.94634,35.925327,86.2,0,58-69779,🟡 STOPPED (BOARDING?),0.0
2026-01-23T17:57:25.385367,99,88230,31.99991,36.013805,326.39,0,58-88230,🛑 PARKED (EXTREME),0.0
2026-01-23T17:58:06.507586,99,47376,32.020786,35.8427,295.1,0,58-47376,🛑 PARKED (EXTREME),0.0
2026-01-23T17:58:06.507586,99,10987,32.020813,35.84273,286.45,0,58-10987,🛑 PARKED (EXTREME),0.0
2026-01-23T17:58:06.507586,99,11924,32.02178,35.842472,85.8,0,58-11924,🟢 MOVING,2.6953172599413433
2026-01-23T17:58:06.507586,99,93341,32.01457,35.86869,142.5,0,58-93341,🟢 MOVING,12.211727968164242
2026-01-23T17:58:06.507586,99,97599,31.981274,35.892464,220.2,0,58-97599,🟢 MOVING,6.395097137801822
2026-01-23T17:58:06.507586,99,11014,31.966335,35.885998,234.3,0,58-11014,🟢 MOVING,2.926020187965346
2026-01-23T17:58:06.507586,99,61004,31.946362,35.926025,91.5,0,58-61004,🟢 MOVING,10.137288613301063
2026-01-23T17:58:06.507586,99,69779,31.94634,35.925327,86.2,0,58-69779,🟡 STOPPED (BOARDING?),0.0
2026-01-23T17:58:06.507586,99,88230,31.99991,36.013805,326.39,0,58-88230,🛑 PARKED (EXTREME),0.0
2026-01-23T17:58:40.793478,99,47376,32.020786,35.8427,295.1,0,58-47376,🛑 PARKED (EXTREME),0.0
2026-01-23T17:58:40.793478,99,10987,32.020813,35.84273,286.45,0,58-10987,🛑 PARKED (EXTREME),0.0
2026-01-23T17:58:40.793478,99,11924,32.021435,35.84311,47.9,0,58-11924,🟢 MOVING,2.0885309342187517
2026-01-23T17:58:40.793478,99,93341,32.01124,35.870754,162,0,58-93341,🟢 MOVING,12.246029509291832
2026-01-23T17:58:40.793478,99,97599,31.97911,35.890163,223,0,58-97599,🟢 MOVING,9.486425881219661
2026-01-23T17:58:40.793478,99,11014,31.964594,35.88406,218.7,0,58-11014,🟢 MOVING,7.795208435668605
2026-01-23T17:58:40.793478,99,61004,31.945608,35.92882,172.6,0,58-61004,🟢 MOVING,8.101294828357826
2026-01-23T17:58:40.793478,99,69779,31.94634,35.925327,86.2,0,58-69779,🟡 STOPPED (BOARDING?),0.0
2026-01-23T17:58:40.793478,99,88230,31.99991,36.013805,326.39,0,58-88230,🛑 PARKED (EXTREME),0.0
2026-01-23T17:59:20.632718,99,47376,32.020786,35.8427,295.1,0,58-47376,🛑 PARKED (EXTREME),0.0
2026-01-23T17:59:20.632718,99,10987,32.020813,35.84273,286.45,0,58-10987,🛑 PARKED (EXTREME),0.0
2026-01-23T17:59:20.632718,99,11924,32.02256,35.846382,72.9,0,58-11924,🟢 MOVING,8.353811214286008
2026-01-23T17:59:20.632718,99,93341,32.007683,35.872005,163.1,0,58-93341,🟢 MOVING,10.358090989415699
2026-01-23T17:59:20.632718,99,97599,31.977629,35.88868,214.7,0,58-97599,🟢 MOVING,5.422487503516237
2026-01-23T17:59:20.632718,99,11014,31.96408,35.883602,216.6,0,58-11014,🟢 MOVING,1.798076464529184
2026-01-23T17:59:20.632718,99,61004,31.945332,35.928696,196.4,0,58-61004,🟢 MOVING,0.8242708550584116
2026-01-23T17:59:20.632718,99,69779,31.94634,35.925327,86.2,0,58-69779,🟡 STOPPED (BOARDING?),0.0
2026-01-23T17:59:20.632718,99,88230,31.99991,36.013805,326.39,0,58-88230,🛑 PARKED (EXTREME),0.0
2026-01-23T17:59:54.995714,99,47376,32.020786,35.8427,295.1,0,58-47376,🛑 PARKED (EXTREME),0.0
2026-01-23T17:59:54.995714,99,10987,32.020813,35.84273,286.45,0,58-10987,🛑 PARKED (EXTREME),0.0
2026-01-23T17:59:54.995714,99,11924,32.023094,35.848286,75.5,0,58-11924,🟢 MOVING,5.512659824566558
2026-01-23T17:59:54.995714,99,93341,32.00501,35.873417,146.9,0,58-93341,🟢 MOVING,9.496003416114092
2026-01-23T17:59:54.995714,99,97599,31.97671,35.887985,208.7,0,58-97599,🟢 MOVING,3.5385739698849115
2026-01-23T17:59:54.995714,99,11014,31.963028,35.882736,216,0,58-11014,🟢 MOVING,4.158609328660171
2026-01-23T17:59:54.995714,99,61004,31.945332,35.928696,196.4,0,58-61004,🛑 PARKED (EXTREME),0.0
2026-01-23T17:59:54.995714,99,69779,31.94634,35.925327,86.2,0,58-69779,🟡 STOPPED (BOARDING?),0.0
2026-01-23T17:59:54.995714,99,88230,31.99991,36.013805,326.39,0,58-88230,🛑 PARKED (EXTREME),0.0
2026-01-23T18:00:33.836081,99,47376,32.020786,35.8427,295.1,0,58-47376,🛑 PARKED (EXTREME),0.0
2026-01-23T18:00:33.836081,99,10987,32.020813,35.84273,286.45,0,58-10987,🛑 PARKED (EXTREME),0.0
2026-01-23T18:00:33.836081,99,11924,32.024536,35.85337,73.2,0,58-11924,🟢 MOVING,12.954142422689552
2026-01-23T18:00:33.836081,99,93341,31.99956,35.8791,126.7,0,58-93341,🟢 MOVING,20.734985613358603
2026-01-23T18:00:33.836081,99,97599,31.972279,35.88633,184.6,0,58-97599,🟢 MOVING,13.251880597311567
2026-01-23T18:00:33.836081,99,11014,31.958452,35.879246,211.5,0,58-11014,🟢 MOVING,15.539346446483874
2026-01-23T18:00:33.836081,99,61004,31.945332,35.928696,196.4,0,58-61004,🛑 PARKED (EXTREME),0.0
2026-01-23T18:00:33.836081,99,69779,31.94634,35.925327,86.2,0,58-69779,🟡 STOPPED (BOARDING?),0.0
2026-01-23T18:00:33.836081,99,88230,31.99991,36.013805,326.39,0,58-88230,🛑 PARKED (EXTREME),0.0
2026-01-23T18:01:09.478879,99,47376,32.020786,35.8427,295.1,0,58-47376,🛑 PARKED (EXTREME),0.0
2026-01-23T18:01:09.478879,99,10987,32.020813,35.84273,286.45,0,58-10987,🛑 PARKED (EXTREME),0.0
2026-01-23T18:01:09.478879,99,11924,32.02469,35.85416,86.1,0,58-11924,🟢 MOVING,2.136293339208412
2026-01-23T18:01:09.478879,99,93341,31.998241,35.88119,129.69,0,58-93341,🟢 MOVING,6.867703681776106
2026-01-23T18:01:09.478879,99,97599,31.969522,35.88637,174.4,0,58-97599,🟢 MOVING,8.5706344853532
2026-01-23T18:01:09.478879,99,11014,31.957329,35.880295,122.1,0,58-11014,🟢 MOVING,4.454141778000171
2026-01-23T18:01:09.478879,99,61004,31.945332,35.928696,196.4,0,58-61004,🛑 PARKED (EXTREME),0.0
2026-01-23T18:01:09.478879,99,69779,31.94634,35.925327,86.2,0,58-69779,🟡 STOPPED (BOARDING?),0.0
2026-01-23T18:01:09.478879,99,88230,31.99991,36.013805,326.39,0,58-88230,🛑 PARKED (EXTREME),0.0
2026-01-23T18:01:45.694920,99,47376,32.020786,35.8427,295.1,0,58-47376,🛑 PARKED (EXTREME),0.0
2026-01-23T18:01:45.694920,99,10987,32.020813,35.84273,286.45,0,58-10987,🛑 PARKED (EXTREME),0.0
2026-01-23T18:01:45.694920,99,11924,32.024742,35.854904,87.8,0,58-11924,🟢 MOVING,1.9553979124064864
2026-01-23T18:01:45.694920,99,93341,31.995928,35.88482,125.6,0,58-93341,🟢 MOVING,11.896461320608788
2026-01-23T18:01:45.694920,99,97599,31.967247,35.886932,169.8,0,58-97599,🟢 MOVING,7.181296522248275
2026-01-23T18:01:45.694920,99,11014,31.955254,35.884224,118.3,0,58-11014,🟢 MOVING,12.131273391319384
2026-01-23T18:01:45.694920,99,61004,31.945332,35.928696,196.4,0,58-61004,🛑 PARKED (EXTREME),0.0
2026-01-23T18:01:45.694920,99,69779,31.94634,35.925327,86.2,0,58-69779,🟡 STOPPED (BOARDING?),0.0
2026-01-23T18:01:45.694920,99,88230,31.99991,36.013805,326.39,0,58-88230,🛑 PARKED (EXTREME),0.0
2026-01-23T18:02:17.789915,99,47376,32.020786,35.8427,295.1,0,58-47376,🛑 PARKED (EXTREME),0.0
2026-01-23T18:02:17.789915,99,10987,32.020813,35.84273,286.45,0,58-10987,🛑 PARKED (EXTREME),0.0
2026-01-23T18:02:17.789915,99,11924,32.024754,35.855045,89,0,58-11924,🟢 MOVING,0.41271029422173877
2026-01-23T18:02:17.789915,99,93341,31.995337,35.88577,126.4,0,58-93341,🟢 MOVING,3.432414987391658
2026-01-23T18:02:17.789915,99,97599,31.967043,35.887024,170.9,0,58-97599,🟢 MOVING,0.7503076105650475
2026-01-23T18:02:17.789915,99,11014,31.95494,35.885033,113.2,0,58-11014,🟢 MOVING,2.5929134461794923
2026-01-23T18:02:17.789915,99,61004,31.945332,35.928696,196.4,0,58-61004,🛑 PARKED (EXTREME),0.0
2026-01-23T18:02:17.789915,99,69779,31.94634,35.925327,86.2,0,58-69779,🟡 STOPPED (BOARDING?),0.0
2026-01-23T18:02:17.789915,99,88230,31.99991,36.013805,326.39,0,58-88230,🛑 PARKED (EXTREME),0.0
2026-01-23T18:02:54.468349,99,47376,32.020786,35.8427,295.1,0,58-47376,🛑 PARKED (EXTREME),0.0
2026-01-23T18:02:54.468349,99,10987,32.020813,35.84273,286.45,0,58-10987,🛑 PARKED (EXTREME),0.0
2026-01-23T18:02:54.468349,99,11924,32.02474,35.85552,94.1,0,58-11924,🟢 MOVING,1.2313053415891004
2026-01-23T18:02:54.468349,99,93341,31.993023,35.88942,127.3,0,58-93341,🟢 MOVING,11.809750210873815
2026-01-23T18:02:54.468349,99,97599,31.964596,35.884087,223.1,0,58-97599,🟢 MOVING,10.671297982641029
2026-01-23T18:02:54.468349,99,11014,31.953358,35.889454,117,0,58-11014,🟢 MOVING,12.439785467807344
2026-01-23T18:02:54.468349,99,61004,31.945332,35.928696,196.4,0,58-61004,🛑 PARKED (EXTREME),0.0
2026-01-23T18:02:54.468349,99,69779,31.94634,35.925327,86.2,0,58-69779,🟡 STOPPED (BOARDING?),0.0
2026-01-23T18:02:54.468349,99,88230,31.99991,36.013805,326.39,0,58-88230,🛑 PARKED (EXTREME),0.0
2026-01-23T18:03:30.485053,99,47376,32.020786,35.8427,295.1,0,58-47376,🛑 PARKED (EXTREME),0.0
2026-01-23T18:03:30.485053,99,10987,32.020813,35.84273,286.45,0,58-10987,🛑 PARKED (EXTREME),0.0
2026-01-23T18:03:30.485053,99,11924,32.021763,35.861202,134.5,0,58-11924,🟢 MOVING,17.54458809696519
2026-01-23T18:03:30.485053,99,93341,31.992525,35.890236,127.7,0,58-93341,🟢 MOVING,2.6414885416357183
2026-01-23T18:03:30.485053,99,97599,31.963034,35.88275,214.7,0,58-97599,🟢 MOVING,5.980578459161594
2026-01-23T18:03:30.485053,99,11014,31.951689,35.8943,92.1,0,58-11014,🟢 MOVING,13.74809298830499
2026-01-23T18:03:30.485053,99,61004,31.945332,35.928696,196.4,0,58-61004,🛑 PARKED (EXTREME),0.0
2026-01-23T18:03:30.485053,99,69779,31.94634,35.925327,86.2,0,58-69779,🟡 STOPPED (BOARDING?),0.0
2026-01-23T18:03:30.485053,99,88230,31.99991,36.013805,326.39,0,58-88230,🛑 PARKED (EXTREME),0.0
2026-01-23T18:04:11.313250,99,47376,32.020786,35.8427,295.1,0,58-47376,🛑 PARKED (EXTREME),0.0
2026-01-23T18:04:11.313250,99,10987,32.020813,35.84273,286.45,0,58-10987,🛑 PARKED (EXTREME),0.0
2026-01-23T18:04:11.313250,99,11924,32.0192,35.864243,134.69,0,58-11924,🟢 MOVING,9.854590162815983
2026-01-23T18:04:11.313250,99,93341,31.991713,35.891445,129.1,0,58-93341,🟢 MOVING,3.5442231738057868
2026-01-23T18:04:11.313250,99,97599,31.958448,35.879288,212.5,0,58-97599,🟢 MOVING,14.757177759587629
2026-01-23T18:04:11.313250,99,11014,31.951023,35.90043,122.2,0,58-11014,🟢 MOVING,14.209244671673567
2026-01-23T18:04:11.313250,99,61004,31.945332,35.928696,196.4,0,58-61004,🛑 PARKED (EXTREME),0.0
2026-01-23T18:04:11.313250,99,69779,31.94634,35.925327,86.2,0,58-69779,🟡 STOPPED (BOARDING?),0.0
2026-01-23T18:04:11.313250,99,88230,31.99991,36.013805,326.39,0,58-88230,🛑 PARKED (EXTREME),0.0
2026-01-23T18:04:44.886204,99,11529,32.020847,35.842556,298.04,0,58-11529,🟢 MOVING,3.577158359118031
2026-01-23T18:04:44.886204,99,47376,32.020786,35.8427,295.1,0,58-47376,🛑 PARKED (EXTREME),0.0
2026-01-23T18:04:44.886204,99,10987,32.020813,35.84273,286.45,0,58-10987,🛑 PARKED (EXTREME),0.0
2026-01-23T18:04:44.886204,99,11924,32.01817,35.865395,137.4,0,58-11924,🟢 MOVING,4.6955944343896
2026-01-23T18:04:44.886204,99,93341,31.988674,35.894733,139,0,58-93341,🟢 MOVING,13.64958445337827
2026-01-23T18:04:44.886204,99,97599,31.958405,35.87926,208.9,0,58-97599,🟢 MOVING,0.16257315263311892
2026-01-23T18:04:44.886204,99,11014,31.947412,35.904224,142.5,0,58-11014,🟢 MOVING,16.009386969824863
2026-01-23T18:04:44.886204,99,61004,31.945332,35.928696,196.4,0,58-61004,🛑 PARKED (EXTREME),0.0
2026-01-23T18:04:44.886204,99,69779,31.94634,35.925327,86.2,0,58-69779,🟡 STOPPED (BOARDING?),0.0
2026-01-23T18:04:44.886204,99,88230,32.000294,36.014812,0,0,58-88230,🟢 MOVING,3.0985735599219963
2026-01-23T18:05:22.289959,99,11529,32.020847,35.842556,298.04,0,58-11529,🛑 PARKED (EXTREME),0.0
2026-01-23T18:05:22.289959,99,47376,32.020786,35.8427,295.1,0,58-47376,🛑 PARKED (EXTREME),0.0
2026-01-23T18:05:22.289959,99,10987,32.020813,35.84273,286.45,0,58-10987,🛑 PARKED (EXTREME),0.0
2026-01-23T18:05:22.289959,99,11924,32.0171,35.866367,141.9,0,58-11924,🟢 MOVING,4.03245861740571
2026-01-23T18:05:22.289959,99,93341,31.988283,35.89518,137.8,0,58-93341,🟢 MOVING,1.6260799407844517
2026-01-23T18:05:22.289959,99,97599,31.95764,35.879795,122.4,0,58-97599,🟢 MOVING,2.655854102752245
2026-01-23T18:05:22.289959,99,11014,31.945518,35.90678,126.9,0,58-11014,🟢 MOVING,8.597143370242586
2026-01-23T18:05:22.289959,99,61004,31.945332,35.928696,196.4,0,58-61004,🛑 PARKED (EXTREME),0.0
2026-01-23T18:05:22.289959,99,69779,31.94634,35.925327,86.2,0,58-69779,🟡 STOPPED (BOARDING?),0.0
2026-01-23T18:05:22.289959,99,88230,32.000294,36.014812,0,0,58-88230,🛑 PARKED (EXTREME),0.0
2026-01-23T18:06:01.786880,99,67678,32.020813,35.842766,295,0,58-67678,🟢 MOVING,3.8657129835466564
2026-01-23T18:06:01.786880,99,11529,32.020847,35.842556,298.04,0,58-11529,🛑 PARKED (EXTREME),0.0
2026-01-23T18:06:01.786880,99,47376,32.020786,35.8427,295.1,0,58-47376,🛑 PARKED (EXTREME),0.0
2026-01-23T18:06:01.786880,99,10987,32.020813,35.84273,286.45,0,58-10987,🛑 PARKED (EXTREME),0.0
2026-01-23T18:06:01.786880,99,11924,32.01304,35.86982,152,0,58-11924,🟢 MOVING,14.017458562274777
2026-01-23T18:06:01.786880,99,93341,31.986742,35.89656,139.1,0,58-93341,🟢 MOVING,5.4190373548828905
2026-01-23T18:06:01.786880,99,97599,31.954008,35.887833,112.7,0,58-97599,🟢 MOVING,21.62910455956571
2026-01-23T18:06:01.786880,99,11014,31.945518,35.906788,126.9,0,58-11014,🟡 STOPPED (BOARDING?),0.0
2026-01-23T18:06:01.786880,99,88230,32.000294,36.014812,0,0,58-88230,🛑 PARKED (EXTREME),0.0
2026-01-23T18:06:35.735904,99,67678,32.020824,35.842735,302.7,0,58-67678,🛑 PARKED (EXTREME),0.0
2026-01-23T18:06:35.735904,99,11529,32.020847,35.842556,298.04,0,58-11529,🛑 PARKED (EXTREME),0.0
2026-01-23T18:06:35.735904,99,47376,32.020786,35.8427,295.1,0,58-47376,🛑 PARKED (EXTREME),0.0
2026-01-23T18:06:35.735904,99,10987,32.021267,35.842873,63.59,0,58-10987,🟢 MOVING,1.5450337707586095
2026-01-23T18:06:35.735904,99,11924,32.00821,35.8718,163.3,0,58-11924,🟢 MOVING,16.81279518305661
2026-01-23T18:06:35.735904,99,93341,31.98589,35.897404,139.4,0,58-93341,🟢 MOVING,3.6588622031665494
2026-01-23T18:06:35.735904,99,97599,31.9537,35.888626,116.1,0,58-97599,🟢 MOVING,2.434156723686221
2026-01-23T18:06:35.735904,99,11014,31.946117,35.90828,63.4,0,58-11014,🟢 MOVING,4.6071856859103155
2026-01-23T18:06:35.735904,99,88230,32.000294,36.014812,0,0,58-88230,🛑 PARKED (EXTREME),0.0
2026-01-23T18:07:12.691240,99,67678,32.020824,35.842735,302.7,0,58-67678,🛑 PARKED (EXTREME),0.0
2026-01-23T18:07:12.691240,99,11529,32.020847,35.842556,298.04,0,58-11529,🛑 PARKED (EXTREME),0.0
2026-01-23T18:07:12.691240,99,47376,32.020786,35.8427,295.1,0,58-47376,🛑 PARKED (EXTREME),0.0
2026-01-23T18:07:12.691240,99,10987,32.022503,35.8462,71.5,0,58-10987,🟢 MOVING,9.239406559162646
2026-01-23T18:07:12.691240,99,11924,32.00513,35.87327,152.4,0,58-11924,🟢 MOVING,9.968420150691884
2026-01-23T18:07:12.691240,99,93341,31.98589,35.897404,139.4,0,58-93341,🟡 STOPPED (BOARDING?),0.0
2026-01-23T18:07:12.691240,99,97599,31.95219,35.89213,115.6,0,58-97599,🟢 MOVING,10.004052917807018
2026-01-23T18:07:12.691240,99,11014,31.947954,35.91285,70.3,0,58-11014,🟢 MOVING,12.873229356350171
2026-01-23T18:07:12.691240,99,88230,32.000294,36.014816,0,0,58-88230,🛑 PARKED (EXTREME),0.0
2026-01-23T18:07:52.378409,99,67678,32.020824,35.842735,302.7,0,58-67678,🛑 PARKED (EXTREME),0.0
2026-01-23T18:07:52.378409,99,11529,32.020847,35.842556,298.04,0,58-11529,🛑 PARKED (EXTREME),0.0
2026-01-23T18:07:52.378409,99,47376,32.020786,35.8427,295.1,0,58-47376,🛑 PARKED (EXTREME),0.0
2026-01-23T18:07:52.378409,99,10987,32.02335,35.849255,72.12,0,58-10987,🟢 MOVING,7.6656723049328575
2026-01-23T18:07:52.378409,99,11924,32.004562,35.87364,151.8,0,58-11924,🟢 MOVING,1.8253379816547604
2026-01-23T18:07:52.378409,99,93341,31.985332,35.897915,128.6,0,58-93341,🟢 MOVING,1.9875174135811033
2026-01-23T18:07:52.378409,99,97599,31.950024,35.901943,135.69,0,58-97599,🟢 MOVING,24.20129897307463
2026-01-23T18:07:52.378409,99,11014,31.948254,35.914795,89.7,0,58-11014,🟢 MOVING,4.718574334338564
2026-01-23T18:07:52.378409,99,88230,32.000294,36.014816,0,0,58-88230,🛑 PARKED (EXTREME),0.0
2026-01-23T18:08:25.196610,99,67678,32.020824,35.842735,302.7,0,58-67678,🛑 PARKED (EXTREME),0.0
2026-01-23T18:08:25.196610,99,11529,32.020847,35.842556,298.04,0,58-11529,🛑 PARKED (EXTREME),0.0
2026-01-23T18:08:25.196610,99,47376,32.020786,35.8427,295.1,0,58-47376,🛑 PARKED (EXTREME),0.0
2026-01-23T18:08:25.196610,99,10987,32.02444,35.853123,73.11,0,58-10987,🟢 MOVING,11.74759748739453
2026-01-23T18:08:25.196610,99,11924,32.001442,35.87644,134.6,0,58-11924,🟢 MOVING,13.328226115696502
2026-01-23T18:08:25.196610,99,93341,31.985308,35.89794,126.7,0,58-93341,🟡 STOPPED (BOARDING?),0.0
2026-01-23T18:08:25.196610,99,97599,31.946749,35.90496,135.1,0,58-97599,🟢 MOVING,14.130678521809964
2026-01-23T18:08:25.196610,99,11014,31.94661,35.917866,125.7,0,58-11014,🟢 MOVING,10.473858116535986
2026-01-23T18:08:25.196610,99,88230,32.000294,36.014816,0,0,58-88230,🛑 PARKED (EXTREME),0.0
2026-01-23T18:09:01.696079,99,67678,32.020824,35.842735,302.7,0,58-67678,🛑 PARKED (EXTREME),0.0
2026-01-23T18:09:01.696079,99,11529,32.020847,35.842556,298.04,0,58-11529,🛑 PARKED (EXTREME),0.0
2026-01-23T18:09:01.696079,99,47376,32.020786,35.8427,295.1,0,58-47376,🛑 PARKED (EXTREME),0.0
2026-01-23T18:09:01.696079,99,10987,32.024673,35.854126,0,0,58-10987,🟢 MOVING,2.642182047454477
2026-01-23T18:09:01.696079,99,11924,31.99718,35.882874,126.8,0,58-11924,🟢 MOVING,20.74781611645196
2026-01-23T18:09:01.696079,99,93341,31.985792,35.898125,312.1,0,58-93341,🟢 MOVING,1.524704057510284
2026-01-23T18:09:01.696079,99,97599,31.945545,35.906773,125.4,0,58-97599,🟢 MOVING,5.854113892394341
2026-01-23T18:09:01.696079,99,11014,31.945665,35.92262,67.7,0,58-11014,🟢 MOVING,12.415768701800912
2026-01-23T18:09:01.696079,99,88230,32.000294,36.014816,0,0,58-88230,🛑 PARKED (EXTREME),0.0
2026-01-23T18:09:34.059766,99,67678,32.020824,35.842735,302.7,0,58-67678,🛑 PARKED (EXTREME),0.0
2026-01-23T18:09:34.059766,99,11529,32.020847,35.842556,298.04,0,58-11529,🛑 PARKED (EXTREME),0.0
2026-01-23T18:09:34.059766,99,47376,32.020786,35.8427,295.1,0,58-47376,🛑 PARKED (EXTREME),0.0
2026-01-23T18:09:34.059766,99,10987,32.024635,35.856033,104.14,0,58-10987,🟢 MOVING,5.656022049626764
2026-01-23T18:09:34.059766,99,11924,31.995754,35.885056,128.4,0,58-11924,🟢 MOVING,8.170497100377315
2026-01-23T18:09:34.059766,99,93341,31.983168,35.89474,225.7,0,58-93341,🟢 MOVING,13.603116737521834
2026-01-23T18:09:34.059766,99,97599,31.945545,35.906773,125.4,0,58-97599,🟡 STOPPED (BOARDING?),0.0
2026-01-23T18:09:34.059766,99,11014,31.946272,35.92699,99.1,0,58-11014,🟢 MOVING,13.141240891143783
2026-01-23T18:09:34.059766,99,88230,32.000294,36.014816,0,0,58-88230,🛑 PARKED (EXTREME),0.0
2026-01-23T18:10:12.082626,99,67678,32.020824,35.842735,302.7,0,58-67678,🛑 PARKED (EXTREME),0.0
2026-01-23T18:10:12.082626,99,11529,32.020847,35.842556,298.04,0,58-11529,🛑 PARKED (EXTREME),0.0
2026-01-23T18:10:12.082626,99,47376,32.020786,35.8427,295.1,0,58-47376,🛑 PARKED (EXTREME),0.0
2026-01-23T18:10:12.082626,99,10987,32.023247,35.85939,131.87,0,58-10987,🟢 MOVING,9.212491294124819
2026-01-23T18:10:12.082626,99,11924,31.995329,35.885742,125.8,0,58-11924,🟢 MOVING,2.0961180100754935
2026-01-23T18:10:12.082626,99,93341,31.981325,35.892513,223.8,0,58-93341,🟢 MOVING,7.677937575068525
2026-01-23T18:10:12.082626,99,97599,31.946573,35.909416,64.09,0,58-97599,🟢 MOVING,7.177503130921687
2026-01-23T18:10:12.082626,99,11014,31.946272,35.92699,99.1,0,58-11014,🟡 STOPPED (BOARDING?),0.0
2026-01-23T18:10:12.082626,99,88230,32.000294,36.014816,0,0,58-88230,🛑 PARKED (EXTREME),0.0
2026-01-23T18:10:45.652209,99,67678,32.020824,35.842735,302.7,0,58-67678,🛑 PARKED (EXTREME),0.0
2026-01-23T18:10:45.652209,99,11529,32.020847,35.842556,298.04,0,58-11529,🛑 PARKED (EXTREME),0.0
2026-01-23T18:10:45.652209,99,47376,32.020786,35.8427,295.1,0,58-47376,🛑 PARKED (EXTREME),0.0
2026-01-23T18:10:45.652209,99,10987,32.022144,35.8607,0,0,58-10987,🟢 MOVING,5.189638622903669
2026-01-23T18:10:45.652209,99,11924,31.993595,35.888496,127.4,0,58-11924,🟢 MOVING,9.644413836645386
2026-01-23T18:10:45.652209,99,93341,31.980528,35.89157,222.1,0,58-93341,🟢 MOVING,3.743637960899887
2026-01-23T18:10:45.652209,99,97599,31.94811,35.91348,73.8,0,58-97599,🟢 MOVING,12.517211898710174
2026-01-23T18:10:45.652209,99,11014,31.946272,35.92699,99.1,0,58-11014,🟡 STOPPED (BOARDING?),0.0
2026-01-23T18:10:45.652209,99,88230,32.000298,36.01482,0,0,58-88230,🛑 PARKED (EXTREME),0.0
2026-01-23T18:11:18.675088,99,67678,32.020824,35.842735,302.7,0,58-67678,🛑 PARKED (EXTREME),0.0
2026-01-23T18:11:18.675088,99,11529,32.020847,35.842556,298.04,0,58-11529,🛑 PARKED (EXTREME),0.0
2026-01-23T18:11:18.675088,99,47376,32.020786,35.8427,295.1,0,58-47376,🛑 PARKED (EXTREME),0.0
2026-01-23T18:11:18.675088,99,10987,32.021107,35.861958,134.53,0,58-10987,🟢 MOVING,5.040897706239063
2026-01-23T18:11:18.675088,99,11924,31.992516,35.89023,125,0,58-11924,🟢 MOVING,6.180784397435842
2026-01-23T18:11:18.675088,99,93341,31.978806,35.889793,225.6,0,58-93341,🟢 MOVING,7.754812525123746
2026-01-23T18:11:18.675088,99,97599,31.948217,35.914894,99.7,0,58-97599,🟢 MOVING,4.081817329848219
2026-01-23T18:11:18.675088,99,11014,31.946272,35.92699,99.1,0,58-11014,🟡 STOPPED (BOARDING?),0.0
2026-01-23T18:11:18.675088,99,88230,32.000298,36.014824,0,0,58-88230,🛑 PARKED (EXTREME),0.0
2026-01-23T18:11:56.888318,99,67678,32.020824,35.842735,302.7,0,58-67678,🛑 PARKED (EXTREME),0.0
2026-01-23T18:11:56.888318,99,11529,32.020847,35.842556,298.04,0,58-11529,🛑 PARKED (EXTREME),0.0
2026-01-23T18:11:56.888318,99,47376,32.020786,35.8427,295.1,0,58-47376,🛑 PARKED (EXTREME),0.0
2026-01-23T18:11:56.888318,99,10987,32.01889,35.86457,137.81,0,58-10987,🟢 MOVING,9.038594844926793
2026-01-23T18:11:56.888318,99,11924,31.992517,35.890224,125,0,58-11924,🟡 STOPPED (BOARDING?),0.0
2026-01-23T18:11:56.888318,99,93341,31.977615,35.888668,214.3,0,58-93341,🟢 MOVING,4.402005929503298
2026-01-23T18:11:56.888318,99,97599,31.948,35.915604,124.3,0,58-97599,🟢 MOVING,1.847000179062678
2026-01-23T18:11:56.888318,99,11014,31.946272,35.92699,99.1,0,58-11014,🟡 STOPPED (BOARDING?),0.0
2026-01-23T18:11:56.888318,99,88230,32.000298,36.014824,0,0,58-88230,🛑 PARKED (EXTREME),0.0
2026-01-23T18:12:28.542120,99,67678,32.020824,35.842735,302.7,0,58-67678,🛑 PARKED (EXTREME),0.0
2026-01-23T18:12:28.542120,99,11529,32.020847,35.842556,298.04,0,58-11529,🛑 PARKED (EXTREME),0.0
2026-01-23T18:12:28.542120,99,47376,32.020786,35.8427,295.1,0,58-47376,🛑 PARKED (EXTREME),0.0
2026-01-23T18:12:28.542120,99,10987,32.018223,35.865276,0,0,58-10987,🟢 MOVING,3.162850931496403
2026-01-23T18:12:28.542120,99,11924,31.992126,35.890865,127,0,58-11924,🟢 MOVING,2.3632576944515904
2026-01-23T18:12:28.542120,99,93341,31.97762,35.88866,214.4,0,58-93341,🟡 STOPPED (BOARDING?),0.0
2026-01-23T18:12:28.542120,99,97599,31.94589,35.919575,106.2,0,58-97599,🟢 MOVING,14.030522458005592
2026-01-23T18:12:28.542120,99,11014,31.946272,35.92699,99.1,0,58-11014,🟡 STOPPED (BOARDING?),0.0
2026-01-23T18:12:28.542120,99,88230,32.000298,36.014828,0,0,58-88230,🛑 PARKED (EXTREME),0.0
2026-01-23T18:13:08.624617,99,67678,32.020824,35.842735,302.7,0,58-67678,🛑 PARKED (EXTREME),0.0
2026-01-23T18:13:08.624617,99,11529,32.020847,35.842556,298.04,0,58-11529,🛑 PARKED (EXTREME),0.0
2026-01-23T18:13:08.624617,99,47376,32.020786,35.8427,295.1,0,58-47376,🛑 PARKED (EXTREME),0.0
2026-01-23T18:13:08.624617,99,10987,32.015114,35.86813,0,0,58-10987,🟢 MOVING,10.80417163622772
2026-01-23T18:13:08.624617,99,11924,31.98745,35.895912,144.9,0,58-11924,🟢 MOVING,17.384853404945623
2026-01-23T18:13:08.624617,99,93341,31.976446,35.887817,203.9,0,58-93341,🟢 MOVING,3.7697148703110193
2026-01-23T18:13:08.624617,99,97599,31.945951,35.923378,68.4,0,58-97599,🟢 MOVING,8.851186017906056
2026-01-23T18:13:08.624617,99,11014,31.946272,35.92699,99.1,0,58-11014,🟡 STOPPED (BOARDING?),0.0
2026-01-23T18:13:08.624617,99,88230,32.0003,36.014828,0,0,58-88230,🛑 PARKED (EXTREME),0.0
2026-01-23T18:13:47.915981,99,67678,32.020824,35.842735,302.7,0,58-67678,🛑 PARKED (EXTREME),0.0
2026-01-23T18:13:47.915981,99,11529,32.020847,35.842556,298.04,0,58-11529,🛑 PARKED (EXTREME),0.0
2026-01-23T18:13:47.915981,99,47376,32.020786,35.8427,295.1,0,58-47376,🛑 PARKED (EXTREME),0.0
2026-01-23T18:13:47.915981,99,10987,32.013012,35.869747,153.38,0,58-10987,🟢 MOVING,7.154016265948414
2026-01-23T18:13:47.915981,99,11924,31.986029,35.897285,136.3,0,58-11924,🟢 MOVING,5.237224377414728
2026-01-23T18:13:47.915981,99,93341,31.973207,35.886448,187.6,0,58-93341,🟢 MOVING,9.808668699443627
2026-01-23T18:13:47.915981,99,97599,31.946342,35.92532,87.2,0,58-97599,🟢 MOVING,4.827888248916097
2026-01-23T18:13:47.915981,99,11014,31.946272,35.92699,99.1,0,58-11014,🟡 STOPPED (BOARDING?),0.0
2026-01-23T18:13:47.915981,99,88230,32.0003,36.014828,0,0,58-88230,🛑 PARKED (EXTREME),0.0
2026-01-23T18:14:28.054738,99,67678,32.020824,35.842735,302.7,0,58-67678,🛑 PARKED (EXTREME),0.0
2026-01-23T18:14:28.054738,99,11529,32.020847,35.842556,298.04,0,58-11529,🛑 PARKED (EXTREME),0.0
2026-01-23T18:14:28.054738,99,47376,32.022655,35.846684,72.9,0,58-47376,🟢 MOVING,10.674809353218647
2026-01-23T18:14:28.054738,99,10987,32.011044,35.87075,0,0,58-10987,🟢 MOVING,5.928319574553709
2026-01-23T18:14:28.054738,99,11924,31.985336,35.89788,140.4,0,58-11924,🟢 MOVING,2.3705595771176835
2026-01-23T18:14:28.054738,99,93341,31.96878,35.886566,166.5,0,58-93341,🟢 MOVING,12.244639066749553
2026-01-23T18:14:28.054738,99,97599,31.946175,35.92741,103,0,58-97599,🟢 MOVING,4.925649875508081
2026-01-23T18:14:28.054738,99,11014,31.946272,35.92699,99.1,0,58-11014,🟡 STOPPED (BOARDING?),0.0
2026-01-23T18:14:28.054738,99,88230,32.0003,36.014828,0,0,58-88230,🛑 PARKED (EXTREME),0.0
2026-01-23T18:15:02.013861,99,67678,32.020824,35.842735,302.7,0,58-67678,🛑 PARKED (EXTREME),0.0
2026-01-23T18:15:02.013861,99,11529,32.020847,35.842556,298.04,0,58-11529,🛑 PARKED (EXTREME),0.0
2026-01-23T18:15:02.013861,99,47376,32.023438,35.8495,71.59,0,58-47376,🟢 MOVING,8.269718759721863
2026-01-23T18:15:02.013861,99,10987,32.008244,35.871723,163.44,0,58-10987,🟢 MOVING,9.607321702928143
2026-01-23T18:15:02.013861,99,11924,31.985332,35.897865,140.3,0,58-11924,🟡 STOPPED (BOARDING?),0.0
2026-01-23T18:15:02.013861,99,93341,31.966984,35.887016,165.5,0,58-93341,🟢 MOVING,6.04318702571026
2026-01-23T18:15:02.013861,99,97599,31.946175,35.92741,103,0,58-97599,🛑 PARKED (EXTREME),0.0
2026-01-23T18:15:02.013861,99,11014,31.946272,35.92699,99.1,0,58-11014,🟡 STOPPED (BOARDING?),0.0
2026-01-23T18:15:02.013861,99,88230,32.0003,36.014828,0,0,58-88230,🛑 PARKED (EXTREME),0.0
2026-01-23T18:15:39.961861,99,67678,32.020824,35.842735,302.7,0,58-67678,🛑 PARKED (EXTREME),0.0
2026-01-23T18:15:39.961861,99,11529,32.020847,35.842556,298.04,0,58-11529,🛑 PARKED (EXTREME),0.0
2026-01-23T18:15:39.961861,99,47376,32.02428,35.852375,70.9,0,58-47376,🟢 MOVING,7.588059198680634
2026-01-23T18:15:39.961861,99,10987,32.005028,35.873306,0,0,58-10987,🟢 MOVING,10.254127765139378
2026-01-23T18:15:39.961861,99,11924,31.984995,35.896633,225.9,0,58-11924,🟢 MOVING,3.2306827159063336
2026-01-23T18:15:39.961861,99,93341,31.964605,35.88407,216.9,0,58-93341,🟢 MOVING,10.15292148702416
2026-01-23T18:15:39.961861,99,97599,31.946175,35.92741,103,0,58-97599,🛑 PARKED (EXTREME),0.0
2026-01-23T18:15:39.961861,99,11014,31.946272,35.92699,99.1,0,58-11014,🟡 STOPPED (BOARDING?),0.0
2026-01-23T18:15:39.961861,99,88230,32.0003,36.014828,0,0,58-88230,🛑 PARKED (EXTREME),0.0
2026-01-23T18:16:14.960323,99,67678,32.020824,35.842735,302.7,0,58-67678,🛑 PARKED (EXTREME),0.0
2026-01-23T18:16:14.960323,99,11529,32.020847,35.842556,298.04,0,58-11529,🛑 PARKED (EXTREME),0.0
2026-01-23T18:16:14.960323,99,47376,32.024677,35.854206,351.2,0,58-47376,🟢 MOVING,5.024150549361662
2026-01-23T18:16:14.960323,99,10987,32.002506,35.875282,137.52,0,58-10987,🟢 MOVING,9.494212419432133
2026-01-23T18:16:14.960323,99,11924,31.983372,35.89496,225.1,0,58-11924,🟢 MOVING,6.759823662135681
2026-01-23T18:16:14.960323,99,93341,31.963972,35.883537,217.1,0,58-93341,🟢 MOVING,2.4392051241488164
2026-01-23T18:16:14.960323,99,97599,31.946175,35.92741,103,0,58-97599,🛑 PARKED (EXTREME),0.0
2026-01-23T18:16:14.960323,99,11014,31.946272,35.92699,99.1,0,58-11014,🟡 STOPPED (BOARDING?),0.0
2026-01-23T18:16:14.960323,99,88230,32.0003,36.014828,0,0,58-88230,🛑 PARKED (EXTREME),0.0
2026-01-23T18:16:49.055053,99,67678,32.020824,35.842735,302.7,0,58-67678,🛑 PARKED (EXTREME),0.0
2026-01-23T18:16:49.055053,99,11529,32.020847,35.842556,298.04,0,58-11529,🛑 PARKED (EXTREME),0.0
2026-01-23T18:16:49.055053,99,47376,32.024693,35.854248,85.1,0,58-47376,🟡 STOPPED (BOARDING?),0.0
2026-01-23T18:16:49.055053,99,10987,32.000042,35.87833,126.76,0,58-10987,🟢 MOVING,11.717941708431995
2026-01-23T18:16:49.055053,99,11924,31.980957,35.89211,226.1,0,58-11924,🟢 MOVING,11.212466641719221
2026-01-23T18:16:49.055053,99,93341,31.962523,35.882336,213.4,0,58-93341,🟢 MOVING,5.812517564213599
2026-01-23T18:16:49.055053,99,97599,31.946175,35.92741,103,0,58-97599,🛑 PARKED (EXTREME),0.0
2026-01-23T18:16:49.055053,99,11014,31.946272,35.92699,99.1,0,58-11014,🟡 STOPPED (BOARDING?),0.0
2026-01-23T18:16:49.055053,99,88230,32.0003,36.014828,0,0,58-88230,🛑 PARKED (EXTREME),0.0
2026-01-23T18:17:22.048418,99,67678,32.020824,35.842735,302.7,0,58-67678,🛑 PARKED (EXTREME),0.0
2026-01-23T18:17:22.048418,99,11529,32.020847,35.842556,298.04,0,58-11529,🛑 PARKED (EXTREME),0.0
2026-01-23T18:17:22.048418,99,47376,32.024742,35.854218,240.5,0,58-47376,🟢 MOVING,0.18718338167607326
2026-01-23T18:17:22.048418,99,10987,31.99788,35.88169,126.91,0,58-10987,🟢 MOVING,12.127310697360551
2026-01-23T18:17:22.048418,99,11924,31.980312,35.891354,221.4,0,58-11924,🟢 MOVING,3.083764202665034
2026-01-23T18:17:22.048418,99,93341,31.959202,35.87982,212.2,0,58-93341,🟢 MOVING,13.385259228807637
2026-01-23T18:17:22.048418,99,97599,31.946175,35.92741,103,0,58-97599,🛑 PARKED (EXTREME),0.0
2026-01-23T18:17:22.048418,99,11014,31.946272,35.92699,99.1,0,58-11014,🟡 STOPPED (BOARDING?),0.0
2026-01-23T18:17:22.048418,99,88230,32.0003,36.014828,0,0,58-88230,🛑 PARKED (EXTREME),0.0
2026-01-23T18:18:01.450130,99,59779,32.020805,35.842705,292.89,0,58-59779,🟢 MOVING,4.5792101029126515
2026-01-23T18:18:01.450130,99,69302,32.02082,35.842705,289.8,0,58-69302,🟢 MOVING,3.679358552304997
2026-01-23T18:18:01.450130,99,67678,32.020824,35.842735,302.7,0,58-67678,🛑 PARKED (EXTREME),0.0
2026-01-23T18:18:01.450130,99,11529,32.020847,35.842556,298.04,0,58-11529,🛑 PARKED (EXTREME),0.0
2026-01-23T18:18:01.450130,99,47376,32.02476,35.85508,89,0,58-47376,🟢 MOVING,2.013012266795867
2026-01-23T18:18:01.450130,99,10987,31.995827,35.884907,127.12,0,58-10987,🟢 MOVING,9.402009377343926
2026-01-23T18:18:01.450130,99,11924,31.978676,35.88966,224.7,0,58-11924,🟢 MOVING,5.995830039881089
2026-01-23T18:18:01.450130,99,93341,31.958424,35.879288,208.8,0,58-93341,🟢 MOVING,2.476750024345997
2026-01-23T18:18:01.450130,99,97599,31.946175,35.92741,103,0,58-97599,🛑 PARKED (EXTREME),0.0
2026-01-23T18:18:01.450130,99,11014,31.946272,35.92699,99.1,0,58-11014,🟡 STOPPED (BOARDING?),0.0
2026-01-23T18:18:01.450130,99,88230,32.0003,36.014828,0,0,58-88230,🛑 PARKED (EXTREME),0.0
2026-01-23T18:18:40.081890,99,59779,32.020805,35.842705,292.89,0,58-59779,🛑 PARKED (EXTREME),0.0
2026-01-23T18:18:40.081890,99,69302,32.02082,35.842705,289.8,0,58-69302,🛑 PARKED (EXTREME),0.0
2026-01-23T18:18:40.081890,99,67678,32.020824,35.842735,302.7,0,58-67678,🛑 PARKED (EXTREME),0.0
2026-01-23T18:18:40.081890,99,11529,32.020847,35.842556,298.04,0,58-11529,🛑 PARKED (EXTREME),0.0
2026-01-23T18:18:40.081890,99,47376,32.02475,35.855503,95.8,0,58-47376,🟢 MOVING,1.058065661160829
2026-01-23T18:18:40.081890,99,10987,31.99382,35.88808,126.21,0,58-10987,🟢 MOVING,9.90043071658176
2026-01-23T18:18:40.081890,99,11924,31.976316,35.88773,204.5,0,58-11924,🟢 MOVING,8.470757569785944
2026-01-23T18:18:40.081890,99,93341,31.95434,35.88686,111,0,58-93341,🟢 MOVING,22.451115551274665
2026-01-23T18:18:40.081890,99,97599,31.946175,35.92741,103,0,58-97599,🛑 PARKED (EXTREME),0.0
2026-01-23T18:18:40.081890,99,11014,31.946272,35.92699,99.1,0,58-11014,🟡 STOPPED (BOARDING?),0.0
2026-01-23T18:18:40.081890,99,88230,32.0003,36.014828,0,0,58-88230,🛑 PARKED (EXTREME),0.0
2026-01-23T18:19:12.702906,99,59779,32.020805,35.842705,292.89,0,58-59779,🛑 PARKED (EXTREME),0.0
2026-01-23T18:19:12.702906,99,69302,32.02082,35.842705,289.8,0,58-69302,🛑 PARKED (EXTREME),0.0
2026-01-23T18:19:12.702906,99,67678,32.020824,35.842735,302.7,0,58-67678,🛑 PARKED (EXTREME),0.0
2026-01-23T18:19:12.702906,99,11529,32.020847,35.842556,298.04,0,58-11529,🛑 PARKED (EXTREME),0.0
2026-01-23T18:19:12.702906,99,47376,32.02352,35.859074,127.4,0,58-47376,🟢 MOVING,11.067383315121699
2026-01-23T18:19:12.702906,99,10987,31.99242,35.89028,0,0,58-10987,🟢 MOVING,7.900072118969472
2026-01-23T18:19:12.702906,99,11924,31.972977,35.88639,187.2,0,58-11924,🟢 MOVING,11.945497263341556
2026-01-23T18:19:12.702906,99,93341,31.953573,35.888916,115.9,0,58-93341,🟢 MOVING,6.4538031913658465
2026-01-23T18:19:12.702906,99,97599,31.946175,35.92741,103,0,58-97599,🛑 PARKED (EXTREME),0.0
2026-01-23T18:19:12.702906,99,11014,31.946272,35.92699,99.1,0,58-11014,🟡 STOPPED (BOARDING?),0.0
2026-01-23T18:19:12.702906,99,88230,32.0003,36.014828,0,0,58-88230,🛑 PARKED (EXTREME),0.0
2026-01-23T18:19:54.182920,99,59779,32.020805,35.842705,292.89,0,58-59779,🛑 PARKED (EXTREME),0.0
2026-01-23T18:19:54.182920,99,69302,32.02082,35.842705,289.8,0,58-69302,🛑 PARKED (EXTREME),0.0
2026-01-23T18:19:54.182920,99,67678,32.020824,35.842735,302.7,0,58-67678,🛑 PARKED (EXTREME),0.0
2026-01-23T18:19:54.182920,99,11529,32.020847,35.842556,298.04,0,58-11529,🛑 PARKED (EXTREME),0.0
2026-01-23T18:19:54.182920,99,47376,32.020676,35.862556,136.9,0,58-47376,🟢 MOVING,11.10464202416256
2026-01-23T18:19:54.182920,99,10987,31.99242,35.89028,0,0,58-10987,🟡 STOPPED (BOARDING?),0.0
2026-01-23T18:19:54.182920,99,11924,31.969557,35.886337,175.7,0,58-11924,🟢 MOVING,9.265413686345441
2026-01-23T18:19:54.182920,99,93341,31.95206,35.892506,112.3,0,58-93341,🟢 MOVING,9.213477212072622
2026-01-23T18:19:54.182920,99,97599,31.946175,35.92741,103,0,58-97599,🛑 PARKED (EXTREME),0.0
2026-01-23T18:19:54.182920,99,11014,31.946272,35.92699,99.1,0,58-11014,🟡 STOPPED (BOARDING?),0.0
2026-01-23T18:19:54.182920,99,88230,32.0003,36.014828,0,0,58-88230,🛑 PARKED (EXTREME),0.0
2026-01-23T18:20:29.503731,99,59779,32.020805,35.842705,292.89,0,58-59779,🛑 PARKED (EXTREME),0.0
2026-01-23T18:20:29.503731,99,69302,32.02082,35.842705,289.8,0,58-69302,🛑 PARKED (EXTREME),0.0
2026-01-23T18:20:29.503731,99,67678,32.020824,35.842735,302.7,0,58-67678,🛑 PARKED (EXTREME),0.0
2026-01-23T18:20:29.503731,99,11529,32.020847,35.842556,298.04,0,58-11529,🛑 PARKED (EXTREME),0.0
2026-01-23T18:20:29.503731,99,47376,32.0184,35.865143,138.19,0,58-47376,🟢 MOVING,9.836219508616576
2026-01-23T18:20:29.503731,99,10987,31.99049,35.89275,138.22,0,58-10987,🟢 MOVING,8.863761558603056
2026-01-23T18:20:29.503731,99,11924,31.968435,35.886642,166.5,0,58-11924,🟢 MOVING,3.583115954343787
2026-01-23T18:20:29.503731,99,93341,31.951818,35.897583,93.1,0,58-93341,🟢 MOVING,13.426288807600091
2026-01-23T18:20:29.503731,99,97599,31.946175,35.92741,103,0,58-97599,🛑 PARKED (EXTREME),0.0
2026-01-23T18:20:29.503731,99,11014,31.946272,35.92699,99.1,0,58-11014,🟡 STOPPED (BOARDING?),0.0
2026-01-23T18:20:29.503731,99,88230,32.0003,36.014828,0,0,58-88230,🛑 PARKED (EXTREME),0.0
2026-01-23T18:21:06.783874,99,59779,32.020805,35.842705,292.89,0,58-59779,🛑 PARKED (EXTREME),0.0
2026-01-23T18:21:06.783874,99,69302,32.02082,35.842705,289.8,0,58-69302,🛑 PARKED (EXTREME),0.0
2026-01-23T18:21:06.783874,99,67678,32.020824,35.842735,302.7,0,58-67678,🛑 PARKED (EXTREME),0.0
2026-01-23T18:21:06.783874,99,11529,32.020847,35.842556,298.04,0,58-11529,🛑 PARKED (EXTREME),0.0
2026-01-23T18:21:06.783874,99,47376,32.017704,35.865845,143.4,0,58-47376,🟢 MOVING,2.750184651275324
2026-01-23T18:21:06.783874,99,10987,31.987795,35.895557,142.22,0,58-10987,🟢 MOVING,10.798820102181027
2026-01-23T18:21:06.783874,99,11924,31.964985,35.884434,220.4,0,58-11924,🟢 MOVING,11.789061646419789
2026-01-23T18:21:06.783874,99,93341,31.949795,35.902157,136.1,0,58-93341,🟢 MOVING,13.143232993490377
2026-01-23T18:21:06.783874,99,97599,31.946175,35.92741,103,0,58-97599,🛑 PARKED (EXTREME),0.0
2026-01-23T18:21:06.783874,99,11014,31.946272,35.92699,99.1,0,58-11014,🟡 STOPPED (BOARDING?),0.0
2026-01-23T18:21:06.783874,99,88230,32.0003,36.014828,0,0,58-88230,🛑 PARKED (EXTREME),0.0
2026-01-23T18:21:41.479121,99,59779,32.020805,35.842705,292.89,0,58-59779,🛑 PARKED (EXTREME),0.0
2026-01-23T18:21:41.479121,99,69302,32.02082,35.842705,289.8,0,58-69302,🛑 PARKED (EXTREME),0.0
2026-01-23T18:21:41.479121,99,67678,32.020824,35.842735,302.7,0,58-67678,🛑 PARKED (EXTREME),0.0
2026-01-23T18:21:41.479121,99,11529,32.020847,35.842556,298.04,0,58-11529,🛑 PARKED (EXTREME),0.0
2026-01-23T18:21:41.479121,99,47376,32.015114,35.868202,142.8,0,58-47376,🟢 MOVING,10.472467039619358
2026-01-23T18:21:41.479121,99,10987,31.986023,35.897232,131.72,0,58-10987,🟢 MOVING,7.270587295076221
2026-01-23T18:21:41.479121,99,11924,31.96461,35.884083,221.7,0,58-11924,🟢 MOVING,1.5329030854450283
2026-01-23T18:21:41.479121,99,93341,31.945517,35.906776,126.3,0,58-93341,🟢 MOVING,18.572796269915276
2026-01-23T18:21:41.479121,99,97599,31.946175,35.92741,103,0,58-97599,🛑 PARKED (EXTREME),0.0
2026-01-23T18:21:41.479121,99,11014,31.946272,35.92699,99.1,0,58-11014,🟡 STOPPED (BOARDING?),0.0
2026-01-23T18:21:41.479121,99,88230,32.0003,36.014828,0,0,58-88230,🛑 PARKED (EXTREME),0.0
2026-01-23T18:22:22.327590,99,59779,32.020805,35.842705,292.89,0,58-59779,🛑 PARKED (EXTREME),0.0
2026-01-23T18:22:22.327590,99,69302,32.02082,35.842705,289.8,0,58-69302,🛑 PARKED (EXTREME),0.0
2026-01-23T18:22:22.327590,99,67678,32.020824,35.842735,302.7,0,58-67678,🛑 PARKED (EXTREME),0.0
2026-01-23T18:22:22.327590,99,11529,32.020847,35.842556,298.04,0,58-11529,🛑 PARKED (EXTREME),0.0
2026-01-23T18:22:22.327590,99,47376,32.013927,35.869205,149.6,0,58-47376,🟢 MOVING,3.9946562439524764
2026-01-23T18:22:22.327590,99,10987,31.985926,35.897335,0,0,58-10987,🟢 MOVING,0.35711690505585236
2026-01-23T18:22:22.327590,99,11924,31.964611,35.884083,221.7,0,58-11924,🟡 STOPPED (BOARDING?),0.0
2026-01-23T18:22:22.327590,99,93341,31.945517,35.906776,126.3,0,58-93341,🟡 STOPPED (BOARDING?),0.0
2026-01-23T18:22:22.327590,99,97599,31.946175,35.92741,103,0,58-97599,🛑 PARKED (EXTREME),0.0
2026-01-23T18:22:22.327590,99,88230,32.0003,36.014828,0,0,58-88230,🛑 PARKED (EXTREME),0.0
2026-01-23T18:22:54.412869,99,59779,32.020805,35.842705,292.89,0,58-59779,🛑 PARKED (EXTREME),0.0
2026-01-23T18:22:54.412869,99,69302,32.02082,35.842705,289.8,0,58-69302,🛑 PARKED (EXTREME),0.0
2026-01-23T18:22:54.412869,99,67678,32.020824,35.842735,302.7,0,58-67678,🛑 PARKED (EXTREME),0.0
2026-01-23T18:22:54.412869,99,11529,32.020847,35.842556,298.04,0,58-11529,🛑 PARKED (EXTREME),0.0
2026-01-23T18:22:54.412869,99,47376,32.009964,35.87117,164.3,0,58-47376,🟢 MOVING,14.765417465403111
2026-01-23T18:22:54.412869,99,10987,31.985373,35.89782,0,0,58-10987,🟢 MOVING,2.3672152721946005
2026-01-23T18:22:54.412869,99,11924,31.96459,35.88406,218.2,0,58-11924,🟡 STOPPED (BOARDING?),0.0
2026-01-23T18:22:54.412869,99,93341,31.945515,35.906776,126.3,0,58-93341,🟡 STOPPED (BOARDING?),0.0
2026-01-23T18:22:54.412869,99,97599,31.946175,35.92741,103,0,58-97599,🛑 PARKED (EXTREME),0.0
2026-01-23T18:22:54.412869,99,88230,32.0003,36.014828,0,0,58-88230,🛑 PARKED (EXTREME),0.0
2026-01-23T18:23:33.828254,99,59779,32.020805,35.842705,292.89,0,58-59779,🛑 PARKED (EXTREME),0.0
2026-01-23T18:23:33.828254,99,69302,32.02082,35.842705,289.8,0,58-69302,🛑 PARKED (EXTREME),0.0
2026-01-23T18:23:33.828254,99,67678,32.020824,35.842735,302.7,0,58-67678,🛑 PARKED (EXTREME),0.0
2026-01-23T18:23:33.828254,99,11529,32.020847,35.842556,298.04,0,58-11529,🛑 PARKED (EXTREME),0.0
2026-01-23T18:23:33.828254,99,47376,32.004936,35.873386,153,0,58-47376,🟢 MOVING,14.987547123434966
2026-01-23T18:23:33.828254,99,10987,31.985373,35.89782,0,0,58-10987,🟡 STOPPED (BOARDING?),0.0
2026-01-23T18:23:33.828254,99,11924,31.963434,35.88304,215.9,0,58-11924,🟢 MOVING,4.0316054394317336
2026-01-23T18:23:33.828254,99,93341,31.945896,35.907833,59.4,0,58-93341,🟢 MOVING,2.7207159276037824
2026-01-23T18:23:33.828254,99,97599,31.946175,35.92741,103,0,58-97599,🛑 PARKED (EXTREME),0.0
2026-01-23T18:23:33.828254,99,88230,32.0003,36.014828,0,0,58-88230,🛑 PARKED (EXTREME),0.0
2026-01-23T18:24:11.109552,99,59779,32.020805,35.842705,292.89,0,58-59779,🛑 PARKED (EXTREME),0.0
2026-01-23T18:24:11.109552,99,69302,32.02082,35.842705,289.8,0,58-69302,🛑 PARKED (EXTREME),0.0
2026-01-23T18:24:11.109552,99,67678,32.020824,35.842735,302.7,0,58-67678,🛑 PARKED (EXTREME),0.0
2026-01-23T18:24:11.109552,99,11529,32.021767,35.843643,60.39,0,58-11529,🟢 MOVING,3.924008060491167
2026-01-23T18:24:11.109552,99,47376,32.002235,35.87559,137.69,0,58-47376,🟢 MOVING,9.89759701806125
2026-01-23T18:24:11.109552,99,10987,31.985777,35.898117,310.39,0,58-10987,🟢 MOVING,1.4347864560550432
2026-01-23T18:24:11.109552,99,11924,31.95876,35.879498,210.9,0,58-11924,🟢 MOVING,16.74561162537549
2026-01-23T18:24:11.109552,99,93341,31.94821,35.914906,99.6,0,58-93341,🟢 MOVING,19.38452528651601
2026-01-23T18:24:11.109552,99,97599,31.946175,35.92741,103,0,58-97599,🛑 PARKED (EXTREME),0.0
2026-01-23T18:24:11.109552,99,88230,32.0003,36.014828,0,0,58-88230,🛑 PARKED (EXTREME),0.0
2026-01-23T18:24:47.502976,99,59779,32.020805,35.842705,292.89,0,58-59779,🛑 PARKED (EXTREME),0.0
2026-01-23T18:24:47.502976,99,69302,32.02082,35.842705,289.8,0,58-69302,🛑 PARKED (EXTREME),0.0
2026-01-23T18:24:47.502976,99,67678,32.020824,35.842735,302.7,0,58-67678,🛑 PARKED (EXTREME),0.0
2026-01-23T18:24:47.502976,99,11529,32.022686,35.84683,72.61,0,58-11529,🟢 MOVING,8.617421662355133
2026-01-23T18:24:47.502976,99,47376,31.999226,35.879658,126.8,0,58-47376,🟢 MOVING,13.821641820333541
2026-01-23T18:24:47.502976,99,10987,31.984991,35.896618,227.14,0,58-10987,🟢 MOVING,4.513196917666365
2026-01-23T18:24:47.502976,99,11924,31.958227,35.879124,189.4,0,58-11924,🟢 MOVING,1.8729055744593657
2026-01-23T18:24:47.502976,99,93341,31.94782,35.915928,120.8,0,58-93341,🟢 MOVING,2.870956868538615
2026-01-23T18:24:47.502976,99,97599,31.946175,35.92741,103,0,58-97599,🛑 PARKED (EXTREME),0.0
2026-01-23T18:24:47.502976,99,88230,32.0003,36.014828,0,0,58-88230,🛑 PARKED (EXTREME),0.0
2026-01-23T18:25:22.101094,99,59779,32.020805,35.842705,292.89,0,58-59779,🛑 PARKED (EXTREME),0.0
2026-01-23T18:25:22.101094,99,69302,32.02082,35.842705,289.8,0,58-69302,🛑 PARKED (EXTREME),0.0
2026-01-23T18:25:22.101094,99,67678,32.020824,35.842735,302.7,0,58-67678,🛑 PARKED (EXTREME),0.0
2026-01-23T18:25:22.101094,99,11529,32.023075,35.848263,0,0,58-11529,🟢 MOVING,4.142174290618282
2026-01-23T18:25:22.101094,99,47376,31.997221,35.882767,126.8,0,58-47376,🟢 MOVING,10.751410833283218
2026-01-23T18:25:22.101094,99,10987,31.981146,35.892273,224.8,0,58-10987,🟢 MOVING,17.28736259757022
2026-01-23T18:25:22.101094,99,11924,31.95659,35.88176,122.2,0,58-11924,🟢 MOVING,8.996076933193489
2026-01-23T18:25:22.101094,99,93341,31.946688,35.917767,125.6,0,58-93341,🟢 MOVING,6.257336830589436
2026-01-23T18:25:22.101094,99,97599,31.946175,35.92741,103,0,58-97599,🛑 PARKED (EXTREME),0.0
2026-01-23T18:25:22.101094,99,88230,32.0003,36.014828,0,0,58-88230,🛑 PARKED (EXTREME),0.0
2026-01-23T18:26:01.946086,99,59779,32.020805,35.842705,292.89,0,58-59779,🛑 PARKED (EXTREME),0.0
2026-01-23T18:26:01.946086,99,69302,32.02082,35.842705,289.8,0,58-69302,🛑 PARKED (EXTREME),0.0
2026-01-23T18:26:01.946086,99,67678,32.020824,35.842735,302.7,0,58-67678,🛑 PARKED (EXTREME),0.0
2026-01-23T18:26:01.946086,99,11529,32.02344,35.849556,72.03,0,58-11529,🟢 MOVING,3.2545680682119023
2026-01-23T18:26:01.946086,99,47376,31.99309,35.88928,126.6,0,58-47376,🟢 MOVING,19.434798552381174
2026-01-23T18:26:01.946086,99,10987,31.980467,35.891495,222.62,0,58-10987,🟢 MOVING,2.667910700123745
2026-01-23T18:26:01.946086,99,11924,31.955177,35.88438,120.5,0,58-11924,🟢 MOVING,7.421776225569806
2026-01-23T18:26:01.946086,99,93341,31.945826,35.919975,101.9,0,58-93341,🟢 MOVING,5.81104719627002
2026-01-23T18:26:01.946086,99,97599,31.946175,35.92741,103,0,58-97599,🛑 PARKED (EXTREME),0.0
2026-01-23T18:26:01.946086,99,88230,32.0003,36.014828,0,0,58-88230,🛑 PARKED (EXTREME),0.0
2026-01-23T18:26:36.849334,99,59779,32.020805,35.842705,292.89,0,58-59779,🛑 PARKED (EXTREME),0.0
2026-01-23T18:26:36.849334,99,69302,32.02082,35.842705,289.8,0,58-69302,🛑 PARKED (EXTREME),0.0
2026-01-23T18:26:36.849334,99,67678,32.020824,35.842735,302.7,0,58-67678,🛑 PARKED (EXTREME),0.0
2026-01-23T18:26:36.849334,99,11529,32.0243,35.852547,72.4,0,58-11529,🟢 MOVING,8.459404101154416
2026-01-23T18:26:36.849334,99,47376,31.992493,35.89026,125.8,0,58-47376,🟢 MOVING,3.2329245533155953
2026-01-23T18:26:36.849334,99,10987,31.978273,35.889194,219.12,0,58-10987,🟢 MOVING,9.277027884404735
2026-01-23T18:26:36.849334,99,11924,31.95402,35.88773,114.5,0,58-11924,🟢 MOVING,9.695010737283475
2026-01-23T18:26:36.849334,99,93341,31.945538,35.921967,82.4,0,58-93341,🟢 MOVING,5.4169745484951255
2026-01-23T18:26:36.849334,99,97599,31.946175,35.92741,103,0,58-97599,🛑 PARKED (EXTREME),0.0
2026-01-23T18:26:36.849334,99,88230,32.0003,36.014828,0,0,58-88230,🛑 PARKED (EXTREME),0.0
2026-01-23T18:27:12.643470,99,59779,32.020805,35.842705,292.89,0,58-59779,🛑 PARKED (EXTREME),0.0
2026-01-23T18:27:12.643470,99,69302,32.02082,35.842705,289.8,0,58-69302,🛑 PARKED (EXTREME),0.0
2026-01-23T18:27:12.643470,99,67678,32.020824,35.842735,302.7,0,58-67678,🛑 PARKED (EXTREME),0.0
2026-01-23T18:27:12.643470,99,11529,32.02471,35.854805,86.59,0,58-11529,🟢 MOVING,6.079930277764244
2026-01-23T18:27:12.643470,99,47376,31.99251,35.890274,126.6,0,58-47376,🟡 STOPPED (BOARDING?),0.0
2026-01-23T18:27:12.643470,99,10987,31.977655,35.88864,0,0,58-10987,🟢 MOVING,2.4110372097076875
2026-01-23T18:27:12.643470,99,11924,31.953712,35.888542,116.7,0,58-11924,🟢 MOVING,2.3436393072571198
2026-01-23T18:27:12.643470,99,93341,31.946295,35.926674,99.5,0,58-93341,🟢 MOVING,12.624545876989416
2026-01-23T18:27:12.643470,99,88230,32.0003,36.014828,0,0,58-88230,🛑 PARKED (EXTREME),0.0
2026-01-23T18:27:51.955028,99,59779,32.020805,35.842705,292.89,0,58-59779,🛑 PARKED (EXTREME),0.0
2026-01-23T18:27:51.955028,99,69302,32.02082,35.842705,289.8,0,58-69302,🛑 PARKED (EXTREME),0.0
2026-01-23T18:27:51.955028,99,67678,32.020824,35.842735,302.7,0,58-67678,🛑 PARKED (EXTREME),0.0
2026-01-23T18:27:51.955028,99,11529,32.024406,35.85694,106.48,0,58-11529,🟢 MOVING,5.207060778988729
2026-01-23T18:27:51.955028,99,47376,31.992514,35.890266,126.1,0,58-47376,🟡 STOPPED (BOARDING?),0.0
2026-01-23T18:27:51.955028,99,10987,31.975859,35.887466,204.5,0,58-10987,🟢 MOVING,5.826001989531937
2026-01-23T18:27:51.955028,99,11924,31.953094,35.890022,116.6,0,58-11924,🟢 MOVING,3.9705327168590543
2026-01-23T18:27:51.955028,99,93341,31.946295,35.926674,99.5,0,58-93341,🟡 STOPPED (BOARDING?),0.0
2026-01-23T18:27:51.955028,99,88230,32.0003,36.014828,0,0,58-88230,🛑 PARKED (EXTREME),0.0
2026-01-23T18:28:28.442098,99,59779,32.020805,35.842705,292.89,0,58-59779,🛑 PARKED (EXTREME),0.0
2026-01-23T18:28:28.442098,99,69302,32.02082,35.842705,289.8,0,58-69302,🛑 PARKED (EXTREME),0.0
2026-01-23T18:28:28.442098,99,67678,32.020824,35.842735,302.7,0,58-67678,🛑 PARKED (EXTREME),0.0
2026-01-23T18:28:28.442098,99,11529,32.022457,35.860294,133.82,0,58-11529,🟢 MOVING,10.464169771252779
2026-01-23T18:28:28.442098,99,47376,31.988556,35.894844,138.6,0,58-47376,🟢 MOVING,16.829532873996495
2026-01-23T18:28:28.442098,99,10987,31.972326,35.886303,185.51,0,58-10987,🟢 MOVING,11.134141278212924
2026-01-23T18:28:28.442098,99,11924,31.95172,35.893944,96.9,0,58-11924,🟢 MOVING,10.928069381115781
2026-01-23T18:28:28.442098,99,93341,31.946295,35.926674,99.5,0,58-93341,🟡 STOPPED (BOARDING?),0.0
2026-01-23T18:28:28.442098,99,88230,32.0003,36.014828,0,0,58-88230,🛑 PARKED (EXTREME),0.0
2026-01-23T18:29:04.117695,99,59779,32.020805,35.842705,292.89,0,58-59779,🛑 PARKED (EXTREME),0.0
2026-01-23T18:29:04.117695,99,69302,32.02082,35.842705,289.8,0,58-69302,🛑 PARKED (EXTREME),0.0
2026-01-23T18:29:04.117695,99,67678,32.021294,35.842228,0,0,58-67678,🟢 MOVING,1.9944423244123277
2026-01-23T18:29:04.117695,99,11529,32.022175,35.860638,0,0,58-11529,🟢 MOVING,1.2703645814873337
2026-01-23T18:29:04.117695,99,47376,31.987616,35.895763,141.8,0,58-47376,🟢 MOVING,3.8237578691570144
2026-01-23T18:29:04.117695,99,10987,31.969734,35.886322,175.45,0,58-10987,🟢 MOVING,8.1165700468901
2026-01-23T18:29:04.117695,99,11924,31.951801,35.89765,94.4,0,58-11924,🟢 MOVING,9.849798611759395
2026-01-23T18:29:04.117695,99,93341,31.946295,35.926674,99.5,0,58-93341,🟡 STOPPED (BOARDING?),0.0
2026-01-23T18:29:04.117695,99,88230,32.0003,36.014828,0,0,58-88230,🛑 PARKED (EXTREME),0.0
2026-01-23T18:29:38.520379,99,59779,32.020805,35.842705,292.89,0,58-59779,🛑 PARKED (EXTREME),0.0
2026-01-23T18:29:38.520379,99,69302,32.02082,35.842705,289.8,0,58-69302,🛑 PARKED (EXTREME),0.0
2026-01-23T18:29:38.520379,99,67678,32.021336,35.84285,53.4,0,58-67678,🟢 MOVING,1.696904785189559
2026-01-23T18:29:38.520379,99,11529,32.02074,35.862366,134.32,0,58-11529,🟢 MOVING,6.577995867668544
2026-01-23T18:29:38.520379,99,47376,31.98589,35.897366,143.3,0,58-47376,🟢 MOVING,7.047610309719233
2026-01-23T18:29:38.520379,99,10987,31.967005,35.886967,0,0,58-10987,🟢 MOVING,8.927649193470799
2026-01-23T18:29:38.520379,99,11924,31.945847,35.90621,127.4,0,58-11924,🟢 MOVING,30.12480675338098
2026-01-23T18:29:38.520379,99,93341,31.946295,35.926674,99.5,0,58-93341,🟡 STOPPED (BOARDING?),0.0
2026-01-23T18:29:38.520379,99,88230,32.0003,36.014828,0,0,58-88230,🛑 PARKED (EXTREME),0.0
2026-01-23T18:30:12.177244,99,59779,32.020805,35.842705,292.89,0,58-59779,🛑 PARKED (EXTREME),0.0
2026-01-23T18:30:12.177244,99,69302,32.02082,35.842705,289.8,0,58-69302,🛑 PARKED (EXTREME),0.0
2026-01-23T18:30:12.177244,99,67678,32.022568,35.846226,72.59,0,58-67678,🟢 MOVING,10.440041087302198
2026-01-23T18:30:12.177244,99,11529,32.018436,35.865025,138.87,0,58-11529,🟢 MOVING,10.79957918659287
2026-01-23T18:30:12.177244,99,47376,31.985811,35.89745,143.19,0,58-47376,🟢 MOVING,0.3562360964471605
2026-01-23T18:30:12.177244,99,10987,31.965727,35.885185,221,0,58-10987,🟢 MOVING,6.628929054148724
2026-01-23T18:30:12.177244,99,11924,31.945503,35.906727,127.6,0,58-11924,🟢 MOVING,1.8668350745267894
2026-01-23T18:30:12.177244,99,93341,31.946295,35.926674,99.5,0,58-93341,🟡 STOPPED (BOARDING?),0.0
2026-01-23T18:30:12.177244,99,88230,32.0003,36.014828,0,0,58-88230,🛑 PARKED (EXTREME),0.0
2026-01-23T18:30:47.268734,99,59779,32.020805,35.842705,292.89,0,58-59779,🛑 PARKED (EXTREME),0.0
2026-01-23T18:30:47.268734,99,69302,32.02082,35.842705,289.8,0,58-69302,🛑 PARKED (EXTREME),0.0
2026-01-23T18:30:47.268734,99,67678,32.024654,35.85382,72.59,0,58-67678,🟢 MOVING,21.09105141763898
2026-01-23T18:30:47.268734,99,11529,32.018185,35.86528,0,0,58-11529,🟢 MOVING,1.0323824167618159
2026-01-23T18:30:47.268734,99,47376,31.985313,35.897892,136.19,0,58-47376,🟢 MOVING,1.9433905663170818
2026-01-23T18:30:47.268734,99,10987,31.964584,35.88404,0,0,58-10987,🟢 MOVING,4.676604647127785
2026-01-23T18:30:47.268734,99,11924,31.945503,35.906727,127.6,0,58-11924,🟡 STOPPED (BOARDING?),0.0
2026-01-23T18:30:47.268734,99,88230,32.0003,36.014828,0,0,58-88230,🛑 PARKED (EXTREME),0.0
2026-01-23T18:31:19.759333,99,59779,32.020805,35.842705,292.89,0,58-59779,🛑 PARKED (EXTREME),0.0
2026-01-23T18:31:19.759333,99,69302,32.02082,35.842705,289.8,0,58-69302,🛑 PARKED (EXTREME),0.0
2026-01-23T18:31:19.759333,99,67678,32.024673,35.85399,71.7,0,58-67678,🟢 MOVING,0.5043754476412093
2026-01-23T18:31:19.759333,99,11529,32.018185,35.86528,0,0,58-11529,🟡 STOPPED (BOARDING?),0.0
2026-01-23T18:31:19.759333,99,47376,31.985312,35.897884,136.19,0,58-47376,🟡 STOPPED (BOARDING?),0.0
2026-01-23T18:31:19.759333,99,10987,31.962719,35.88247,213.64,0,58-10987,🟢 MOVING,7.951280357752576
2026-01-23T18:31:19.759333,99,11924,31.945488,35.9068,121.6,0,58-11924,🟢 MOVING,0.22112365604073494
2026-01-23T18:31:19.759333,99,88230,32.0003,36.014828,0,0,58-88230,🛑 PARKED (EXTREME),0.0
2026-01-23T18:31:56.604737,99,59779,32.020805,35.842705,292.89,0,58-59779,🛑 PARKED (EXTREME),0.0
2026-01-23T18:31:56.604737,99,69302,32.02082,35.842705,289.8,0,58-69302,🛑 PARKED (EXTREME),0.0
2026-01-23T18:31:56.604737,99,67678,32.024696,35.85399,71.7,0,58-67678,🟡 STOPPED (BOARDING?),0.0
2026-01-23T18:31:56.604737,99,11529,32.015087,35.86812,0,0,58-11529,🟢 MOVING,11.843700725908352
2026-01-23T18:31:56.604737,99,47376,31.985317,35.89789,136.19,0,58-47376,🟡 STOPPED (BOARDING?),0.0
2026-01-23T18:31:56.604737,99,10987,31.959383,35.87998,212.28,0,58-10987,🟢 MOVING,11.918675591216898
2026-01-23T18:31:56.604737,99,11924,31.94652,35.909286,64.3,0,58-11924,🟢 MOVING,7.088470526916407
2026-01-23T18:31:56.604737,99,88230,32.0003,36.014828,0,0,58-88230,🛑 PARKED (EXTREME),0.0
2026-01-23T18:32:34.059890,99,59779,32.020805,35.842705,292.89,0,58-59779,🛑 PARKED (EXTREME),0.0
2026-01-23T18:32:34.059890,99,69302,32.02082,35.842705,289.8,0,58-69302,🛑 PARKED (EXTREME),0.0
2026-01-23T18:32:34.059890,99,67678,32.02475,35.85487,91.2,0,58-67678,🟢 MOVING,2.218381396254921
2026-01-23T18:32:34.059890,99,11529,32.015087,35.86812,0,0,58-11529,🟡 STOPPED (BOARDING?),0.0
2026-01-23T18:32:34.059890,99,47376,31.985788,35.89756,216.1,0,58-47376,🟢 MOVING,1.6248381918705148
2026-01-23T18:32:34.059890,99,10987,31.957932,35.879303,125.36,0,58-10987,🟢 MOVING,4.62800487598672
2026-01-23T18:32:34.059890,99,11924,31.947973,35.91308,72.3,0,58-11924,🟢 MOVING,10.474725151471528
2026-01-23T18:32:34.059890,99,88230,32.0003,36.014828,0,0,58-88230,🛑 PARKED (EXTREME),0.0
2026-01-23T18:33:09.036174,99,25354,32.020798,35.842693,288.6,0,58-25354,🟢 MOVING,3.6292359886692207
2026-01-23T18:33:09.036174,99,59779,32.020805,35.842705,292.89,0,58-59779,🛑 PARKED (EXTREME),0.0
2026-01-23T18:33:09.036174,99,69302,32.02082,35.842705,289.8,0,58-69302,🛑 PARKED (EXTREME),0.0
2026-01-23T18:33:09.036174,99,67678,32.024605,35.856445,106.1,0,58-67678,🟢 MOVING,4.268867418088907
2026-01-23T18:33:09.036174,99,11529,32.0136,35.869354,150.41,0,58-11529,🟢 MOVING,5.778731868557532
2026-01-23T18:33:09.036174,99,47376,31.98393,35.895554,218.5,0,58-47376,🟢 MOVING,8.007047053892446
2026-01-23T18:33:09.036174,99,10987,31.956074,35.882645,123.48,0,58-10987,🟢 MOVING,10.774214951104845
2026-01-23T18:33:09.036174,99,11924,31.948214,35.91487,98.6,0,58-11924,🟢 MOVING,4.887665810016902
2026-01-23T18:33:09.036174,99,88230,32.0003,36.014828,0,0,58-88230,🛑 PARKED (EXTREME),0.0
2026-01-23T18:33:50.045502,99,25354,32.020798,35.842693,288.6,0,58-25354,🛑 PARKED (EXTREME),0.0
2026-01-23T18:33:50.045502,99,59779,32.020805,35.842705,292.89,0,58-59779,🛑 PARKED (EXTREME),0.0
2026-01-23T18:33:50.045502,99,69302,32.02082,35.842705,289.8,0,58-69302,🛑 PARKED (EXTREME),0.0
2026-01-23T18:33:50.045502,99,67678,32.020897,35.862316,134.5,0,58-67678,🟢 MOVING,16.88515951806121
2026-01-23T18:33:50.045502,99,11529,32.0136,35.869354,150.41,0,58-11529,🟡 STOPPED (BOARDING?),0.0
2026-01-23T18:33:50.045502,99,47376,31.981699,35.892925,223.1,0,58-47376,🟢 MOVING,8.580991901431123
2026-01-23T18:33:50.045502,99,10987,31.955196,35.8843,0,0,58-10987,🟢 MOVING,4.5051804909626405
2026-01-23T18:33:50.045502,99,11924,31.948132,35.915276,108.2,0,58-11924,🟢 MOVING,0.9633519383240575
2026-01-23T18:33:50.045502,99,88230,32.0003,36.014828,0,0,58-88230,🛑 PARKED (EXTREME),0.0
2026-01-23T18:34:21.916625,99,25354,32.020798,35.842693,288.6,0,58-25354,🛑 PARKED (EXTREME),0.0
2026-01-23T18:34:21.916625,99,59779,32.020805,35.842705,292.89,0,58-59779,🛑 PARKED (EXTREME),0.0
2026-01-23T18:34:21.916625,99,69302,32.02082,35.842705,289.8,0,58-69302,🛑 PARKED (EXTREME),0.0
2026-01-23T18:34:21.916625,99,67678,32.01896,35.864548,134.5,0,58-67678,🟢 MOVING,9.393355579383396
2026-01-23T18:34:21.916625,99,11529,32.005016,35.873302,0,0,58-11529,🟢 MOVING,31.959994735242567
2026-01-23T18:34:21.916625,99,47376,31.979918,35.89097,219.8,0,58-47376,🟢 MOVING,8.44113706072463
2026-01-23T18:34:21.916625,99,10987,31.954746,35.88557,110.86,0,58-10987,🟢 MOVING,4.050583740943181
2026-01-23T18:34:21.916625,99,11924,31.947714,35.91606,124.3,0,58-11924,🟢 MOVING,2.7252871978850868
2026-01-23T18:34:21.916625,99,88230,32.0003,36.014828,0,0,58-88230,🛑 PARKED (EXTREME),0.0
2026-01-23T18:34:57.185685,99,25354,32.020798,35.842693,288.6,0,58-25354,🛑 PARKED (EXTREME),0.0
2026-01-23T18:34:57.185685,99,59779,32.020805,35.842705,292.89,0,58-59779,🛑 PARKED (EXTREME),0.0
2026-01-23T18:34:57.185685,99,69302,32.02082,35.842705,289.8,0,58-69302,🛑 PARKED (EXTREME),0.0
2026-01-23T18:34:57.185685,99,67678,32.018925,35.86454,134.5,0,58-67678,🟡 STOPPED (BOARDING?),0.0
2026-01-23T18:34:57.185685,99,11529,32.005016,35.873302,0,0,58-11529,🟡 STOPPED (BOARDING?),0.0
2026-01-23T18:34:57.185685,99,47376,31.977674,35.88871,216.8,0,58-47376,🟢 MOVING,9.369775128237784
2026-01-23T18:34:57.185685,99,10987,31.95389,35.888073,0,0,58-10987,🟢 MOVING,7.2693135319821005
2026-01-23T18:34:57.185685,99,11924,31.94614,35.918682,117.9,0,58-11924,🟢 MOVING,8.651985282053536
2026-01-23T18:34:57.185685,99,88230,32.0003,36.014828,0,0,58-88230,🛑 PARKED (EXTREME),0.0
2026-01-23T18:35:36.038978,99,25354,32.020798,35.842693,288.6,0,58-25354,🛑 PARKED (EXTREME),0.0
2026-01-23T18:35:36.038978,99,59779,32.020805,35.842705,292.89,0,58-59779,🛑 PARKED (EXTREME),0.0
2026-01-23T18:35:36.038978,99,69302,32.02082,35.842705,289.8,0,58-69302,🛑 PARKED (EXTREME),0.0
2026-01-23T18:35:36.038978,99,67678,32.018333,35.86519,142.6,0,58-67678,🟢 MOVING,2.2613747261084893
2026-01-23T18:35:36.038978,99,11529,32.005016,35.873302,0,0,58-11529,🟡 STOPPED (BOARDING?),0.0
2026-01-23T18:35:36.038978,99,47376,31.975891,35.887505,204.5,0,58-47376,🟢 MOVING,5.746122973550992
2026-01-23T18:35:36.038978,99,10987,31.952265,35.891907,115.63,0,58-10987,🟢 MOVING,10.166837964702196
2026-01-23T18:35:36.038978,99,11924,31.945648,35.922474,69.59,0,58-11924,🟢 MOVING,9.101073860472866
2026-01-23T18:35:36.038978,99,88230,32.0003,36.014828,0,0,58-88230,🛑 PARKED (EXTREME),0.0
2026-01-23T18:36:15.205360,99,25354,32.020798,35.842693,288.6,0,58-25354,🛑 PARKED (EXTREME),0.0
2026-01-23T18:36:15.205360,99,59779,32.020805,35.842705,292.89,0,58-59779,🛑 PARKED (EXTREME),0.0
2026-01-23T18:36:15.205360,99,69302,32.02082,35.842705,289.8,0,58-69302,🛑 PARKED (EXTREME),0.0
2026-01-23T18:36:15.205360,99,67678,32.015263,35.868065,139.19,0,58-67678,🟢 MOVING,11.325541469044758
2026-01-23T18:36:15.205360,99,11529,32.003113,35.87466,141.82,0,58-11529,🟢 MOVING,6.426252467940065
2026-01-23T18:36:15.205360,99,47376,31.972399,35.886353,185.1,0,58-47376,🟢 MOVING,10.476301766508026
2026-01-23T18:36:15.205360,99,10987,31.95176,35.896656,87.11,0,58-10987,🟢 MOVING,11.732617596476873
2026-01-23T18:36:15.205360,99,11924,31.946293,35.926468,97.4,0,58-11924,🟢 MOVING,9.96715593360303
2026-01-23T18:36:15.205360,99,88230,32.0003,36.014828,0,0,58-88230,🛑 PARKED (EXTREME),0.0
2026-01-23T18:36:55.021983,99,25354,32.020798,35.842693,288.6,0,58-25354,🛑 PARKED (EXTREME),0.0
2026-01-23T18:36:55.021983,99,59779,32.020805,35.842705,292.89,0,58-59779,🛑 PARKED (EXTREME),0.0
2026-01-23T18:36:55.021983,99,69302,32.02082,35.842705,289.8,0,58-69302,🛑 PARKED (EXTREME),0.0
2026-01-23T18:36:55.021983,99,67678,32.01428,35.86896,145.19,0,58-67678,🟢 MOVING,3.4747902184399853
2026-01-23T18:36:55.021983,99,11529,31.998379,35.880924,126.06,0,58-11529,🟢 MOVING,19.909554034457525
2026-01-23T18:36:55.021983,99,47376,31.969536,35.88634,171.8,0,58-47376,🟢 MOVING,8.010956276983297
2026-01-23T18:36:55.021983,99,10987,31.951757,35.89755,93.18,0,58-10987,🟢 MOVING,2.1225086489459937
2026-01-23T18:36:55.021983,99,11924,31.94583,35.928562,120.1,0,58-11924,🟢 MOVING,5.137798357322495
2026-01-23T18:36:55.021983,99,88230,32.0003,36.014828,0,0,58-88230,🛑 PARKED (EXTREME),0.0
2026-01-23T18:37:26.567089,99,25354,32.020798,35.842693,288.6,0,58-25354,🛑 PARKED (EXTREME),0.0
2026-01-23T18:37:26.567089,99,59779,32.020805,35.842705,292.89,0,58-59779,🛑 PARKED (EXTREME),0.0
2026-01-23T18:37:26.567089,99,69302,32.02082,35.842705,289.8,0,58-69302,🛑 PARKED (EXTREME),0.0
2026-01-23T18:37:26.567089,99,67678,32.00986,35.871216,164,0,58-67678,🟢 MOVING,17.032802536121284
2026-01-23T18:37:26.567089,99,11529,31.99796,35.881577,127.61,0,58-11529,🟢 MOVING,2.455916807167735
2026-01-23T18:37:26.567089,99,47376,31.96879,35.886528,167.3,0,58-47376,🟢 MOVING,2.6978972989743064
2026-01-23T18:37:26.567089,99,10987,31.949974,35.901882,134.34,0,58-10987,🟢 MOVING,14.448051705975884
2026-01-23T18:37:26.567089,99,11924,31.94583,35.928562,120.1,0,58-11924,🛑 PARKED (EXTREME),0.0
2026-01-23T18:37:26.567089,99,88230,32.0003,36.014828,0,0,58-88230,🛑 PARKED (EXTREME),0.0
2026-01-23T18:38:03.072141,99,25354,32.020798,35.842693,288.6,0,58-25354,🛑 PARKED (EXTREME),0.0
2026-01-23T18:38:03.072141,99,59779,32.020805,35.842705,292.89,0,58-59779,🛑 PARKED (EXTREME),0.0
2026-01-23T18:38:03.072141,99,69302,32.021347,35.842876,49.3,0,58-69302,🟢 MOVING,1.6043000598089283
2026-01-23T18:38:03.072141,99,67678,32.00544,35.87311,152.9,0,58-67678,🟢 MOVING,13.803341760532478
2026-01-23T18:38:03.072141,99,11529,31.995872,35.88486,127.31,0,58-11529,🟢 MOVING,10.214923184207423
2026-01-23T18:38:03.072141,99,47376,31.966955,35.887005,170.7,0,58-47376,🟢 MOVING,5.515433851864507
2026-01-23T18:38:03.072141,99,10987,31.945496,35.906754,0,0,58-10987,🟢 MOVING,17.888324829849413
2026-01-23T18:38:03.072141,99,11924,31.94583,35.928562,120.1,0,58-11924,🛑 PARKED (EXTREME),0.0
2026-01-23T18:38:03.072141,99,88230,32.0003,36.014828,0,0,58-88230,🛑 PARKED (EXTREME),0.0
2026-01-23T18:38:44.331864,99,25354,32.020798,35.842693,288.6,0,58-25354,🛑 PARKED (EXTREME),0.0
2026-01-23T18:38:44.331864,99,59779,32.020805,35.842705,292.89,0,58-59779,🛑 PARKED (EXTREME),0.0
2026-01-23T18:38:44.331864,99,69302,32.02236,35.845516,72.4,0,58-69302,🟢 MOVING,6.799509094112742
2026-01-23T18:38:44.331864,99,67678,32.005093,35.873314,148.9,0,58-67678,🟢 MOVING,1.073063765954319
2026-01-23T18:38:44.331864,99,11529,31.99566,35.88517,0,0,58-11529,🟢 MOVING,0.9346945854137709
2026-01-23T18:38:44.331864,99,47376,31.96688,35.88702,173.7,0,58-47376,🟢 MOVING,0.2105326477654199
2026-01-23T18:38:44.331864,99,10987,31.945496,35.906754,0,0,58-10987,🟡 STOPPED (BOARDING?),0.0
2026-01-23T18:38:44.331864,99,11924,31.94583,35.928562,120.1,0,58-11924,🛑 PARKED (EXTREME),0.0
2026-01-23T18:38:44.331864,99,88230,32.0003,36.014828,0,0,58-88230,🛑 PARKED (EXTREME),0.0
2026-01-23T18:39:24.060042,99,25354,32.020798,35.842693,288.6,0,58-25354,🛑 PARKED (EXTREME),0.0
2026-01-23T18:39:24.060042,99,59779,32.020805,35.842705,292.89,0,58-59779,🛑 PARKED (EXTREME),0.0
2026-01-23T18:39:24.060042,99,69302,32.024353,35.85277,73.9,0,58-69302,🟢 MOVING,18.146531698798732
2026-01-23T18:39:24.060042,99,67678,31.999905,35.878616,126.3,0,58-67678,🟢 MOVING,19.269833728411896
2026-01-23T18:39:24.060042,99,11529,31.994287,35.887318,125.84,0,58-11529,🟢 MOVING,6.402959807263033
2026-01-23T18:39:24.060042,99,47376,31.964996,35.884483,220.4,0,58-47376,🟢 MOVING,8.028754264175252
2026-01-23T18:39:24.060042,99,10987,31.945496,35.906754,0,0,58-10987,🟡 STOPPED (BOARDING?),0.0
2026-01-23T18:39:24.060042,99,88230,32.0003,36.014828,0,0,58-88230,🛑 PARKED (EXTREME),0.0
2026-01-23T18:40:05.082918,99,25354,32.020798,35.842693,288.6,0,58-25354,🛑 PARKED (EXTREME),0.0
2026-01-23T18:40:05.082918,99,59779,32.020805,35.842705,292.89,0,58-59779,🛑 PARKED (EXTREME),0.0
2026-01-23T18:40:05.082918,99,69302,32.02473,35.8547,87.3,0,58-69302,🟢 MOVING,4.523027895610761
2026-01-23T18:40:05.082918,99,67678,31.997372,35.88255,126.7,0,58-67678,🟢 MOVING,11.283276166246237
2026-01-23T18:40:05.082918,99,11529,31.992773,35.889717,126.47,0,58-11529,🟢 MOVING,6.831308461289358
2026-01-23T18:40:05.082918,99,47376,31.960443,35.880787,211.8,0,58-47376,🟢 MOVING,14.891157239034232
2026-01-23T18:40:05.082918,99,10987,31.946012,35.908123,63.87,0,58-10987,🟢 MOVING,3.4238865185046814
2026-01-23T18:40:05.082918,99,88230,32.0003,36.014828,0,0,58-88230,🛑 PARKED (EXTREME),0.0
2026-01-23T18:40:46.331750,99,25354,32.020798,35.842693,288.6,0,58-25354,🛑 PARKED (EXTREME),0.0
2026-01-23T18:40:46.331750,99,59779,32.020805,35.842705,292.89,0,58-59779,🛑 PARKED (EXTREME),0.0
2026-01-23T18:40:46.331750,99,69302,32.02458,35.856434,105,0,58-69302,🟢 MOVING,4.011899785560599
2026-01-23T18:40:46.331750,99,67678,31.994717,35.886715,126.4,0,58-67678,🟢 MOVING,11.996505196828863
2026-01-23T18:40:46.331750,99,11529,31.992716,35.889812,126.53,0,58-11529,🟢 MOVING,0.26794332863399445
2026-01-23T18:40:46.331750,99,47376,31.958382,35.879223,207.1,0,58-47376,🟢 MOVING,6.654730949007071
2026-01-23T18:40:46.331750,99,10987,31.947388,35.911465,64.36,0,58-10987,🟢 MOVING,8.557327885985769
2026-01-23T18:40:46.331750,99,88230,32.0003,36.014828,0,0,58-88230,🛑 PARKED (EXTREME),0.0
2026-01-23T18:41:26.149821,99,68570,32.020817,35.842728,289.2,0,58-68570,🟢 MOVING,3.7686389384374768
2026-01-23T18:41:26.149821,99,25354,32.020798,35.842693,288.6,0,58-25354,🛑 PARKED (EXTREME),0.0
2026-01-23T18:41:26.149821,99,59779,32.020805,35.842705,292.89,0,58-59779,🛑 PARKED (EXTREME),0.0
2026-01-23T18:41:26.149821,99,69302,32.021763,35.86127,134.69,0,58-69302,🟢 MOVING,13.863386978264474
2026-01-23T18:41:26.149821,99,67678,31.991453,35.89177,134.6,0,58-67678,🟢 MOVING,15.0163579825658
2026-01-23T18:41:26.149821,99,11529,31.990961,35.892223,137.41,0,58-11529,🟢 MOVING,7.50966809318153
2026-01-23T18:41:26.149821,99,47376,31.957966,35.879227,124,0,58-47376,🟢 MOVING,1.1593650277698486
2026-01-23T18:41:26.149821,99,10987,31.948198,35.914936,0,0,58-10987,🟢 MOVING,8.512695570353326
2026-01-23T18:41:26.149821,99,88230,32.0003,36.014828,0,0,58-88230,🛑 PARKED (EXTREME),0.0
2026-01-23T18:41:59.854601,99,68570,32.020817,35.842728,289.2,0,58-68570,🛑 PARKED (EXTREME),0.0
2026-01-23T18:41:59.854601,99,25354,32.020798,35.842693,288.6,0,58-25354,🛑 PARKED (EXTREME),0.0
2026-01-23T18:41:59.854601,99,59779,32.020805,35.842705,292.89,0,58-59779,🛑 PARKED (EXTREME),0.0
2026-01-23T18:41:59.854601,99,69302,32.01958,35.863846,134.6,0,58-69302,🟢 MOVING,10.230754152582525
2026-01-23T18:41:59.854601,99,67678,31.98913,35.894268,137.9,0,58-67678,🟢 MOVING,10.416453959635437
2026-01-23T18:41:59.854601,99,11529,31.988333,35.895023,138.22,0,58-11529,🟢 MOVING,11.73506361235383
2026-01-23T18:41:59.854601,99,47376,31.956003,35.882835,124,0,58-47376,🟢 MOVING,12.048066264939612
2026-01-23T18:41:59.854601,99,10987,31.948198,35.914936,0,0,58-10987,🟡 STOPPED (BOARDING?),0.0
2026-01-23T18:41:59.854601,99,88230,32.0003,36.014828,0,0,58-88230,🛑 PARKED (EXTREME),0.0
2026-01-23T18:42:35.700198,99,68570,32.020817,35.842728,289.2,0,58-68570,🛑 PARKED (EXTREME),0.0
2026-01-23T18:42:35.700198,99,25354,32.020798,35.842693,288.6,0,58-25354,🛑 PARKED (EXTREME),0.0
2026-01-23T18:42:35.700198,99,59779,32.020805,35.842705,292.89,0,58-59779,🛑 PARKED (EXTREME),0.0
2026-01-23T18:42:35.700198,99,69302,32.018845,35.864697,138.6,0,58-69302,🟢 MOVING,3.1924074297561305
2026-01-23T18:42:35.700198,99,67678,31.988377,35.89505,136.9,0,58-67678,🟢 MOVING,3.110209797704518
2026-01-23T18:42:35.700198,99,11529,31.987597,35.895752,143.87,0,58-11529,🟢 MOVING,2.9794030987752524
2026-01-23T18:42:35.700198,99,47376,31.955166,35.884384,119.2,0,58-47376,🟢 MOVING,4.829524645856399
2026-01-23T18:42:35.700198,99,10987,31.947754,35.915985,0,0,58-10987,🟢 MOVING,3.083079570664847
2026-01-23T18:42:35.700198,99,88230,32.0003,36.014828,0,0,58-88230,🛑 PARKED (EXTREME),0.0
2026-01-23T18:43:14.731975,99,68570,32.020817,35.842728,289.2,0,58-68570,🛑 PARKED (EXTREME),0.0
2026-01-23T18:43:14.731975,99,25354,32.020798,35.842693,288.6,0,58-25354,🛑 PARKED (EXTREME),0.0
2026-01-23T18:43:14.731975,99,59779,32.020805,35.842705,292.89,0,58-59779,🛑 PARKED (EXTREME),0.0
2026-01-23T18:43:14.731975,99,69302,32.018803,35.86474,135.19,0,58-69302,🟢 MOVING,0.15804058422728828
2026-01-23T18:43:14.731975,99,67678,31.98667,35.896626,140.19,0,58-67678,🟢 MOVING,6.160851404162621
2026-01-23T18:43:14.731975,99,11529,31.985374,35.897808,136.02,0,58-11529,🟢 MOVING,8.028568417334279
2026-01-23T18:43:14.731975,99,47376,31.95395,35.887985,113.5,0,58-47376,🟢 MOVING,9.344374059296701
2026-01-23T18:43:14.731975,99,10987,31.946203,35.918564,123.01,0,58-10987,🟢 MOVING,7.621951849657094
2026-01-23T18:43:14.731975,99,88230,32.0003,36.014828,0,0,58-88230,🛑 PARKED (EXTREME),0.0
2026-01-23T18:43:51.875330,99,68570,32.020817,35.842728,289.2,0,58-68570,🛑 PARKED (EXTREME),0.0
2026-01-23T18:43:51.875330,99,25354,32.020798,35.842693,288.6,0,58-25354,🛑 PARKED (EXTREME),0.0
2026-01-23T18:43:51.875330,99,59779,32.020805,35.842705,292.89,0,58-59779,🛑 PARKED (EXTREME),0.0
2026-01-23T18:43:51.875330,99,69302,32.016884,35.86657,142.1,0,58-69302,🟢 MOVING,7.377466567550787
2026-01-23T18:43:51.875330,99,67678,31.98583,35.89744,150,0,58-67678,🟢 MOVING,3.250526173183448
2026-01-23T18:43:51.875330,99,11529,31.985317,35.89787,0,0,58-11529,🟢 MOVING,0.23184206511084615
2026-01-23T18:43:51.875330,99,47376,31.953382,35.889378,117.2,0,58-47376,🟢 MOVING,3.920177014551493
2026-01-23T18:43:51.875330,99,10987,31.94549,35.921734,87.89,0,58-10987,🟢 MOVING,8.319083396659247
2026-01-23T18:43:51.875330,99,88230,32.0003,36.014828,0,0,58-88230,🛑 PARKED (EXTREME),0.0
2026-01-23T18:44:32.380893,99,68570,32.020817,35.842728,289.2,0,58-68570,🛑 PARKED (EXTREME),0.0
2026-01-23T18:44:32.380893,99,25354,32.020798,35.842693,288.6,0,58-25354,🛑 PARKED (EXTREME),0.0
2026-01-23T18:44:32.380893,99,59779,32.020805,35.842705,292.89,0,58-59779,🛑 PARKED (EXTREME),0.0
2026-01-23T18:44:32.380893,99,69302,32.01516,35.868168,142.69,0,58-69302,🟢 MOVING,5.988120436656416
2026-01-23T18:44:32.380893,99,67678,31.985828,35.89744,150,0,58-67678,🟡 STOPPED (BOARDING?),0.0
2026-01-23T18:44:32.380893,99,11529,31.985317,35.89787,0,0,58-11529,🟡 STOPPED (BOARDING?),0.0
2026-01-23T18:44:32.380893,99,47376,31.951803,35.893436,103,0,58-47376,🟢 MOVING,10.344522043254342
2026-01-23T18:44:32.380893,99,10987,31.945995,35.92365,0,0,58-10987,🟢 MOVING,4.649209711385797
2026-01-23T18:44:32.380893,99,88230,32.0003,36.014828,0,0,58-88230,🛑 PARKED (EXTREME),0.0
2026-01-23T18:45:09.148702,99,68570,32.020817,35.842728,289.2,0,58-68570,🛑 PARKED (EXTREME),0.0
2026-01-23T18:45:09.148702,99,25354,32.020798,35.842693,288.6,0,58-25354,🛑 PARKED (EXTREME),0.0
2026-01-23T18:45:09.148702,99,59779,32.020805,35.842705,292.89,0,58-59779,🛑 PARKED (EXTREME),0.0
2026-01-23T18:45:09.148702,99,69302,32.01516,35.868168,142.9,0,58-69302,🟡 STOPPED (BOARDING?),0.0
2026-01-23T18:45:09.148702,99,67678,31.98583,35.89744,150,0,58-67678,🟡 STOPPED (BOARDING?),0.0
2026-01-23T18:45:09.148702,99,11529,31.98574,35.897472,210.07,0,58-11529,🟢 MOVING,1.649326816720726
2026-01-23T18:45:09.148702,99,47376,31.951561,35.899113,108.8,0,58-47376,🟢 MOVING,14.698472845750098
2026-01-23T18:45:09.148702,99,10987,31.945896,35.92826,117.53,0,58-10987,🟢 MOVING,11.925401333650697
2026-01-23T18:45:09.148702,99,88230,32.0003,36.014828,0,0,58-88230,🛑 PARKED (EXTREME),0.0
2026-01-23T18:45:41.738616,99,68570,32.020817,35.842728,289.2,0,58-68570,🛑 PARKED (EXTREME),0.0
2026-01-23T18:45:41.738616,99,25354,32.020798,35.842693,288.6,0,58-25354,🛑 PARKED (EXTREME),0.0
2026-01-23T18:45:41.738616,99,59779,32.020805,35.842705,292.89,0,58-59779,🛑 PARKED (EXTREME),0.0
2026-01-23T18:45:41.738616,99,69302,32.013805,35.8693,150.4,0,58-69302,🟢 MOVING,5.530126919504302
2026-01-23T18:45:41.738616,99,67678,31.985828,35.89744,150,0,58-67678,🟡 STOPPED (BOARDING?),0.0
2026-01-23T18:45:41.738616,99,11529,31.983986,35.895554,216.38,0,58-11529,🟢 MOVING,7.967215657416773
2026-01-23T18:45:41.738616,99,47376,31.948835,35.903107,144.8,0,58-47376,🟢 MOVING,14.484603237534383
2026-01-23T18:45:41.738616,99,10987,31.945896,35.92826,117.53,0,58-10987,🛑 PARKED (EXTREME),0.0
2026-01-23T18:45:41.738616,99,88230,32.0003,36.014828,0,0,58-88230,🛑 PARKED (EXTREME),0.0
2026-01-23T18:46:17.445329,99,68570,32.020817,35.842728,289.2,0,58-68570,🛑 PARKED (EXTREME),0.0
2026-01-23T18:46:17.445329,99,25354,32.020798,35.842693,288.6,0,58-25354,🛑 PARKED (EXTREME),0.0
2026-01-23T18:46:17.445329,99,59779,32.020805,35.842705,292.89,0,58-59779,🛑 PARKED (EXTREME),0.0
2026-01-23T18:46:17.445329,99,69302,32.01099,35.870808,165.6,0,58-69302,🟢 MOVING,9.908542763105432
2026-01-23T18:46:17.445329,99,67678,31.985365,35.897884,120.3,0,58-67678,🟢 MOVING,1.9126660003776266
2026-01-23T18:46:17.445329,99,11529,31.982397,35.89375,225.92,0,58-11529,🟢 MOVING,7.069643639914656
2026-01-23T18:46:17.445329,99,47376,31.94565,35.906555,126.5,0,58-47376,🟢 MOVING,13.86014603980575
2026-01-23T18:46:17.445329,99,10987,31.945896,35.92826,117.53,0,58-10987,🛑 PARKED (EXTREME),0.0
2026-01-23T18:46:17.445329,99,88230,32.0003,36.014828,0,0,58-88230,🛑 PARKED (EXTREME),0.0
2026-01-23T18:46:49.938845,99,68570,32.020817,35.842728,289.2,0,58-68570,🛑 PARKED (EXTREME),0.0
2026-01-23T18:46:49.938845,99,25354,32.020798,35.842693,288.6,0,58-25354,🛑 PARKED (EXTREME),0.0
2026-01-23T18:46:49.938845,99,59779,32.020805,35.842705,292.89,0,58-59779,🛑 PARKED (EXTREME),0.0
2026-01-23T18:46:49.938845,99,69302,32.005035,35.873318,150.1,0,58-69302,🟢 MOVING,21.512572452565003
2026-01-23T18:46:49.938845,99,67678,31.985327,35.89792,139.19,0,58-67678,🟢 MOVING,0.16582926412349488
2026-01-23T18:46:49.938845,99,11529,31.981169,35.89231,219.29,0,58-11529,🟢 MOVING,5.891918856852556
2026-01-23T18:46:49.938845,99,47376,31.945494,35.906803,125.4,0,58-47376,🟢 MOVING,0.8911159947974503
2026-01-23T18:46:49.938845,99,10987,31.945896,35.92826,117.53,0,58-10987,🛑 PARKED (EXTREME),0.0
2026-01-23T18:46:49.938845,99,88230,32.0003,36.014828,0,0,58-88230,🛑 PARKED (EXTREME),0.0
2026-01-23T18:47:22.273163,99,68570,32.020817,35.842728,289.2,0,58-68570,🛑 PARKED (EXTREME),0.0
2026-01-23T18:47:22.273163,99,25354,32.020798,35.842693,288.6,0,58-25354,🛑 PARKED (EXTREME),0.0
2026-01-23T18:47:22.273163,99,59779,32.023098,35.84828,73.3,0,58-59779,🟢 MOVING,18.002329656671183
2026-01-23T18:47:22.273163,99,69302,32.003716,35.874184,146.9,0,58-69302,🟢 MOVING,5.173453434523032
2026-01-23T18:47:22.273163,99,67678,31.985825,35.897602,218.5,0,58-67678,🟢 MOVING,1.9408317927220566
2026-01-23T18:47:22.273163,99,11529,31.980864,35.891933,0,0,58-11529,🟢 MOVING,1.5143833210314712
2026-01-23T18:47:22.273163,99,47376,31.945494,35.906803,125.4,0,58-47376,🟡 STOPPED (BOARDING?),0.0
2026-01-23T18:47:22.273163,99,88230,32.0003,36.014828,0,0,58-88230,🛑 PARKED (EXTREME),0.0
2026-01-23T18:48:00.219436,99,68570,32.020817,35.842728,289.2,0,58-68570,🛑 PARKED (EXTREME),0.0
2026-01-23T18:48:00.219436,99,25354,32.020798,35.842693,288.6,0,58-25354,🛑 PARKED (EXTREME),0.0
2026-01-23T18:48:00.219436,99,59779,32.024372,35.85267,73,0,58-59779,🟢 MOVING,11.586864027266438
2026-01-23T18:48:00.219436,99,69302,32.00072,35.8774,130.9,0,58-69302,🟢 MOVING,11.93277415353152
2026-01-23T18:48:00.219436,99,67678,31.981655,35.89296,226.3,0,58-67678,🟢 MOVING,16.891838945149484
2026-01-23T18:48:00.219436,99,11529,31.97935,35.89037,221.64,0,58-11529,🟢 MOVING,5.927306967245565
2026-01-23T18:48:00.219436,99,47376,31.946308,35.90885,63.6,0,58-47376,🟢 MOVING,5.649895877654598
2026-01-23T18:48:00.219436,99,88230,32.0003,36.014828,0,0,58-88230,🛑 PARKED (EXTREME),0.0
2026-01-23T18:48:32.291495,99,68570,32.020817,35.842728,289.2,0,58-68570,🛑 PARKED (EXTREME),0.0
2026-01-23T18:48:32.291495,99,25354,32.020798,35.842693,288.6,0,58-25354,🛑 PARKED (EXTREME),0.0
2026-01-23T18:48:32.291495,99,59779,32.024635,35.8541,89.3,0,58-59779,🟢 MOVING,4.253983304208494
2026-01-23T18:48:32.291495,99,69302,31.998451,35.880863,127.9,0,58-69302,🟢 MOVING,12.725860064968114
2026-01-23T18:48:32.291495,99,67678,31.981005,35.892174,226,0,58-67678,🟢 MOVING,3.192643951592398
2026-01-23T18:48:32.291495,99,11529,31.977484,35.8885,215.56,0,58-11529,🟢 MOVING,8.39747303855709
2026-01-23T18:48:32.291495,99,47376,31.94806,35.913197,73.8,0,58-47376,🟢 MOVING,14.00162557675263
2026-01-23T18:48:32.291495,99,88230,32.0003,36.014828,0,0,58-88230,🛑 PARKED (EXTREME),0.0
2026-01-23T18:49:08.671824,99,68570,32.020817,35.842728,289.2,0,58-68570,🛑 PARKED (EXTREME),0.0
2026-01-23T18:49:08.671824,99,25354,32.020798,35.842693,288.6,0,58-25354,🛑 PARKED (EXTREME),0.0
2026-01-23T18:49:08.671824,99,59779,32.024624,35.854095,89.3,0,58-59779,🟡 STOPPED (BOARDING?),0.0
2026-01-23T18:49:08.671824,99,69302,31.997726,35.881973,126.9,0,58-69302,🟢 MOVING,3.6689007299637715
2026-01-23T18:49:08.671824,99,67678,31.978317,35.889313,220.8,0,58-67678,🟢 MOVING,11.182981204295992
2026-01-23T18:49:08.671824,99,11529,31.976032,35.88756,0,0,58-11529,🟢 MOVING,5.1153803478014215
2026-01-23T18:49:08.671824,99,47376,31.948214,35.914913,100.2,0,58-47376,🟢 MOVING,4.5214400407279935
2026-01-23T18:49:08.671824,99,88230,32.0003,36.014828,0,0,58-88230,🛑 PARKED (EXTREME),0.0
2026-01-23T18:49:48.946819,99,68570,32.020817,35.842728,289.2,0,58-68570,🛑 PARKED (EXTREME),0.0
2026-01-23T18:49:48.946819,99,25354,32.020798,35.842693,288.6,0,58-25354,🛑 PARKED (EXTREME),0.0
2026-01-23T18:49:48.946819,99,59779,32.024704,35.854626,88.1,0,58-59779,🟢 MOVING,1.2564181545963942
2026-01-23T18:49:48.946819,99,69302,31.995691,35.885197,129.69,0,58-69302,🟢 MOVING,9.366028778261335
2026-01-23T18:49:48.946819,99,67678,31.977564,35.88866,215.8,0,58-67678,🟢 MOVING,2.5687301512576126
2026-01-23T18:49:48.946819,99,11529,31.974958,35.886974,204.59,0,58-11529,🟢 MOVING,3.2520671688473834
2026-01-23T18:49:48.946819,99,47376,31.948214,35.914917,100.2,0,58-47376,🟡 STOPPED (BOARDING?),0.0
2026-01-23T18:49:48.946819,99,88230,32.0003,36.014828,0,0,58-88230,🛑 PARKED (EXTREME),0.0
2026-01-23T18:50:25.879598,99,69779,32.020786,35.84271,288.89,0,58-69779,🟢 MOVING,4.204401679678893
2026-01-23T18:50:25.879598,99,68570,32.020817,35.842728,289.2,0,58-68570,🛑 PARKED (EXTREME),0.0
2026-01-23T18:50:25.879598,99,25354,32.020798,35.842693,288.6,0,58-25354,🛑 PARKED (EXTREME),0.0
2026-01-23T18:50:25.879598,99,59779,32.024742,35.85555,94.4,0,58-59779,🟢 MOVING,2.35497115706939
2026-01-23T18:50:25.879598,99,69302,31.992962,35.889538,127.3,0,58-69302,🟢 MOVING,13.760261640223888
2026-01-23T18:50:25.879598,99,67678,31.974134,35.88668,195.2,0,58-67678,🟢 MOVING,11.467434570021004
2026-01-23T18:50:25.879598,99,11529,31.972116,35.886257,182.71,0,58-11529,🟢 MOVING,8.726672921233286
2026-01-23T18:50:25.879598,99,47376,31.948,35.91556,122.5,0,58-47376,🟢 MOVING,1.7597461699546086
2026-01-23T18:50:25.879598,99,88230,32.0003,36.014828,0,0,58-88230,🛑 PARKED (EXTREME),0.0
2026-01-23T18:51:02.588774,99,69779,32.020786,35.84271,288.89,0,58-69779,🛑 PARKED (EXTREME),0.0
2026-01-23T18:51:02.588774,99,68570,32.020817,35.842728,289.2,0,58-68570,🛑 PARKED (EXTREME),0.0
2026-01-23T18:51:02.588774,99,25354,32.020798,35.842693,288.6,0,58-25354,🛑 PARKED (EXTREME),0.0
2026-01-23T18:51:02.588774,99,59779,32.022053,35.860874,317.5,0,58-59779,🟢 MOVING,15.958914970487022
2026-01-23T18:51:02.588774,99,69302,31.992783,35.88979,124.6,0,58-69302,🟢 MOVING,0.8467768801215129
2026-01-23T18:51:02.588774,99,67678,31.96982,35.886337,177.6,0,58-67678,🟢 MOVING,13.133195433642149
2026-01-23T18:51:02.588774,99,11529,31.969545,35.88632,0,0,58-11529,🟢 MOVING,7.810890504601828
2026-01-23T18:51:02.588774,99,47376,31.947454,35.91653,124.6,0,58-47376,🟢 MOVING,3.000085528038543
2026-01-23T18:51:02.588774,99,88230,32.0003,36.014828,0,0,58-88230,🛑 PARKED (EXTREME),0.0
2026-01-23T18:51:38.365006,99,69779,32.020786,35.84271,288.89,0,58-69779,🛑 PARKED (EXTREME),0.0
2026-01-23T18:51:38.365006,99,68570,32.020817,35.842728,289.2,0,58-68570,🛑 PARKED (EXTREME),0.0
2026-01-23T18:51:38.365006,99,25354,32.020798,35.842693,288.6,0,58-25354,🛑 PARKED (EXTREME),0.0
2026-01-23T18:51:38.365006,99,59779,32.020966,35.86219,134.5,0,58-59779,🟢 MOVING,4.820517332815276
2026-01-23T18:51:38.365006,99,69302,31.99241,35.89037,126.5,0,58-69302,🟢 MOVING,1.9103952901424017
2026-01-23T18:51:38.365006,99,67678,31.968666,35.886566,166.8,0,58-67678,🟢 MOVING,3.6214011068087015
2026-01-23T18:51:38.365006,99,11529,31.967422,35.886856,168.98,0,58-11529,🟢 MOVING,6.718809072479728
2026-01-23T18:51:38.365006,99,47376,31.945917,35.919548,105.3,0,58-47376,🟢 MOVING,9.242694368424551
2026-01-23T18:51:38.365006,99,88230,32.0003,36.014828,0,0,58-88230,🛑 PARKED (EXTREME),0.0
2026-01-23T18:52:16.593332,99,69779,32.020786,35.84271,288.89,0,58-69779,🛑 PARKED (EXTREME),0.0
2026-01-23T18:52:16.593332,99,68570,32.020817,35.842728,289.2,0,58-68570,🛑 PARKED (EXTREME),0.0
2026-01-23T18:52:16.593332,99,25354,32.020798,35.842693,288.6,0,58-25354,🛑 PARKED (EXTREME),0.0
2026-01-23T18:52:16.593332,99,59779,32.01823,35.865314,140.6,0,58-59779,🟢 MOVING,11.05117544139568
2026-01-23T18:52:16.593332,99,69302,31.992416,35.89037,126.5,0,58-69302,🟡 STOPPED (BOARDING?),0.0
2026-01-23T18:52:16.593332,99,67678,31.96716,35.886944,167.1,0,58-67678,🟢 MOVING,4.468437984889623
2026-01-23T18:52:16.593332,99,11529,31.967022,35.886944,0,0,58-11529,🟢 MOVING,1.180799077243212
2026-01-23T18:52:16.593332,99,47376,31.94629,35.92507,83.5,0,58-47376,🟢 MOVING,13.640313975523153
2026-01-23T18:52:16.593332,99,88230,32.0003,36.014828,0,0,58-88230,🛑 PARKED (EXTREME),0.0
2026-01-23T18:52:55.591380,99,69779,32.020786,35.84271,288.89,0,58-69779,🛑 PARKED (EXTREME),0.0
2026-01-23T18:52:55.591380,99,68570,32.020817,35.842728,289.2,0,58-68570,🛑 PARKED (EXTREME),0.0
2026-01-23T18:52:55.591380,99,25354,32.020798,35.842693,288.6,0,58-25354,🛑 PARKED (EXTREME),0.0
2026-01-23T18:52:55.591380,99,59779,32.01824,35.865314,140.5,0,58-59779,🟡 STOPPED (BOARDING?),0.0
2026-01-23T18:52:55.591380,99,69302,31.9898,35.893536,138.19,0,58-69302,🟢 MOVING,10.687122592173997
2026-01-23T18:52:55.591380,99,67678,31.964825,35.884342,218.7,0,58-67678,🟢 MOVING,9.160338168359683
2026-01-23T18:52:55.591380,99,11529,31.96601,35.8854,225.39,0,58-11529,🟢 MOVING,4.71903851362945
2026-01-23T18:52:55.591380,99,47376,31.946228,35.92716,100.8,0,58-47376,🟢 MOVING,5.0588748553109175
2026-01-23T18:52:55.591380,99,88230,32.0003,36.014828,0,0,58-88230,🛑 PARKED (EXTREME),0.0
2026-01-23T18:53:31.170509,99,69779,32.020786,35.84271,288.89,0,58-69779,🛑 PARKED (EXTREME),0.0
2026-01-23T18:53:31.170509,99,68570,32.020817,35.842728,289.2,0,58-68570,🛑 PARKED (EXTREME),0.0
2026-01-23T18:53:31.170509,99,25354,32.02118,35.842953,0,0,58-25354,🟢 MOVING,1.3854841000265021
2026-01-23T18:53:31.170509,99,59779,32.01824,35.86531,140.5,0,58-59779,🟡 STOPPED (BOARDING?),0.0
2026-01-23T18:53:31.170509,99,69302,31.988419,35.89509,138,0,58-69302,🟢 MOVING,5.996953799691403
2026-01-23T18:53:31.170509,99,67678,31.964684,35.884186,217.4,0,58-67678,🟢 MOVING,0.6074865433983392
2026-01-23T18:53:31.170509,99,11529,31.964643,35.884037,0,0,58-11529,🟢 MOVING,5.624549360762254
2026-01-23T18:53:31.170509,99,47376,31.946228,35.92716,100.8,0,58-47376,🟡 STOPPED (BOARDING?),0.0
2026-01-23T18:53:31.170509,99,88230,32.0003,36.014828,0,0,58-88230,🛑 PARKED (EXTREME),0.0
2026-01-23T18:54:08.103182,99,69779,32.020786,35.84271,288.89,0,58-69779,🛑 PARKED (EXTREME),0.0
2026-01-23T18:54:08.103182,99,68570,32.020817,35.842728,289.2,0,58-68570,🛑 PARKED (EXTREME),0.0
2026-01-23T18:54:08.103182,99,25354,32.022457,35.84596,72.2,0,58-25354,🟢 MOVING,8.596477926130447
2026-01-23T18:54:08.103182,99,59779,32.01662,35.8668,142.5,0,58-59779,🟢 MOVING,6.19322495468905
2026-01-23T18:54:08.103182,99,69302,31.986921,35.89645,143.19,0,58-69302,🟢 MOVING,5.699658937880119
2026-01-23T18:54:08.103182,99,67678,31.964685,35.884186,217.4,0,58-67678,🟡 STOPPED (BOARDING?),0.0
2026-01-23T18:54:08.103182,99,11529,31.964178,35.883636,216.43,0,58-11529,🟢 MOVING,1.7369220777059684
2026-01-23T18:54:08.103182,99,88230,32.0003,36.014828,0,0,58-88230,🛑 PARKED (EXTREME),0.0
2026-01-23T18:54:40.533501,99,69779,32.020786,35.84271,288.89,0,58-69779,🛑 PARKED (EXTREME),0.0
2026-01-23T18:54:40.533501,99,68570,32.020817,35.842728,289.2,0,58-68570,🛑 PARKED (EXTREME),0.0
2026-01-23T18:54:40.533501,99,25354,32.02315,35.84855,71,0,58-25354,🟢 MOVING,7.900041306145245
2026-01-23T18:54:40.533501,99,59779,32.01515,35.868137,139.3,0,58-59779,🟢 MOVING,6.36924752534703
2026-01-23T18:54:40.533501,99,69302,31.985964,35.897408,137.1,0,58-69302,🟢 MOVING,4.3074228669237575
2026-01-23T18:54:40.533501,99,67678,31.96347,35.88313,216.9,0,58-67678,🟢 MOVING,5.179461869654604
2026-01-23T18:54:40.533501,99,11529,31.962849,35.88253,213.74,0,58-11529,🟢 MOVING,5.5818443133393805
2026-01-23T18:54:40.533501,99,88230,32.0003,36.014828,0,0,58-88230,🛑 PARKED (EXTREME),0.0
2026-01-23T18:55:20.441551,99,69779,32.020786,35.84271,288.89,0,58-69779,🛑 PARKED (EXTREME),0.0
2026-01-23T18:55:20.441551,99,68570,32.020817,35.842728,289.2,0,58-68570,🛑 PARKED (EXTREME),0.0
2026-01-23T18:55:20.441551,99,25354,32.024017,35.85149,72.4,0,58-25354,🟢 MOVING,7.391139127955339
2026-01-23T18:55:20.441551,99,59779,32.015083,35.86821,138.3,0,58-59779,🟢 MOVING,0.25546098281067525
2026-01-23T18:55:20.441551,99,69302,31.985323,35.897903,133.19,0,58-69302,🟢 MOVING,2.146011037197105
2026-01-23T18:55:20.441551,99,67678,31.961157,35.881313,212.6,0,58-67678,🟢 MOVING,7.784694782433866
2026-01-23T18:55:20.441551,99,11529,31.95881,35.87947,212.02,0,58-11529,🟢 MOVING,13.44694310732548
2026-01-23T18:55:20.441551,99,88230,32.0003,36.014828,0,0,58-88230,🛑 PARKED (EXTREME),0.0
2026-01-23T18:55:53.480319,99,61004,32.0208,35.842693,299,0,58-61004,🟢 MOVING,3.850068658772202
2026-01-23T18:55:53.480319,99,69779,32.020786,35.84271,288.89,0,58-69779,🛑 PARKED (EXTREME),0.0
2026-01-23T18:55:53.480319,99,68570,32.020817,35.842728,289.2,0,58-68570,🛑 PARKED (EXTREME),0.0
2026-01-23T18:55:53.480319,99,25354,32.024704,35.85467,86.6,0,58-25354,🟢 MOVING,9.312878886010905
2026-01-23T18:55:53.480319,99,59779,32.01177,35.8705,157.5,0,58-59779,🟢 MOVING,12.853853460582666
2026-01-23T18:55:53.480319,99,69302,31.985323,35.897907,133.19,0,58-69302,🟡 STOPPED (BOARDING?),0.0
2026-01-23T18:55:53.480319,99,67678,31.958605,35.87937,214.1,0,58-67678,🟢 MOVING,10.169423088240547
2026-01-23T18:55:53.480319,99,11529,31.958197,35.879124,170.3,0,58-11529,🟢 MOVING,2.275025358012025
2026-01-23T18:55:53.480319,99,88230,32.0003,36.014828,0,0,58-88230,🛑 PARKED (EXTREME),0.0
2026-01-23T18:56:30.194581,99,61004,32.0208,35.842693,299,0,58-61004,🛑 PARKED (EXTREME),0.0
2026-01-23T18:56:30.194581,99,69779,32.020786,35.84271,288.89,0,58-69779,🛑 PARKED (EXTREME),0.0
2026-01-23T18:56:30.194581,99,68570,32.020817,35.842728,289.2,0,58-68570,🛑 PARKED (EXTREME),0.0
2026-01-23T18:56:30.194581,99,25354,32.02472,35.85564,94.5,0,58-25354,🟢 MOVING,2.4537248785879777
2026-01-23T18:56:30.194581,99,59779,32.00735,35.872105,162.19,0,58-59779,🟢 MOVING,13.796225877926217
2026-01-23T18:56:30.194581,99,69302,31.985323,35.897907,133.19,0,58-69302,🟡 STOPPED (BOARDING?),0.0
2026-01-23T18:56:30.194581,99,67678,31.955673,35.883408,122.3,0,58-67678,🟢 MOVING,13.451860807388336
2026-01-23T18:56:30.194581,99,11529,31.956608,35.881714,122.42,0,58-11529,🟢 MOVING,8.089535996681272
2026-01-23T18:56:30.194581,99,88230,32.0003,36.014828,0,0,58-88230,🛑 PARKED (EXTREME),0.0
2026-01-23T18:57:07.687904,99,61004,32.0208,35.842693,299,0,58-61004,🛑 PARKED (EXTREME),0.0
2026-01-23T18:57:07.687904,99,69779,32.020786,35.84271,288.89,0,58-69779,🛑 PARKED (EXTREME),0.0
2026-01-23T18:57:07.687904,99,68570,32.020817,35.842728,289.2,0,58-68570,🛑 PARKED (EXTREME),0.0
2026-01-23T18:57:07.687904,99,25354,32.022526,35.860317,132.5,0,58-25354,🟢 MOVING,13.590789340534604
2026-01-23T18:57:07.687904,99,59779,32.00502,35.87331,155.3,0,58-59779,🟢 MOVING,7.630055689037981
2026-01-23T18:57:07.687904,99,69302,31.985327,35.898285,50.4,0,58-69302,🟢 MOVING,0.9615886153961501
2026-01-23T18:57:07.687904,99,67678,31.954565,35.886185,110.5,0,58-67678,🟢 MOVING,7.808448468795252
2026-01-23T18:57:07.687904,99,11529,31.954062,35.887577,113.91,0,58-11529,🟢 MOVING,16.75892035380549
2026-01-23T18:57:07.687904,99,88230,32.0003,36.014828,0,0,58-88230,🛑 PARKED (EXTREME),0.0
2026-01-23T18:57:41.845986,99,61004,32.0208,35.842693,299,0,58-61004,🛑 PARKED (EXTREME),0.0
2026-01-23T18:57:41.845986,99,69779,32.020786,35.84271,288.89,0,58-69779,🛑 PARKED (EXTREME),0.0
2026-01-23T18:57:41.845986,99,68570,32.020817,35.842728,289.2,0,58-68570,🛑 PARKED (EXTREME),0.0
2026-01-23T18:57:41.845986,99,25354,32.02012,35.86316,133.9,0,58-25354,🟢 MOVING,11.001115079832068
2026-01-23T18:57:41.845986,99,59779,32.00415,35.87388,152.1,0,58-59779,🟢 MOVING,3.214855004526042
2026-01-23T18:57:41.845986,99,69302,31.985884,35.898003,317.2,0,58-69302,🟢 MOVING,1.958078493017994
2026-01-23T18:57:41.845986,99,67678,31.953754,35.88844,114.3,0,58-67678,🟢 MOVING,6.712579857328786
2026-01-23T18:57:41.845986,99,11529,31.953577,35.8888,0,0,58-11529,🟢 MOVING,3.6999405861492582
2026-01-23T18:57:41.845986,99,88230,32.0003,36.014828,0,0,58-88230,🛑 PARKED (EXTREME),0.0
2026-01-23T18:58:16.807409,99,61004,32.0208,35.842693,299,0,58-61004,🛑 PARKED (EXTREME),0.0
2026-01-23T18:58:16.807409,99,69779,32.020786,35.84271,288.89,0,58-69779,🛑 PARKED (EXTREME),0.0
2026-01-23T18:58:16.807409,99,68570,32.020817,35.842728,289.2,0,58-68570,🛑 PARKED (EXTREME),0.0
2026-01-23T18:58:16.807409,99,25354,32.01891,35.86458,135,0,58-25354,🟢 MOVING,5.486278570422392
2026-01-23T18:58:16.807409,99,59779,32.000538,35.877625,129.1,0,58-59779,🟢 MOVING,15.458655977049673
2026-01-23T18:58:16.807409,99,69302,31.984991,35.896694,225.8,0,58-69302,🟢 MOVING,4.579557066837272
2026-01-23T18:58:16.807409,99,67678,31.953213,35.889713,116.9,0,58-67678,🟢 MOVING,3.882711861072448
2026-01-23T18:58:16.807409,99,11529,31.952532,35.891262,116.54,0,58-11529,🟢 MOVING,7.507375024037773
2026-01-23T18:58:16.807409,99,88230,32.0003,36.014828,0,0,58-88230,🛑 PARKED (EXTREME),0.0
2026-01-23T18:58:49.725206,99,61004,32.0208,35.842693,299,0,58-61004,🛑 PARKED (EXTREME),0.0
2026-01-23T18:58:49.725206,99,69779,32.020786,35.84271,288.89,0,58-69779,🛑 PARKED (EXTREME),0.0
2026-01-23T18:58:49.725206,99,68570,32.020817,35.842728,289.2,0,58-68570,🛑 PARKED (EXTREME),0.0
2026-01-23T18:58:49.725206,99,25354,32.01824,35.86529,139.1,0,58-25354,🟢 MOVING,3.055803589234728
2026-01-23T18:58:49.725206,99,59779,31.998405,35.88095,130.4,0,58-59779,🟢 MOVING,11.995145694330253
2026-01-23T18:58:49.725206,99,69302,31.981907,35.8932,224.9,0,58-69302,🟢 MOVING,14.510798508869163
2026-01-23T18:58:49.725206,99,67678,31.951788,35.89349,102.9,0,58-67678,🟢 MOVING,11.898866959358184
2026-01-23T18:58:49.725206,99,11529,31.951706,35.895172,86.14,0,58-11529,🟢 MOVING,11.598983261972535
2026-01-23T18:58:49.725206,99,88230,32.0003,36.014828,0,0,58-88230,🛑 PARKED (EXTREME),0.0
2026-01-23T18:59:21.404914,99,61004,32.0208,35.842693,299,0,58-61004,🛑 PARKED (EXTREME),0.0
2026-01-23T18:59:21.404914,99,69779,32.020786,35.84271,288.89,0,58-69779,🛑 PARKED (EXTREME),0.0
2026-01-23T18:59:21.404914,99,68570,32.020817,35.842728,289.2,0,58-68570,🛑 PARKED (EXTREME),0.0
2026-01-23T18:59:21.404914,99,25354,32.015938,35.86743,141.19,0,58-25354,🟢 MOVING,10.289846233560164
2026-01-23T18:59:21.404914,99,59779,31.997026,35.883087,126.1,0,58-59779,🟢 MOVING,7.994583205229278
2026-01-23T18:59:21.404914,99,69302,31.981907,35.8932,224.9,0,58-69302,🟡 STOPPED (BOARDING?),0.0
2026-01-23T18:59:21.404914,99,67678,31.951794,35.89648,85.2,0,58-67678,🟢 MOVING,8.905947912369404
2026-01-23T18:59:21.404914,99,11529,31.951786,35.89687,0,0,58-11529,🟢 MOVING,5.06540451363448
2026-01-23T18:59:21.404914,99,88230,32.0003,36.014828,0,0,58-88230,🛑 PARKED (EXTREME),0.0
2026-01-23T18:59:58.442141,99,61004,32.0208,35.842693,299,0,58-61004,🛑 PARKED (EXTREME),0.0
2026-01-23T18:59:58.442141,99,69779,32.020786,35.84271,288.89,0,58-69779,🛑 PARKED (EXTREME),0.0
2026-01-23T18:59:58.442141,99,68570,32.020817,35.842728,289.2,0,58-68570,🛑 PARKED (EXTREME),0.0
2026-01-23T18:59:58.442141,99,25354,32.014973,35.86828,141,0,58-25354,🟢 MOVING,3.6002909244017873
2026-01-23T18:59:58.442141,99,59779,31.995625,35.885246,125.5,0,58-59779,🟢 MOVING,6.891636647272089
2026-01-23T18:59:58.442141,99,69302,31.979496,35.890583,219.4,0,58-69302,🟢 MOVING,9.79639437801081
2026-01-23T18:59:58.442141,99,67678,31.949812,35.90218,135.8,0,58-67678,🟢 MOVING,15.6244404901733
2026-01-23T18:59:58.442141,99,11529,31.951044,35.90023,120.81,0,58-11529,🟢 MOVING,8.806192750162312
2026-01-23T18:59:58.442141,99,88230,32.0003,36.014828,0,0,58-88230,🛑 PARKED (EXTREME),0.0
2026-01-23T19:01:08.805633,99,61004,32.0208,35.842693,299,0,58-61004,🛑 PARKED (EXTREME),0.0
2026-01-23T19:01:08.805633,99,69779,32.020786,35.84271,288.89,0,58-69779,🛑 PARKED (EXTREME),0.0
2026-01-23T19:01:08.805633,99,68570,32.021408,35.84269,159.1,0,58-68570,🟢 MOVING,0.9060069295596127
2026-01-23T19:01:08.805633,99,25354,32.00514,35.87326,154.3,0,58-25354,🟢 MOVING,16.381454717795922
2026-01-23T19:01:08.805633,99,59779,31.992762,35.889767,126.2,0,58-59779,🟢 MOVING,7.325108575999025
2026-01-23T19:01:08.805633,99,69302,31.97761,35.888664,215.8,0,58-69302,🟢 MOVING,3.8136543613559564
2026-01-23T19:01:08.805633,99,67678,31.94558,35.906666,129.6,0,58-67678,🟢 MOVING,8.713244175822378
2026-01-23T19:01:08.805633,99,11529,31.945477,35.906727,0,0,58-11529,🟢 MOVING,11.993245529232949
2026-01-23T19:01:08.805633,99,88230,32.0003,36.014828,0,0,58-88230,🛑 PARKED (EXTREME),0.0
2026-01-23T19:01:44.402503,99,61004,32.0208,35.842693,299,0,58-61004,🛑 PARKED (EXTREME),0.0
2026-01-23T19:01:44.402503,99,69779,32.020786,35.84271,288.89,0,58-69779,🛑 PARKED (EXTREME),0.0
2026-01-23T19:01:44.402503,99,68570,32.021896,35.84393,68.3,0,58-68570,🟢 MOVING,3.8572828776104573
2026-01-23T19:01:44.402503,99,25354,32.004448,35.873707,154.3,0,58-25354,🟢 MOVING,2.625782808466376
2026-01-23T19:01:44.402503,99,59779,31.992762,35.88977,126.2,0,58-59779,🟡 STOPPED (BOARDING?),0.0
2026-01-23T19:01:44.402503,99,69302,31.976551,35.887894,207.5,0,58-69302,🟢 MOVING,4.14067865714135
2026-01-23T19:01:44.402503,99,67678,31.945578,35.90666,129.6,0,58-67678,🟡 STOPPED (BOARDING?),0.0
2026-01-23T19:01:44.402503,99,11529,31.94549,35.907066,58.4,0,58-11529,🟢 MOVING,0.9582819055033316
2026-01-23T19:01:44.402503,99,88230,32.0003,36.014828,0,0,58-88230,🛑 PARKED (EXTREME),0.0
2026-01-23T19:02:18.679624,99,61004,32.0208,35.842693,299,0,58-61004,🛑 PARKED (EXTREME),0.0
2026-01-23T19:02:18.679624,99,69779,32.020786,35.84271,288.89,0,58-69779,🛑 PARKED (EXTREME),0.0
2026-01-23T19:02:18.679624,99,68570,32.0233,35.84895,71.3,0,58-68570,🟢 MOVING,14.566485288080045
2026-01-23T19:02:18.679624,99,25354,32.00112,35.876816,133.69,0,58-25354,🟢 MOVING,13.799583016679383
2026-01-23T19:02:18.679624,99,59779,31.99247,35.89027,127,0,58-59779,🟢 MOVING,1.6734151567744187
2026-01-23T19:02:18.679624,99,69302,31.975895,35.887577,200.5,0,58-69302,🟢 MOVING,2.304292921533275
2026-01-23T19:02:18.679624,99,67678,31.946215,35.90849,65,0,58-67678,🟢 MOVING,5.45516586476053
2026-01-23T19:02:18.679624,99,11529,31.946915,35.910217,64.05,0,58-11529,🟢 MOVING,9.847378610906356
2026-01-23T19:02:18.679624,99,88230,32.0003,36.014828,0,0,58-88230,🛑 PARKED (EXTREME),0.0
2026-01-23T19:02:53.243083,99,61004,32.0208,35.842693,299,0,58-61004,🛑 PARKED (EXTREME),0.0
2026-01-23T19:02:53.243083,99,69779,32.020786,35.84271,288.89,0,58-69779,🛑 PARKED (EXTREME),0.0
2026-01-23T19:02:53.243083,99,68570,32.024506,35.85326,73.09,0,58-68570,🟢 MOVING,12.447998658552184
2026-01-23T19:02:53.243083,99,25354,31.999004,35.87994,126.8,0,58-25354,🟢 MOVING,10.968371041509904
2026-01-23T19:02:53.243083,99,59779,31.991783,35.89132,128.3,0,58-59779,🟢 MOVING,3.638400999338353
2026-01-23T19:02:53.243083,99,69302,31.969599,35.88635,174.8,0,58-69302,🟢 MOVING,20.64353233783865
2026-01-23T19:02:53.243083,99,67678,31.947699,35.912064,65.59,0,58-67678,🟢 MOVING,10.922062527778811
2026-01-23T19:02:53.243083,99,11529,31.948235,35.91438,86.82,0,58-11529,🟢 MOVING,12.198940619303464
2026-01-23T19:02:53.243083,99,88230,32.0003,36.014828,0,0,58-88230,🛑 PARKED (EXTREME),0.0
2026-01-23T19:03:31.860937,99,61004,32.0208,35.842693,299,0,58-61004,🛑 PARKED (EXTREME),0.0
2026-01-23T19:03:31.860937,99,69779,32.020786,35.84271,288.89,0,58-69779,🛑 PARKED (EXTREME),0.0
2026-01-23T19:03:31.860937,99,68570,32.024696,35.854004,91.1,0,58-68570,🟢 MOVING,1.8879550407114705
2026-01-23T19:03:31.860937,99,25354,31.995762,35.88508,127.4,0,58-25354,🟢 MOVING,15.568873225312622
2026-01-23T19:03:31.860937,99,59779,31.988626,35.89483,137.69,0,58-59779,🟢 MOVING,12.435677950556418
2026-01-23T19:03:31.860937,99,69302,31.96952,35.88634,174,0,58-69302,🟢 MOVING,0.22770512380590915
2026-01-23T19:03:31.860937,99,67678,31.948002,35.915688,121.6,0,58-67678,🟢 MOVING,8.85542900922688
2026-01-23T19:03:31.860937,99,11529,31.948076,35.915314,117.58,0,58-11529,🟢 MOVING,2.3165285598549263
2026-01-23T19:03:31.860937,99,88230,32.0003,36.014828,0,0,58-88230,🛑 PARKED (EXTREME),0.0
2026-01-23T19:04:07.058926,99,61004,32.0208,35.842693,299,0,58-61004,🛑 PARKED (EXTREME),0.0
2026-01-23T19:04:07.058926,99,69779,32.020786,35.84271,288.89,0,58-69779,🛑 PARKED (EXTREME),0.0
2026-01-23T19:04:07.058926,99,68570,32.02475,35.854877,86.8,0,58-68570,🟢 MOVING,2.364201214535654
2026-01-23T19:04:07.058926,99,25354,31.995184,35.886032,126.8,0,58-25354,🟢 MOVING,3.1633068172048455
2026-01-23T19:04:07.058926,99,59779,31.986353,35.89694,140.5,0,58-59779,🟢 MOVING,9.21633687464729
2026-01-23T19:04:07.058926,99,69302,31.969051,35.88644,167.6,0,58-69302,🟢 MOVING,1.5183705461523882
2026-01-23T19:04:07.058926,99,67678,31.947893,35.915874,122.6,0,58-67678,🟢 MOVING,0.6110546112272977
2026-01-23T19:04:07.058926,99,11529,31.947851,35.91576,0,0,58-11529,🟢 MOVING,1.4026236726576797
2026-01-23T19:04:07.058926,99,88230,32.0003,36.014828,0,0,58-88230,🛑 PARKED (EXTREME),0.0
2026-01-23T19:04:40.586321,99,61004,32.0208,35.842693,299,0,58-61004,🛑 PARKED (EXTREME),0.0
2026-01-23T19:04:40.586321,99,69779,32.020786,35.84271,288.89,0,58-69779,🛑 PARKED (EXTREME),0.0
2026-01-23T19:04:40.586321,99,68570,32.023792,35.85865,124.3,0,58-68570,🟢 MOVING,10.968073324308106
2026-01-23T19:04:40.586321,99,25354,31.992865,35.889637,127.7,0,58-25354,🟢 MOVING,12.598554702477347
2026-01-23T19:04:40.586321,99,59779,31.98586,35.897457,139.1,0,58-59779,🟢 MOVING,2.1661988766807583
2026-01-23T19:04:40.586321,99,69302,31.967014,35.886982,169.6,0,58-69302,🟢 MOVING,6.8559502765552285
2026-01-23T19:04:40.586321,99,67678,31.94639,35.91826,124.9,0,58-67678,🟢 MOVING,8.278413565173802
2026-01-23T19:04:40.586321,99,11529,31.945854,35.91969,105.34,0,58-11529,🟢 MOVING,12.761383128711392
2026-01-23T19:04:40.586321,99,88230,32.0003,36.014828,0,0,58-88230,🛑 PARKED (EXTREME),0.0
2026-01-23T19:05:20.337382,99,61004,32.0208,35.842693,299,0,58-61004,🛑 PARKED (EXTREME),0.0
2026-01-23T19:05:20.337382,99,69779,32.020786,35.84271,288.89,0,58-69779,🛑 PARKED (EXTREME),0.0
2026-01-23T19:05:20.337382,99,68570,32.021805,35.861195,134.9,0,58-68570,🟢 MOVING,8.222350202037578
2026-01-23T19:05:20.337382,99,25354,31.992855,35.889652,126.4,0,58-25354,🟡 STOPPED (BOARDING?),0.0
2026-01-23T19:05:20.337382,99,59779,31.985348,35.8979,132.9,0,58-59779,🟢 MOVING,1.7809256210035578
2026-01-23T19:05:20.337382,99,69302,31.967016,35.88698,169.6,0,58-69302,🟡 STOPPED (BOARDING?),0.0
2026-01-23T19:05:20.337382,99,67678,31.945536,35.921997,79.09,0,58-67678,🟢 MOVING,9.209174189709698
2026-01-23T19:05:20.337382,99,11529,31.945908,35.923332,67.84,0,58-11529,🟢 MOVING,8.66761272911431
2026-01-23T19:05:20.337382,99,88230,32.0003,36.014828,0,0,58-88230,🛑 PARKED (EXTREME),0.0
2026-01-23T19:05:53.087007,99,61004,32.0208,35.842693,299,0,58-61004,🛑 PARKED (EXTREME),0.0
2026-01-23T19:05:53.087007,99,69779,32.020786,35.84271,288.89,0,58-69779,🛑 PARKED (EXTREME),0.0
2026-01-23T19:05:53.087007,99,68570,32.01973,35.86369,135,0,58-68570,🟢 MOVING,10.090385306049694
2026-01-23T19:05:53.087007,99,25354,31.992687,35.88994,126.1,0,58-25354,🟢 MOVING,1.0094985851086704
2026-01-23T19:05:53.087007,99,59779,31.985348,35.8979,132.9,0,58-59779,🟡 STOPPED (BOARDING?),0.0
2026-01-23T19:05:53.087007,99,69302,31.965927,35.88543,225,0,58-69302,🟢 MOVING,5.81391064803098
2026-01-23T19:05:53.087007,99,67678,31.945883,35.923264,65.8,0,58-67678,🟢 MOVING,3.8469749070122594
2026-01-23T19:05:53.087007,99,11529,31.946205,35.924675,81.66,0,58-11529,🟢 MOVING,4.010222599256929
2026-01-23T19:05:53.087007,99,88230,32.0003,36.014828,0,0,58-88230,🛑 PARKED (EXTREME),0.0
2026-01-23T19:06:25.587623,99,11014,32.020786,35.84275,286.3,0,58-11014,🟢 MOVING,4.276749629413542
2026-01-23T19:06:25.587623,99,61004,32.0208,35.842693,299,0,58-61004,🛑 PARKED (EXTREME),0.0
2026-01-23T19:06:25.587623,99,69779,32.020786,35.84271,288.89,0,58-69779,🛑 PARKED (EXTREME),0.0
2026-01-23T19:06:25.587623,99,68570,32.01845,35.865093,140.8,0,58-68570,🟢 MOVING,5.977226797411046
2026-01-23T19:06:25.587623,99,25354,31.992496,35.89022,128.1,0,58-25354,🟢 MOVING,1.042440251548299
2026-01-23T19:06:25.587623,99,59779,31.985346,35.897903,132.9,0,58-59779,🟡 STOPPED (BOARDING?),0.0
2026-01-23T19:06:25.587623,99,69302,31.963778,35.88338,216.5,0,58-69302,🟢 MOVING,9.456543599635356
2026-01-23T19:06:25.587623,99,67678,31.946358,35.926037,92.2,0,58-67678,🟢 MOVING,8.211115461078869
2026-01-23T19:06:25.587623,99,11529,31.946255,35.926647,0,0,58-11529,🟢 MOVING,5.726365812122097
2026-01-23T19:06:25.587623,99,88230,32.0003,36.014828,0,0,58-88230,🛑 PARKED (EXTREME),0.0
2026-01-23T19:07:04.822613,99,11014,32.020794,35.842724,289.8,0,58-11014,🛑 PARKED (EXTREME),0.0
2026-01-23T19:07:04.822613,99,61004,32.0208,35.842693,299,0,58-61004,🛑 PARKED (EXTREME),0.0
2026-01-23T19:07:04.822613,99,69779,32.020786,35.84271,288.89,0,58-69779,🛑 PARKED (EXTREME),0.0
2026-01-23T19:07:04.822613,99,68570,32.01765,35.865852,142.6,0,58-68570,🟢 MOVING,2.8696029354694015
2026-01-23T19:07:04.822613,99,25354,31.992216,35.890697,127.8,0,58-25354,🟢 MOVING,1.3751038598262206
2026-01-23T19:07:04.822613,99,59779,31.985863,35.897636,242.3,0,58-59779,🟢 MOVING,1.5775289952946248
2026-01-23T19:07:04.822613,99,69302,31.961876,35.881866,212,0,58-69302,🟢 MOVING,6.414633116223466
2026-01-23T19:07:04.822613,99,67678,31.94608,35.928024,109.9,0,58-67678,🟢 MOVING,4.775808260583516
2026-01-23T19:07:04.822613,99,11529,31.946255,35.926647,0,0,58-11529,🟡 STOPPED (BOARDING?),0.0
2026-01-23T19:07:04.822613,99,88230,32.0003,36.014828,0,0,58-88230,🛑 PARKED (EXTREME),0.0
2026-01-23T19:07:37.216825,99,11014,32.020794,35.842724,289.8,0,58-11014,🛑 PARKED (EXTREME),0.0
2026-01-23T19:07:37.216825,99,61004,32.0208,35.842693,299,0,58-61004,🛑 PARKED (EXTREME),0.0
2026-01-23T19:07:37.216825,99,69779,32.020786,35.84271,288.89,0,58-69779,🛑 PARKED (EXTREME),0.0
2026-01-23T19:07:37.216825,99,68570,32.015125,35.86816,139.6,0,58-68570,🟢 MOVING,11.069083876086403
2026-01-23T19:07:37.216825,99,25354,31.989643,35.893715,138,0,58-25354,🟢 MOVING,12.575603014457293
2026-01-23T19:07:37.216825,99,59779,31.984236,35.89579,221.2,0,58-59779,🟢 MOVING,7.824016211142357
2026-01-23T19:07:37.216825,99,69302,31.958393,35.879208,208.2,0,58-69302,🟢 MOVING,14.37722076135998
2026-01-23T19:07:37.216825,99,67678,31.94608,35.928024,109.9,0,58-67678,🛑 PARKED (EXTREME),0.0
2026-01-23T19:07:37.216825,99,11529,31.946255,35.926647,0,0,58-11529,🟡 STOPPED (BOARDING?),0.0
2026-01-23T19:07:37.216825,99,88230,32.0003,36.014828,0,0,58-88230,🛑 PARKED (EXTREME),0.0
2026-01-23T19:08:16.020322,99,11014,32.020794,35.842724,289.8,0,58-11014,🛑 PARKED (EXTREME),0.0
2026-01-23T19:08:16.020322,99,61004,32.0208,35.842693,299,0,58-61004,🛑 PARKED (EXTREME),0.0
2026-01-23T19:08:16.020322,99,69779,32.020786,35.84271,288.89,0,58-69779,🛑 PARKED (EXTREME),0.0
2026-01-23T19:08:16.020322,99,68570,32.00981,35.8712,162.6,0,58-68570,🟢 MOVING,17.100118209988644
2026-01-23T19:08:16.020322,99,25354,31.987598,35.895805,141.4,0,58-25354,🟢 MOVING,7.834425545326731
2026-01-23T19:08:16.020322,99,59779,31.982183,35.89355,223.3,0,58-59779,🟢 MOVING,8.097650023212449
2026-01-23T19:08:16.020322,99,69302,31.958403,35.879223,208.1,0,58-69302,🟡 STOPPED (BOARDING?),0.0
2026-01-23T19:08:16.020322,99,67678,31.94608,35.928024,109.9,0,58-67678,🛑 PARKED (EXTREME),0.0
2026-01-23T19:08:16.020322,99,11529,31.946255,35.926647,0,0,58-11529,🟡 STOPPED (BOARDING?),0.0
2026-01-23T19:08:16.020322,99,88230,32.0003,36.014828,0,0,58-88230,🛑 PARKED (EXTREME),0.0
2026-01-23T19:08:55.860629,99,97599,32.02083,35.84263,314.5,0,58-97599,🟢 MOVING,4.538903382566481
2026-01-23T19:08:55.860629,99,11014,32.020794,35.842724,289.8,0,58-11014,🛑 PARKED (EXTREME),0.0
2026-01-23T19:08:55.860629,99,61004,32.0208,35.842693,299,0,58-61004,🛑 PARKED (EXTREME),0.0
2026-01-23T19:08:55.860629,99,69779,32.020786,35.84271,288.89,0,58-69779,🛑 PARKED (EXTREME),0.0
2026-01-23T19:08:55.860629,99,68570,32.005466,35.87304,152.9,0,58-68570,🟢 MOVING,12.695560557558872
2026-01-23T19:08:55.860629,99,25354,31.98597,35.897324,139.3,0,58-25354,🟢 MOVING,5.710392955416824
2026-01-23T19:08:55.860629,99,59779,31.97841,35.889385,222.1,0,58-59779,🟢 MOVING,14.216903826627984
2026-01-23T19:08:55.860629,99,69302,31.956173,35.882534,124,0,58-69302,🟢 MOVING,9.865272944513336
2026-01-23T19:08:55.860629,99,67678,31.94608,35.928024,109.9,0,58-67678,🛑 PARKED (EXTREME),0.0
2026-01-23T19:08:55.860629,99,11529,31.946255,35.926647,0,0,58-11529,🟡 STOPPED (BOARDING?),0.0
2026-01-23T19:08:55.860629,99,88230,32.0003,36.014828,0,0,58-88230,🛑 PARKED (EXTREME),0.0
2026-01-23T19:09:34.663622,99,97599,32.02083,35.84263,314.5,0,58-97599,🛑 PARKED (EXTREME),0.0
2026-01-23T19:09:34.663622,99,11014,32.020794,35.842724,289.8,0,58-11014,🛑 PARKED (EXTREME),0.0
2026-01-23T19:09:34.663622,99,61004,32.0208,35.842693,299,0,58-61004,🛑 PARKED (EXTREME),0.0
2026-01-23T19:09:34.663622,99,69779,32.022377,35.842518,0,0,58-69779,🟢 MOVING,4.542667439471838
2026-01-23T19:09:34.663622,99,68570,32.004963,35.873314,152.3,0,58-68570,🟢 MOVING,1.5737870508052072
2026-01-23T19:09:34.663622,99,25354,31.985332,35.8979,136.3,0,58-25354,🟢 MOVING,2.282463475080503
2026-01-23T19:09:34.663622,99,59779,31.976591,35.88789,207.7,0,58-59779,🟢 MOVING,6.298031832306867
2026-01-23T19:09:34.663622,99,69302,31.954731,35.88584,110.6,0,58-69302,🟢 MOVING,8.95803251459557
2026-01-23T19:09:34.663622,99,88230,32.0003,36.014828,0,0,58-88230,🛑 PARKED (EXTREME),0.0
2026-01-23T19:10:12.513933,99,97599,32.02083,35.84263,314.5,0,58-97599,🛑 PARKED (EXTREME),0.0
2026-01-23T19:10:12.513933,99,11014,32.020794,35.842724,289.8,0,58-11014,🛑 PARKED (EXTREME),0.0
2026-01-23T19:10:12.513933,99,61004,32.0208,35.842693,299,0,58-61004,🛑 PARKED (EXTREME),0.0
2026-01-23T19:10:12.513933,99,69779,32.021473,35.842876,51.7,0,58-69779,🟢 MOVING,2.872714672487123
2026-01-23T19:10:12.513933,99,68570,32.004963,35.873314,152.3,0,58-68570,🟡 STOPPED (BOARDING?),0.0
2026-01-23T19:10:12.513933,99,25354,31.985285,35.898293,60.1,0,58-25354,🟢 MOVING,1.0141105006807323
2026-01-23T19:10:12.513933,99,59779,31.976507,35.88783,202.6,0,58-59779,🟢 MOVING,0.2958925582633264
2026-01-23T19:10:12.513933,99,69302,31.953373,35.889393,116.6,0,58-69302,🟢 MOVING,9.961019646314394
2026-01-23T19:10:12.513933,99,88230,32.0003,36.014828,0,0,58-88230,🛑 PARKED (EXTREME),0.0
2026-01-23T19:10:49.898150,99,97599,32.02083,35.84263,314.5,0,58-97599,🛑 PARKED (EXTREME),0.0
2026-01-23T19:10:49.898150,99,11014,32.020794,35.842724,289.8,0,58-11014,🛑 PARKED (EXTREME),0.0
2026-01-23T19:10:49.898150,99,61004,32.0208,35.842693,299,0,58-61004,🛑 PARKED (EXTREME),0.0
2026-01-23T19:10:49.898150,99,69779,32.02252,35.84604,72.59,0,58-69779,🟢 MOVING,8.579922804784067
2026-01-23T19:10:49.898150,99,68570,32.001564,35.87629,135.5,0,58-68570,🟢 MOVING,12.613585440924897
2026-01-23T19:10:49.898150,99,25354,31.98551,35.89734,219.5,0,58-25354,🟢 MOVING,2.4999398773285977
2026-01-23T19:10:49.898150,99,59779,31.971497,35.886272,180.6,0,58-59779,🟢 MOVING,15.437907648368295
2026-01-23T19:10:49.898150,99,69302,31.951838,35.89337,105.3,0,58-69302,🟢 MOVING,11.045434641612037
2026-01-23T19:10:49.898150,99,88230,32.0003,36.014828,0,0,58-88230,🛑 PARKED (EXTREME),0.0
2026-01-23T19:11:29.195872,99,97599,32.02083,35.84263,314.5,0,58-97599,🛑 PARKED (EXTREME),0.0
2026-01-23T19:11:29.195872,99,11014,32.020794,35.842724,289.8,0,58-11014,🛑 PARKED (EXTREME),0.0
2026-01-23T19:11:29.195872,99,61004,32.0208,35.842693,299,0,58-61004,🛑 PARKED (EXTREME),0.0
2026-01-23T19:11:29.195872,99,69779,32.02312,35.848274,68.9,0,58-69779,🟢 MOVING,5.500483089121764
2026-01-23T19:11:29.195872,99,68570,31.998577,35.880707,126.6,0,58-68570,🟢 MOVING,13.263662607460283
2026-01-23T19:11:29.195872,99,25354,31.983585,35.89524,217.1,0,58-25354,🟢 MOVING,7.260738369229943
2026-01-23T19:11:29.195872,99,59779,31.967272,35.886917,168.5,0,58-59779,🟢 MOVING,11.79447899964254
2026-01-23T19:11:29.195872,99,69302,31.94862,35.903297,145.19,0,58-69302,🟢 MOVING,24.963086387510117
2026-01-23T19:11:29.195872,99,88230,32.0003,36.014828,0,0,58-88230,🛑 PARKED (EXTREME),0.0
2026-01-23T19:12:05.068605,99,97599,32.02083,35.84263,314.5,0,58-97599,🛑 PARKED (EXTREME),0.0
2026-01-23T19:12:05.068605,99,11014,32.020794,35.842724,289.8,0,58-11014,🛑 PARKED (EXTREME),0.0
2026-01-23T19:12:05.068605,99,61004,32.0208,35.842693,299,0,58-61004,🛑 PARKED (EXTREME),0.0
2026-01-23T19:12:05.068605,99,69779,32.02358,35.84996,72.5,0,58-69779,🟢 MOVING,4.761468871322014
2026-01-23T19:12:05.068605,99,68570,31.998001,35.88159,126.9,0,58-68570,🟢 MOVING,2.995638826361242
2026-01-23T19:12:05.068605,99,25354,31.97943,35.89049,222.2,0,58-25354,🟢 MOVING,18.35186911108993
2026-01-23T19:12:05.068605,99,59779,31.96657,35.886448,243.3,0,58-59779,🟢 MOVING,2.558606914997113
2026-01-23T19:12:05.068605,99,69302,31.945663,35.906567,127.8,0,58-69302,🟢 MOVING,12.857755943930808
2026-01-23T19:12:05.068605,99,88230,32.0003,36.014828,0,0,58-88230,🛑 PARKED (EXTREME),0.0
2026-01-23T19:12:39.379662,99,97599,32.02083,35.84263,314.5,0,58-97599,🛑 PARKED (EXTREME),0.0
2026-01-23T19:12:39.379662,99,11014,32.020794,35.842724,289.8,0,58-11014,🛑 PARKED (EXTREME),0.0
2026-01-23T19:12:39.379662,99,61004,32.0208,35.842693,299,0,58-61004,🛑 PARKED (EXTREME),0.0
2026-01-23T19:12:39.379662,99,69779,32.02476,35.85412,77,0,58-69779,🟢 MOVING,11.945721312946345
2026-01-23T19:12:39.379662,99,68570,31.995935,35.884827,125.9,0,58-68570,🟢 MOVING,11.035680053368328
2026-01-23T19:12:39.379662,99,25354,31.977629,35.888653,213.4,0,58-25354,🟢 MOVING,7.649432743980211
2026-01-23T19:12:39.379662,99,59779,31.96404,35.88358,216.9,0,58-59779,🟢 MOVING,11.274468470571795
2026-01-23T19:12:39.379662,99,69302,31.945522,35.906776,125.1,0,58-69302,🟢 MOVING,0.7277325167828291
2026-01-23T19:12:39.379662,99,88230,32.0003,36.014828,0,0,58-88230,🛑 PARKED (EXTREME),0.0
2026-01-23T19:13:16.278221,99,97599,32.02083,35.84263,314.5,0,58-97599,🛑 PARKED (EXTREME),0.0
2026-01-23T19:13:16.278221,99,11014,32.020794,35.842724,289.8,0,58-11014,🛑 PARKED (EXTREME),0.0
2026-01-23T19:13:16.278221,99,61004,32.0208,35.842693,299,0,58-61004,🛑 PARKED (EXTREME),0.0
2026-01-23T19:13:16.278221,99,69779,32.02478,35.854153,77,0,58-69779,🟡 STOPPED (BOARDING?),0.0
2026-01-23T19:13:16.278221,99,68570,31.993088,35.88931,127,0,58-68570,🟢 MOVING,14.370937589395037
2026-01-23T19:13:16.278221,99,25354,31.976158,35.88764,205.5,0,58-25354,🟢 MOVING,5.154336222046258
2026-01-23T19:13:16.278221,99,59779,31.960815,35.881046,213.1,0,58-59779,🟢 MOVING,11.726745215270853
2026-01-23T19:13:16.278221,99,69302,31.945486,35.906834,122.6,0,58-69302,🟢 MOVING,0.18449087935768999
2026-01-23T19:13:16.278221,99,88230,32.0003,36.014828,0,0,58-88230,🛑 PARKED (EXTREME),0.0
2026-01-23T19:13:55.706005,99,97599,32.02083,35.84263,314.5,0,58-97599,🛑 PARKED (EXTREME),0.0
2026-01-23T19:13:55.706005,99,11014,32.020794,35.842724,289.8,0,58-11014,🛑 PARKED (EXTREME),0.0
2026-01-23T19:13:55.706005,99,61004,32.0208,35.842693,299,0,58-61004,🛑 PARKED (EXTREME),0.0
2026-01-23T19:13:55.706005,99,69779,32.024788,35.855103,86.2,0,58-69779,🟢 MOVING,2.25192429553164
2026-01-23T19:13:55.706005,99,68570,31.992802,35.889744,127.2,0,58-68570,🟢 MOVING,1.303147206024799
2026-01-23T19:13:55.706005,99,25354,31.975092,35.88703,203.5,0,58-25354,🟢 MOVING,3.3127142205267064
2026-01-23T19:13:55.706005,99,59779,31.956259,35.88236,123.2,0,58-59779,🟢 MOVING,13.112792666597928
2026-01-23T19:13:55.706005,99,69302,31.948212,35.91393,77.5,0,58-69302,🟢 MOVING,18.478074033988296
2026-01-23T19:13:55.706005,99,88230,32.0003,36.014828,0,0,58-88230,🛑 PARKED (EXTREME),0.0
2026-01-23T19:14:36.904359,99,97599,32.02083,35.84263,314.5,0,58-97599,🛑 PARKED (EXTREME),0.0
2026-01-23T19:14:36.904359,99,11014,32.020794,35.842724,289.8,0,58-11014,🛑 PARKED (EXTREME),0.0
2026-01-23T19:14:36.904359,99,61004,32.0208,35.842693,299,0,58-61004,🛑 PARKED (EXTREME),0.0
2026-01-23T19:14:36.904359,99,69779,32.024563,35.856613,105.1,0,58-69779,🟢 MOVING,3.5461574916886773
2026-01-23T19:14:36.904359,99,68570,31.992802,35.889744,127.2,0,58-68570,🟡 STOPPED (BOARDING?),0.0
2026-01-23T19:14:36.904359,99,25354,31.969486,35.886364,173,0,58-25354,🟢 MOVING,15.372352986908627
2026-01-23T19:14:36.904359,99,59779,31.954191,35.887325,112.7,0,58-59779,🟢 MOVING,12.803495862573957
2026-01-23T19:14:36.904359,99,69302,31.948242,35.91478,95.6,0,58-69302,🟢 MOVING,1.969484928843908
2026-01-23T19:14:36.904359,99,88230,32.0003,36.014828,0,0,58-88230,🛑 PARKED (EXTREME),0.0
2026-01-23T19:15:08.745337,99,97599,32.02083,35.84263,314.5,0,58-97599,🛑 PARKED (EXTREME),0.0
2026-01-23T19:15:08.745337,99,11014,32.020794,35.842724,289.8,0,58-11014,🛑 PARKED (EXTREME),0.0
2026-01-23T19:15:08.745337,99,61004,32.0208,35.842693,299,0,58-61004,🛑 PARKED (EXTREME),0.0
2026-01-23T19:15:08.745337,99,69779,32.019714,35.863697,134.4,0,58-69779,🟢 MOVING,27.0144398356563
2026-01-23T19:15:08.745337,99,68570,31.99245,35.890324,127.7,0,58-68570,🟢 MOVING,2.11685092973902
2026-01-23T19:15:08.745337,99,25354,31.968687,35.886555,166.6,0,58-25354,🟢 MOVING,2.8531262703896147
2026-01-23T19:15:08.745337,99,59779,31.953358,35.88941,116.9,0,58-59779,🟢 MOVING,6.843108021514716
2026-01-23T19:15:08.745337,99,69302,31.947811,35.91594,119.4,0,58-69302,🟢 MOVING,3.760428614568852
2026-01-23T19:15:08.745337,99,88230,32.0003,36.014828,0,0,58-88230,🛑 PARKED (EXTREME),0.0
2026-01-23T19:15:46.582606,99,97599,32.02083,35.84263,314.5,0,58-97599,🛑 PARKED (EXTREME),0.0
2026-01-23T19:15:46.582606,99,11014,32.020794,35.842724,289.8,0,58-11014,🛑 PARKED (EXTREME),0.0
2026-01-23T19:15:46.582606,99,61004,32.0208,35.842693,299,0,58-61004,🛑 PARKED (EXTREME),0.0
2026-01-23T19:15:46.582606,99,69779,32.018475,35.86509,139.69,0,58-69779,🟢 MOVING,4.991661612380937
2026-01-23T19:15:46.582606,99,68570,31.988651,35.89477,138.8,0,58-68570,🟢 MOVING,15.609112733924425
2026-01-23T19:15:46.582606,99,25354,31.966982,35.886986,171.4,0,58-25354,🟢 MOVING,5.085024936592284
2026-01-23T19:15:46.582606,99,59779,31.951748,35.89368,100.6,0,58-59779,🟢 MOVING,11.561410127437115
2026-01-23T19:15:46.582606,99,69302,31.945986,35.919235,106.3,0,58-69302,🟢 MOVING,9.736466140329087
2026-01-23T19:15:46.582606,99,88230,32.0003,36.014828,0,0,58-88230,🛑 PARKED (EXTREME),0.0
2026-01-23T19:16:27.916152,99,97599,32.02083,35.84263,314.5,0,58-97599,🛑 PARKED (EXTREME),0.0
2026-01-23T19:16:27.916152,99,11014,32.020794,35.842724,289.8,0,58-11014,🛑 PARKED (EXTREME),0.0
2026-01-23T19:16:27.916152,99,61004,32.0208,35.842693,299,0,58-61004,🛑 PARKED (EXTREME),0.0
2026-01-23T19:16:27.916152,99,69779,32.01817,35.865376,139.1,0,58-69779,🟢 MOVING,1.0553864446967076
2026-01-23T19:16:27.916152,99,68570,31.98736,35.896046,144.3,0,58-68570,🟢 MOVING,4.5628669897411624
2026-01-23T19:16:27.916152,99,25354,31.966562,35.886425,243.3,0,58-25354,🟢 MOVING,1.7192454816808873
2026-01-23T19:16:27.916152,99,59779,31.94884,35.903122,144.69,0,58-59779,🟢 MOVING,23.08503063786168
2026-01-23T19:16:27.916152,99,69302,31.945982,35.923546,68.4,0,58-69302,🟢 MOVING,9.908089752325687
2026-01-23T19:16:27.916152,99,88230,32.0003,36.014828,0,0,58-88230,🛑 PARKED (EXTREME),0.0
2026-01-23T19:17:07.757168,99,97599,32.02083,35.84263,314.5,0,58-97599,🛑 PARKED (EXTREME),0.0
2026-01-23T19:17:07.757168,99,11014,32.020794,35.842724,289.8,0,58-11014,🛑 PARKED (EXTREME),0.0
2026-01-23T19:17:07.757168,99,61004,32.02164,35.84257,209.2,0,58-61004,🟢 MOVING,2.352272052618054
2026-01-23T19:17:07.757168,99,69779,32.01817,35.865376,139.1,0,58-69779,🟡 STOPPED (BOARDING?),0.0
2026-01-23T19:17:07.757168,99,68570,31.986073,35.89725,135.9,0,58-68570,🟢 MOVING,4.565680582396498
2026-01-23T19:17:07.757168,99,25354,31.964577,35.88403,217.3,0,58-25354,🟢 MOVING,7.893791590333263
2026-01-23T19:17:07.757168,99,59779,31.945887,35.90618,128.1,0,58-59779,🟢 MOVING,10.924394896472169
2026-01-23T19:17:07.757168,99,69302,31.946302,35.92669,99.8,0,58-69302,🟢 MOVING,7.4670086703262095
2026-01-23T19:17:07.757168,99,88230,32.0003,36.014828,0,0,58-88230,🛑 PARKED (EXTREME),0.0
2026-01-23T19:17:44.731802,99,97599,32.02083,35.84263,314.5,0,58-97599,🛑 PARKED (EXTREME),0.0
2026-01-23T19:17:44.731802,99,11014,32.020794,35.842724,289.8,0,58-11014,🛑 PARKED (EXTREME),0.0
2026-01-23T19:17:44.731802,99,61004,32.021633,35.8425,80.9,0,58-61004,🟢 MOVING,0.17984186004250796
2026-01-23T19:17:44.731802,99,69779,32.015186,35.868134,140.3,0,58-69779,🟢 MOVING,11.408944566862697
2026-01-23T19:17:44.731802,99,68570,31.98545,35.897774,131.8,0,58-68570,🟢 MOVING,2.303022262215617
2026-01-23T19:17:44.731802,99,25354,31.96341,35.883045,215.6,0,58-25354,🟢 MOVING,4.319469713895098
2026-01-23T19:17:44.731802,99,59779,31.94551,35.906757,128.4,0,58-59779,🟢 MOVING,1.859607713592883
2026-01-23T19:17:44.731802,99,69302,31.945456,35.928806,192.7,0,58-69302,🟢 MOVING,5.973143524049196
2026-01-23T19:17:44.731802,99,88230,32.0003,36.014828,0,0,58-88230,🛑 PARKED (EXTREME),0.0
2026-01-23T19:18:17.503990,99,97599,32.02083,35.84263,314.5,0,58-97599,🛑 PARKED (EXTREME),0.0
2026-01-23T19:18:17.503990,99,11014,32.020794,35.842724,289.8,0,58-11014,🛑 PARKED (EXTREME),0.0
2026-01-23T19:18:17.503990,99,61004,32.021393,35.843037,60.3,0,58-61004,🟢 MOVING,1.7553866688691753
2026-01-23T19:18:17.503990,99,69779,32.01507,35.86821,140,0,58-69779,🟢 MOVING,0.4525849643327535
2026-01-23T19:18:17.503990,99,68570,31.985744,35.89813,304.89,0,58-68570,🟢 MOVING,1.43738295657364
2026-01-23T19:18:17.503990,99,25354,31.961891,35.88184,212.8,0,58-25354,🟢 MOVING,6.244831115466112
2026-01-23T19:18:17.503990,99,59779,31.94662,35.90946,64,0,58-59779,🟢 MOVING,8.690667363702845
2026-01-23T19:18:17.503990,99,69302,31.945456,35.928806,192.7,0,58-69302,🛑 PARKED (EXTREME),0.0
2026-01-23T19:18:17.503990,99,88230,32.0003,36.014828,0,0,58-88230,🛑 PARKED (EXTREME),0.0
2026-01-23T19:18:50.262063,99,97599,32.02083,35.84263,314.5,0,58-97599,🛑 PARKED (EXTREME),0.0
2026-01-23T19:18:50.262063,99,11014,32.020794,35.842724,289.8,0,58-11014,🛑 PARKED (EXTREME),0.0
2026-01-23T19:18:50.262063,99,61004,32.021393,35.843037,60.3,0,58-61004,🛑 PARKED (EXTREME),0.0
2026-01-23T19:18:50.262063,99,69779,32.01135,35.87069,160.5,0,58-69779,🟢 MOVING,14.47541285859045
2026-01-23T19:18:50.262063,99,68570,31.984764,35.89644,225,0,58-68570,🟢 MOVING,5.882047591206706
2026-01-23T19:18:50.262063,99,25354,31.958427,35.87926,207.9,0,58-25354,🟢 MOVING,13.880637427182315
2026-01-23T19:18:50.262063,99,59779,31.948233,35.91485,97.2,0,58-59779,🟢 MOVING,16.428217577497893
2026-01-23T19:18:50.262063,99,69302,31.945456,35.928806,192.7,0,58-69302,🛑 PARKED (EXTREME),0.0
2026-01-23T19:18:50.262063,99,88230,32.0003,36.014828,0,0,58-88230,🛑 PARKED (EXTREME),0.0
2026-01-23T19:19:27.478151,99,97599,32.02083,35.84263,314.5,0,58-97599,🛑 PARKED (EXTREME),0.0
2026-01-23T19:19:27.478151,99,11014,32.020794,35.842724,289.8,0,58-11014,🛑 PARKED (EXTREME),0.0
2026-01-23T19:19:27.478151,99,61004,32.02395,35.851192,72.09,0,58-61004,🟢 MOVING,21.825149071081558
2026-01-23T19:19:27.478151,99,69779,32.010395,35.871033,166.5,0,58-69779,🟢 MOVING,2.955616739111473
2026-01-23T19:19:27.478151,99,68570,31.983353,35.894928,224.2,0,58-68570,🟢 MOVING,5.645148888042593
2026-01-23T19:19:27.478151,99,25354,31.956593,35.881744,122.4,0,58-25354,🟢 MOVING,8.271358672980986
2026-01-23T19:19:27.478151,99,59779,31.947758,35.916004,124.2,0,58-59779,🟢 MOVING,3.2221417564200547
2026-01-23T19:19:27.478151,99,88230,32.0003,36.014828,0,0,58-88230,🛑 PARKED (EXTREME),0.0
2026-01-23T19:20:08.820007,99,97599,32.02083,35.84263,314.5,0,58-97599,🛑 PARKED (EXTREME),0.0
2026-01-23T19:20:08.820007,99,11014,32.020794,35.842724,289.8,0,58-11014,🛑 PARKED (EXTREME),0.0
2026-01-23T19:20:08.820007,99,61004,32.024754,35.85487,87.1,0,58-61004,🟢 MOVING,8.7618107761767
2026-01-23T19:20:08.820007,99,69779,32.005093,35.87335,153.19,0,58-69779,🟢 MOVING,15.384470020386207
2026-01-23T19:20:08.820007,99,68570,31.981604,35.89284,224,0,58-68570,🟢 MOVING,6.7724377735042545
2026-01-23T19:20:08.820007,99,25354,31.953691,35.888603,116.9,0,58-25354,🟢 MOVING,17.693629640945545
2026-01-23T19:20:08.820007,99,59779,31.945913,35.919464,105.8,0,58-59779,🟢 MOVING,9.434569374417283
2026-01-23T19:20:08.820007,99,88230,32.0003,36.014828,0,0,58-88230,🛑 PARKED (EXTREME),0.0
2026-01-23T19:20:47.523138,99,97599,32.02083,35.84263,314.5,0,58-97599,🛑 PARKED (EXTREME),0.0
2026-01-23T19:20:47.523138,99,11014,32.020794,35.842724,289.8,0,58-11014,🛑 PARKED (EXTREME),0.0
2026-01-23T19:20:47.523138,99,61004,32.02444,35.857075,108.7,0,58-61004,🟢 MOVING,5.412524857589653
2026-01-23T19:20:47.523138,99,69779,32.004517,35.873688,153.8,0,58-69779,🟢 MOVING,1.8370014951612057
2026-01-23T19:20:47.523138,99,68570,31.978811,35.889828,224.9,0,58-68570,🟢 MOVING,10.807921231318632
2026-01-23T19:20:47.523138,99,25354,31.951704,35.893967,97.9,0,58-25354,🟢 MOVING,14.179555224519245
2026-01-23T19:20:47.523138,99,59779,31.945557,35.921135,104.1,0,58-59779,🟢 MOVING,4.174205576314107
2026-01-23T19:20:47.523138,99,88230,32.0003,36.014828,0,0,58-88230,🛑 PARKED (EXTREME),0.0
2026-01-23T19:21:24.498613,99,97599,32.02083,35.84263,314.5,0,58-97599,🛑 PARKED (EXTREME),0.0
2026-01-23T19:21:24.498613,99,11014,32.020794,35.842724,289.8,0,58-11014,🛑 PARKED (EXTREME),0.0
2026-01-23T19:21:24.498613,99,61004,32.021748,35.861256,135.3,0,58-61004,🟢 MOVING,13.432489791838776
2026-01-23T19:21:24.498613,99,69779,32.000988,35.87701,132,0,58-69779,🟢 MOVING,13.626893928486583
2026-01-23T19:21:24.498613,99,68570,31.97666,35.887936,207.9,0,58-68570,🟢 MOVING,8.0989546886031
2026-01-23T19:21:24.498613,99,25354,31.951326,35.899723,115,0,58-25354,🟢 MOVING,14.782745541651833
2026-01-23T19:21:24.498613,99,59779,31.946276,35.926758,100.5,0,58-59779,🟢 MOVING,14.561553205027975
2026-01-23T19:21:24.498613,99,88230,32.0003,36.014828,0,0,58-88230,🛑 PARKED (EXTREME),0.0
2026-01-23T19:22:00.642387,99,97599,32.02083,35.84263,314.5,0,58-97599,🛑 PARKED (EXTREME),0.0
2026-01-23T19:22:00.642387,99,11014,32.020794,35.842724,289.8,0,58-11014,🛑 PARKED (EXTREME),0.0
2026-01-23T19:22:00.642387,99,61004,32.01934,35.864124,134.4,0,58-61004,🟢 MOVING,10.530474411265587
2026-01-23T19:22:00.642387,99,69779,31.998516,35.88076,126.8,0,58-69779,🟢 MOVING,12.394451451729166
2026-01-23T19:22:00.642387,99,68570,31.973118,35.886436,187.3,0,58-68570,🟢 MOVING,11.58106960910118
2026-01-23T19:22:00.642387,99,25354,31.947432,35.90423,143.6,0,58-25354,🟢 MOVING,16.79443468583897
2026-01-23T19:22:00.642387,99,59779,31.946276,35.926758,100.5,0,58-59779,🟡 STOPPED (BOARDING?),0.0
2026-01-23T19:22:00.642387,99,88230,32.0003,36.014828,0,0,58-88230,🛑 PARKED (EXTREME),0.0
2026-01-23T19:22:35.798242,99,93341,32.020817,35.842754,290.6,0,58-93341,🟢 MOVING,3.6446910887316415
2026-01-23T19:22:35.798242,99,97599,32.02083,35.84263,314.5,0,58-97599,🛑 PARKED (EXTREME),0.0
2026-01-23T19:22:35.798242,99,11014,32.020794,35.842724,289.8,0,58-11014,🛑 PARKED (EXTREME),0.0
2026-01-23T19:22:35.798242,99,61004,32.018326,35.86522,137.3,0,58-61004,🟢 MOVING,4.308232908916505
2026-01-23T19:22:35.798242,99,69779,31.997591,35.882202,126.2,0,58-69779,🟢 MOVING,4.8029451057296875
2026-01-23T19:22:35.798242,99,68570,31.969515,35.88636,172.6,0,58-68570,🟢 MOVING,11.287621219504901
2026-01-23T19:22:35.798242,99,25354,31.945574,35.90668,128,0,58-25354,🟢 MOVING,8.73361412861884
2026-01-23T19:22:35.798242,99,59779,31.946276,35.926758,100.5,0,58-59779,🟡 STOPPED (BOARDING?),0.0
2026-01-23T19:22:35.798242,99,88230,32.0003,36.014828,0,0,58-88230,🛑 PARKED (EXTREME),0.0
2026-01-23T19:23:11.670280,99,93341,32.020817,35.842754,290.6,0,58-93341,🛑 PARKED (EXTREME),0.0
2026-01-23T19:23:11.670280,99,97599,32.02083,35.84263,314.5,0,58-97599,🛑 PARKED (EXTREME),0.0
2026-01-23T19:23:11.670280,99,11014,32.020794,35.842724,289.8,0,58-11014,🛑 PARKED (EXTREME),0.0
2026-01-23T19:23:11.670280,99,61004,32.015255,35.868065,143.9,0,58-61004,🟢 MOVING,12.2310112697367
2026-01-23T19:23:11.670280,99,69779,31.995667,35.885235,126.1,0,58-69779,🟢 MOVING,10.060681626495114
2026-01-23T19:23:11.670280,99,68570,31.967068,35.88696,166.5,0,58-68570,🟢 MOVING,7.8281534575945235
2026-01-23T19:23:11.670280,99,25354,31.945473,35.90679,125.8,0,58-25354,🟢 MOVING,0.4307377809980596
2026-01-23T19:23:11.670280,99,59779,31.946276,35.926758,100.5,0,58-59779,🟡 STOPPED (BOARDING?),0.0
2026-01-23T19:23:11.670280,99,88230,32.0003,36.014828,0,0,58-88230,🛑 PARKED (EXTREME),0.0
2026-01-23T19:23:43.939784,99,93341,32.020817,35.842754,290.6,0,58-93341,🛑 PARKED (EXTREME),0.0
2026-01-23T19:23:43.939784,99,97599,32.02083,35.84263,314.5,0,58-97599,🛑 PARKED (EXTREME),0.0
2026-01-23T19:23:43.939784,99,11014,32.020794,35.842724,289.8,0,58-11014,🛑 PARKED (EXTREME),0.0
2026-01-23T19:23:43.939784,99,61004,32.01252,35.870094,154.69,0,58-61004,🟢 MOVING,10.965807247346191
2026-01-23T19:23:43.939784,99,69779,31.992796,35.889767,124.8,0,58-69779,🟢 MOVING,16.281782722808323
2026-01-23T19:23:43.939784,99,68570,31.96703,35.886948,170.2,0,58-68570,🟡 STOPPED (BOARDING?),0.0
2026-01-23T19:23:43.939784,99,25354,31.945473,35.90679,125.8,0,58-25354,🟡 STOPPED (BOARDING?),0.0
2026-01-23T19:23:43.939784,99,59779,31.946276,35.926758,100.5,0,58-59779,🟡 STOPPED (BOARDING?),0.0
2026-01-23T19:23:43.939784,99,88230,32.0003,36.014828,0,0,58-88230,🛑 PARKED (EXTREME),0.0
2026-01-23T19:24:21.322813,99,93341,32.020817,35.842754,290.6,0,58-93341,🛑 PARKED (EXTREME),0.0
2026-01-23T19:24:21.322813,99,97599,32.02083,35.84263,314.5,0,58-97599,🛑 PARKED (EXTREME),0.0
2026-01-23T19:24:21.322813,99,11014,32.020794,35.842724,289.8,0,58-11014,🛑 PARKED (EXTREME),0.0
2026-01-23T19:24:21.322813,99,61004,32.00774,35.871937,162.8,0,58-61004,🟢 MOVING,15.06068238898583
2026-01-23T19:24:21.322813,99,69779,31.992798,35.889774,124.8,0,58-69779,🟡 STOPPED (BOARDING?),0.0
2026-01-23T19:24:21.322813,99,68570,31.964556,35.884098,218.3,0,58-68570,🟢 MOVING,10.359769730998377
2026-01-23T19:24:21.322813,99,25354,31.946178,35.9084,64.2,0,58-25354,🟢 MOVING,4.60400251622023
2026-01-23T19:24:21.322813,99,59779,31.946276,35.926758,100.5,0,58-59779,🟡 STOPPED (BOARDING?),0.0
2026-01-23T19:24:21.322813,99,88230,32.0003,36.014828,0,0,58-88230,🛑 PARKED (EXTREME),0.0
2026-01-23T19:25:01.311281,99,93341,32.020817,35.842754,290.6,0,58-93341,🛑 PARKED (EXTREME),0.0
2026-01-23T19:25:01.311281,99,97599,32.02083,35.84263,314.5,0,58-97599,🛑 PARKED (EXTREME),0.0
2026-01-23T19:25:01.311281,99,11014,32.021896,35.84274,0,0,58-11014,🟢 MOVING,3.0473741078294414
2026-01-23T19:25:01.311281,99,61004,32.00521,35.873245,154.6,0,58-61004,🟢 MOVING,7.6380888842864225
2026-01-23T19:25:01.311281,99,69779,31.99244,35.89034,132.4,0,58-69779,🟢 MOVING,1.6557417442033382
2026-01-23T19:25:01.311281,99,68570,31.964556,35.884098,218.3,0,58-68570,🟡 STOPPED (BOARDING?),0.0
2026-01-23T19:25:01.311281,99,25354,31.948067,35.91319,73.09,0,58-25354,🟢 MOVING,12.392597765009265
2026-01-23T19:25:01.311281,99,59779,31.946276,35.926758,100.5,0,58-59779,🟡 STOPPED (BOARDING?),0.0
2026-01-23T19:25:01.311281,99,88230,32.0003,36.014828,0,0,58-88230,🛑 PARKED (EXTREME),0.0
2026-01-23T19:25:39.158747,99,93341,32.020817,35.842754,290.6,0,58-93341,🛑 PARKED (EXTREME),0.0
2026-01-23T19:25:39.158747,99,97599,32.02083,35.84263,314.5,0,58-97599,🛑 PARKED (EXTREME),0.0
2026-01-23T19:25:39.158747,99,11014,32.02183,35.84244,160.19,0,58-11014,🟢 MOVING,0.7730996686817889
2026-01-23T19:25:39.158747,99,61004,32.003864,35.874065,148.9,0,58-61004,🟢 MOVING,4.457443471540072
2026-01-23T19:25:39.158747,99,69779,31.992182,35.89074,127.5,0,58-69779,🟢 MOVING,1.253984765647167
2026-01-23T19:25:39.158747,99,68570,31.96293,35.882675,215.1,0,58-68570,🟢 MOVING,5.9584484748234505
2026-01-23T19:25:39.158747,99,25354,31.948236,35.91493,98.9,0,58-25354,🟢 MOVING,4.372327359972205
2026-01-23T19:25:39.158747,99,59779,31.946276,35.926758,100.5,0,58-59779,🟡 STOPPED (BOARDING?),0.0
2026-01-23T19:25:39.158747,99,88230,32.0003,36.014828,0,0,58-88230,🛑 PARKED (EXTREME),0.0
2026-01-23T19:26:11.922763,99,93341,32.02083,35.84273,298,0,58-93341,🛑 PARKED (EXTREME),0.0
2026-01-23T19:26:11.922763,99,97599,32.02083,35.84263,314.5,0,58-97599,🛑 PARKED (EXTREME),0.0
2026-01-23T19:26:11.922763,99,11014,32.021587,35.84336,46.3,0,58-11014,🟢 MOVING,2.773940867789896
2026-01-23T19:26:11.922763,99,61004,31.998455,35.88087,127.5,0,58-61004,🟢 MOVING,26.855199553849715
2026-01-23T19:26:11.922763,99,69779,31.986929,35.896355,144.69,0,58-69779,🟢 MOVING,24.074052777418196
2026-01-23T19:26:11.922763,99,68570,31.959566,35.880123,213.8,0,58-68570,🟢 MOVING,13.583027046305903
2026-01-23T19:26:11.922763,99,25354,31.948036,35.91557,120.1,0,58-25354,🟢 MOVING,1.9649129120217785
2026-01-23T19:26:11.922763,99,59779,31.946276,35.926758,100.5,0,58-59779,🟡 STOPPED (BOARDING?),0.0
2026-01-23T19:26:11.922763,99,88230,32.0003,36.014828,0,0,58-88230,🛑 PARKED (EXTREME),0.0
2026-01-23T19:26:45.052485,99,93341,32.02083,35.84273,298,0,58-93341,🛑 PARKED (EXTREME),0.0
2026-01-23T19:26:45.052485,99,97599,32.02083,35.84263,314.5,0,58-97599,🛑 PARKED (EXTREME),0.0
2026-01-23T19:26:45.052485,99,11014,32.022694,35.846943,73.59,0,58-11014,🟢 MOVING,10.989947806375195
2026-01-23T19:26:45.052485,99,61004,31.998388,35.88095,125.6,0,58-61004,🟢 MOVING,0.3241057041773748
2026-01-23T19:26:45.052485,99,69779,31.985868,35.89751,134.9,0,58-69779,🟢 MOVING,4.908566920887328
2026-01-23T19:26:45.052485,99,68570,31.956427,35.882057,123.1,0,58-68570,🟢 MOVING,12.039469091358503
2026-01-23T19:26:45.052485,99,25354,31.947453,35.91651,125.9,0,58-25354,🟢 MOVING,3.3581658984328553
2026-01-23T19:26:45.052485,99,59779,31.946276,35.926758,100.5,0,58-59779,🟡 STOPPED (BOARDING?),0.0
2026-01-23T19:26:45.052485,99,88230,32.0003,36.014828,0,0,58-88230,🛑 PARKED (EXTREME),0.0
2026-01-23T19:27:19.094629,99,93341,32.02083,35.84273,298,0,58-93341,🛑 PARKED (EXTREME),0.0
2026-01-23T19:27:19.094629,99,97599,32.02083,35.84263,314.5,0,58-97599,🛑 PARKED (EXTREME),0.0
2026-01-23T19:27:19.094629,99,11014,32.023727,35.850506,69.2,0,58-11014,🟢 MOVING,10.351390014431491
2026-01-23T19:27:19.094629,99,61004,31.996824,35.883392,127.2,0,58-61004,🟢 MOVING,8.414528170383393
2026-01-23T19:27:19.094629,99,69779,31.985868,35.89751,134.9,0,58-69779,🟡 STOPPED (BOARDING?),0.0
2026-01-23T19:27:19.094629,99,68570,31.954569,35.886143,111.3,0,58-68570,🟢 MOVING,12.753108184838815
2026-01-23T19:27:19.094629,99,25354,31.945845,35.919704,104.2,0,58-25354,🟢 MOVING,10.217771438600687
2026-01-23T19:27:19.094629,99,59779,31.946276,35.926758,100.5,0,58-59779,🟡 STOPPED (BOARDING?),0.0
2026-01-23T19:27:19.094629,99,88230,32.0003,36.014828,0,0,58-88230,🛑 PARKED (EXTREME),0.0
2026-01-23T19:27:57.198029,99,93341,32.02083,35.84273,298,0,58-93341,🛑 PARKED (EXTREME),0.0
2026-01-23T19:27:57.198029,99,97599,32.02083,35.84263,314.5,0,58-97599,🛑 PARKED (EXTREME),0.0
2026-01-23T19:27:57.198029,99,11014,32.024734,35.85502,80.3,0,58-11014,🟢 MOVING,11.591188748314812
2026-01-23T19:27:57.198029,99,61004,31.995657,35.88524,126.7,0,58-61004,🟢 MOVING,5.723380738839841
2026-01-23T19:27:57.198029,99,69779,31.985338,35.8979,126.7,0,58-69779,🟢 MOVING,1.8299363879637753
2026-01-23T19:27:57.198029,99,68570,31.953936,35.88807,112.5,0,58-68570,🟢 MOVING,5.135359821988806
2026-01-23T19:27:57.198029,99,25354,31.945517,35.92166,90.3,0,58-25354,🟢 MOVING,4.955522101413902
2026-01-23T19:27:57.198029,99,59779,31.946276,35.926758,100.5,0,58-59779,🟡 STOPPED (BOARDING?),0.0
2026-01-23T19:27:57.198029,99,88230,32.0003,36.014828,0,0,58-88230,🛑 PARKED (EXTREME),0.0
2026-01-23T19:28:30.369097,99,93341,32.02083,35.84273,298,0,58-93341,🛑 PARKED (EXTREME),0.0
2026-01-23T19:28:30.369097,99,97599,32.02083,35.84263,314.5,0,58-97599,🛑 PARKED (EXTREME),0.0
2026-01-23T19:28:30.369097,99,11014,32.024734,35.85556,94.6,0,58-11014,🟢 MOVING,1.5163362101749391
2026-01-23T19:28:30.369097,99,61004,31.994135,35.88766,125.7,0,58-61004,🟢 MOVING,8.462308741890133
2026-01-23T19:28:30.369097,99,69779,31.985336,35.8979,127.1,0,58-69779,🟡 STOPPED (BOARDING?),0.0
2026-01-23T19:28:30.369097,99,68570,31.95335,35.889454,116.2,0,58-68570,🟢 MOVING,4.346443334900047
2026-01-23T19:28:30.369097,99,25354,31.946087,35.923733,68.7,0,58-25354,🟢 MOVING,6.123929923115887
2026-01-23T19:28:30.369097,99,59779,31.946276,35.926758,100.5,0,58-59779,🟡 STOPPED (BOARDING?),0.0
2026-01-23T19:28:30.369097,99,88230,32.0003,36.014828,0,0,58-88230,🛑 PARKED (EXTREME),0.0
2026-01-23T19:29:09.973925,99,93341,32.02083,35.84273,298,0,58-93341,🛑 PARKED (EXTREME),0.0
2026-01-23T19:29:09.973925,99,97599,32.02083,35.84263,314.5,0,58-97599,🛑 PARKED (EXTREME),0.0
2026-01-23T19:29:09.973925,99,11014,32.023376,35.85931,130.3,0,58-11014,🟢 MOVING,9.514743913991074
2026-01-23T19:29:09.973925,99,61004,31.992516,35.89018,126,0,58-61004,🟢 MOVING,7.37708474735738
2026-01-23T19:29:09.973925,99,69779,31.985327,35.89828,55.1,0,58-69779,🟢 MOVING,0.8871459399610546
2026-01-23T19:29:09.973925,99,68570,31.951729,35.893887,97.3,0,58-68570,🟢 MOVING,11.269064433561981
2026-01-23T19:29:09.973925,99,25354,31.946314,35.926666,102,0,58-25354,🟢 MOVING,6.87603984240646
2026-01-23T19:29:09.973925,99,88230,32.0003,36.014828,0,0,58-88230,🛑 PARKED (EXTREME),0.0
2026-01-23T19:29:43.482579,99,93341,32.02083,35.84273,298,0,58-93341,🛑 PARKED (EXTREME),0.0
2026-01-23T19:29:43.482579,99,97599,32.02083,35.84263,314.5,0,58-97599,🛑 PARKED (EXTREME),0.0
2026-01-23T19:29:43.482579,99,11014,32.02056,35.862675,134.19,0,58-11014,🟢 MOVING,13.844082024413431
2026-01-23T19:29:43.482579,99,61004,31.992516,35.89018,126,0,58-61004,🟡 STOPPED (BOARDING?),0.0
2026-01-23T19:29:43.482579,99,69779,31.985327,35.89828,55.1,0,58-69779,🟡 STOPPED (BOARDING?),0.0
2026-01-23T19:29:43.482579,99,68570,31.951809,35.89685,88.3,0,58-68570,🟢 MOVING,8.688608730664255
2026-01-23T19:29:43.482579,99,25354,31.946314,35.926666,102,0,58-25354,🟡 STOPPED (BOARDING?),0.0
2026-01-23T19:29:43.482579,99,88230,32.0003,36.014828,0,0,58-88230,🛑 PARKED (EXTREME),0.0
2026-01-23T19:30:23.516475,99,93341,32.02083,35.84273,298,0,58-93341,🛑 PARKED (EXTREME),0.0
2026-01-23T19:30:23.516475,99,97599,32.02083,35.84263,314.5,0,58-97599,🛑 PARKED (EXTREME),0.0
2026-01-23T19:30:23.516475,99,11014,32.018314,35.86519,141.19,0,58-11014,🟢 MOVING,8.58423034662613
2026-01-23T19:30:23.516475,99,61004,31.987785,35.89565,141.69,0,58-61004,🟢 MOVING,18.36904373858902
2026-01-23T19:30:23.516475,99,69779,31.985643,35.898293,315.5,0,58-69779,🟢 MOVING,0.8765518067426938
2026-01-23T19:30:23.516475,99,68570,31.947836,35.903908,145.5,0,58-68570,🟢 MOVING,19.92338754396781
2026-01-23T19:30:23.516475,99,25354,31.946314,35.926666,102,0,58-25354,🟡 STOPPED (BOARDING?),0.0
2026-01-23T19:30:23.516475,99,88230,32.0003,36.014828,0,0,58-88230,🛑 PARKED (EXTREME),0.0
2026-01-23T19:30:58.909923,99,93341,32.02083,35.84273,298,0,58-93341,🛑 PARKED (EXTREME),0.0
2026-01-23T19:30:58.909923,99,97599,32.02083,35.84263,314.5,0,58-97599,🛑 PARKED (EXTREME),0.0
2026-01-23T19:30:58.909923,99,11014,32.01815,35.86538,139.6,0,58-11014,🟢 MOVING,0.719532256179742
2026-01-23T19:30:58.909923,99,61004,31.986143,35.897114,138.5,0,58-61004,🟢 MOVING,6.443426396667396
2026-01-23T19:30:58.909923,99,69779,31.985802,35.89759,224.2,0,58-69779,🟢 MOVING,1.931499266733251
2026-01-23T19:30:58.909923,99,68570,31.945543,35.906765,127.3,0,58-68570,🟢 MOVING,10.444309574892351
2026-01-23T19:30:58.909923,99,25354,31.946314,35.926666,102,0,58-25354,🟡 STOPPED (BOARDING?),0.0
2026-01-23T19:30:58.909923,99,88230,32.0003,36.014828,0,0,58-88230,🛑 PARKED (EXTREME),0.0
2026-01-23T19:31:35.445666,99,93341,32.02083,35.84273,298,0,58-93341,🛑 PARKED (EXTREME),0.0
2026-01-23T19:31:35.445666,99,97599,32.02083,35.84263,314.5,0,58-97599,🛑 PARKED (EXTREME),0.0
2026-01-23T19:31:35.445666,99,11014,32.01549,35.86783,143.8,0,58-11014,🟢 MOVING,10.278462010689438
2026-01-23T19:31:35.445666,99,61004,31.98587,35.897396,149,0,58-61004,🟢 MOVING,1.105365032943309
2026-01-23T19:31:35.445666,99,69779,31.984234,35.895824,216.2,0,58-69779,🟢 MOVING,6.603964634800509
2026-01-23T19:31:35.445666,99,68570,31.945547,35.906765,127.3,0,58-68570,🟡 STOPPED (BOARDING?),0.0
2026-01-23T19:31:35.445666,99,25354,31.946314,35.926666,102,0,58-25354,🟡 STOPPED (BOARDING?),0.0
2026-01-23T19:31:35.445666,99,88230,32.0003,36.014828,0,0,58-88230,🛑 PARKED (EXTREME),0.0
2026-01-23T19:32:13.866177,99,93341,32.02083,35.84273,298,0,58-93341,🛑 PARKED (EXTREME),0.0
2026-01-23T19:32:13.866177,99,97599,32.02083,35.84263,314.5,0,58-97599,🛑 PARKED (EXTREME),0.0
2026-01-23T19:32:13.866177,99,11014,32.01414,35.869015,147.5,0,58-11014,🟢 MOVING,4.894997961714134
2026-01-23T19:32:13.866177,99,61004,31.985645,35.898304,312.5,0,58-61004,🟢 MOVING,2.333778305566086
2026-01-23T19:32:13.866177,99,69779,31.98101,35.892204,228.8,0,58-69779,🟢 MOVING,12.950208855772162
2026-01-23T19:32:13.866177,99,68570,31.94552,35.906773,127.2,0,58-68570,🟡 STOPPED (BOARDING?),0.0
2026-01-23T19:32:13.866177,99,25354,31.946314,35.926666,102,0,58-25354,🟡 STOPPED (BOARDING?),0.0
2026-01-23T19:32:13.866177,99,88230,32.0003,36.014828,0,0,58-88230,🛑 PARKED (EXTREME),0.0
2026-01-23T19:32:53.128722,99,93341,32.02083,35.84273,298,0,58-93341,🛑 PARKED (EXTREME),0.0
2026-01-23T19:32:53.128722,99,97599,32.021564,35.84264,0,0,58-97599,🟢 MOVING,2.0669619891415905
2026-01-23T19:32:53.128722,99,11014,32.005478,35.873055,153.5,0,58-11014,🟢 MOVING,26.229029747231866
2026-01-23T19:32:53.128722,99,61004,31.985474,35.897297,225.5,0,58-61004,🟢 MOVING,2.4527862279569987
2026-01-23T19:32:53.128722,99,69779,31.98049,35.89158,222.5,0,58-69779,🟢 MOVING,2.0893264438960424
2026-01-23T19:32:53.128722,99,68570,31.947744,35.91224,66.09,0,58-68570,🟢 MOVING,14.48617800409281
2026-01-23T19:32:53.128722,99,25354,31.946314,35.926666,102,0,58-25354,🟡 STOPPED (BOARDING?),0.0
2026-01-23T19:32:53.128722,99,88230,32.0003,36.014828,0,0,58-88230,🛑 PARKED (EXTREME),0.0
2026-01-23T19:33:29.116453,99,93341,32.02083,35.84273,298,0,58-93341,🛑 PARKED (EXTREME),0.0
2026-01-23T19:33:29.116453,99,97599,32.02165,35.842365,44.7,0,58-97599,🟢 MOVING,0.77236020937599
2026-01-23T19:33:29.116453,99,11014,32.005135,35.87327,152.6,0,58-11014,🟢 MOVING,1.2072579798703988
2026-01-23T19:33:29.116453,99,61004,31.983833,35.89545,217.7,0,58-61004,🟢 MOVING,7.051044995933406
2026-01-23T19:33:29.116453,99,69779,31.977936,35.88894,217.2,0,58-69779,🟢 MOVING,10.556714083448828
2026-01-23T19:33:29.116453,99,68570,31.948221,35.91472,127.1,0,58-68570,🟢 MOVING,6.706082076014202
2026-01-23T19:33:29.116453,99,25354,31.946314,35.926666,102,0,58-25354,🟡 STOPPED (BOARDING?),0.0
2026-01-23T19:33:29.116453,99,88230,32.0003,36.014828,0,0,58-88230,🛑 PARKED (EXTREME),0.0
2026-01-23T19:34:08.082017,99,93341,32.02083,35.84273,298,0,58-93341,🛑 PARKED (EXTREME),0.0
2026-01-23T19:34:08.082017,99,97599,32.021343,35.84294,56,0,58-97599,🟢 MOVING,1.63937062315682
2026-01-23T19:34:08.082017,99,11014,32.005108,35.873283,149.9,0,58-11014,🟡 STOPPED (BOARDING?),0.0
2026-01-23T19:34:08.082017,99,61004,31.98245,35.89388,225.1,0,58-61004,🟢 MOVING,5.463146905943225
2026-01-23T19:34:08.082017,99,69779,31.976236,35.88771,205.6,0,58-69779,🟢 MOVING,5.675690124844311
2026-01-23T19:34:08.082017,99,68570,31.947842,35.915897,123.9,0,58-68570,🟢 MOVING,3.0395641939107487
2026-01-23T19:34:08.082017,99,25354,31.946314,35.926666,102,0,58-25354,🟡 STOPPED (BOARDING?),0.0
2026-01-23T19:34:08.082017,99,88230,32.0003,36.014828,0,0,58-88230,🛑 PARKED (EXTREME),0.0
2026-01-23T19:34:48.981513,99,93341,32.02083,35.84273,298,0,58-93341,🛑 PARKED (EXTREME),0.0
2026-01-23T19:34:48.981513,99,97599,32.023293,35.848885,70.8,0,58-97599,🟢 MOVING,14.726218909959421
2026-01-23T19:34:48.981513,99,11014,32.002525,35.875244,138.1,0,58-11014,🟢 MOVING,8.370702483733671
2026-01-23T19:34:48.981513,99,61004,31.979706,35.89079,219.6,0,58-61004,🟢 MOVING,10.339690660561024
2026-01-23T19:34:48.981513,99,69779,31.971167,35.886246,180,0,58-69779,🟢 MOVING,14.22086110851977
2026-01-23T19:34:48.981513,99,68570,31.945831,35.919903,103.6,0,58-68570,🟢 MOVING,10.762031573849857
2026-01-23T19:34:48.981513,99,25354,31.946314,35.926666,102,0,58-25354,🟡 STOPPED (BOARDING?),0.0
2026-01-23T19:34:48.981513,99,88230,32.0003,36.014828,0,0,58-88230,🛑 PARKED (EXTREME),0.0
2026-01-23T19:35:22.516015,99,93341,32.02083,35.84273,298,0,58-93341,🛑 PARKED (EXTREME),0.0
2026-01-23T19:35:22.516015,99,97599,32.02443,35.85293,73,0,58-97599,🟢 MOVING,12.004305002448284
2026-01-23T19:35:22.516015,99,11014,31.999693,35.878914,126.4,0,58-11014,🟢 MOVING,13.980849424387014
2026-01-23T19:35:22.516015,99,61004,31.97764,35.888687,218.7,0,58-61004,🟢 MOVING,9.068984941295838
2026-01-23T19:35:22.516015,99,69779,31.967684,35.88684,167.2,0,58-69779,🟢 MOVING,11.692768710065884
2026-01-23T19:35:22.516015,99,68570,31.945574,35.922222,74.59,0,58-68570,🟢 MOVING,6.593506960030607
2026-01-23T19:35:22.516015,99,25354,31.946314,35.926666,102,0,58-25354,🟡 STOPPED (BOARDING?),0.0
2026-01-23T19:35:22.516015,99,88230,32.0003,36.014828,0,0,58-88230,🛑 PARKED (EXTREME),0.0
2026-01-23T19:35:58.365361,99,93341,32.02083,35.84273,298,0,58-93341,🛑 PARKED (EXTREME),0.0
2026-01-23T19:35:58.365361,99,97599,32.02469,35.854134,87.7,0,58-97599,🟢 MOVING,3.197220715035811
2026-01-23T19:35:58.365361,99,11014,31.995745,35.885067,128.4,0,58-11014,🟢 MOVING,19.860743785562747
2026-01-23T19:35:58.365361,99,61004,31.97764,35.888695,218.7,0,58-61004,🟡 STOPPED (BOARDING?),0.0
2026-01-23T19:35:58.365361,99,69779,31.966726,35.886864,235,0,58-69779,🟢 MOVING,2.908412729079576
2026-01-23T19:35:58.365361,99,68570,31.94625,35.92462,79.59,0,58-68570,🟢 MOVING,6.508058758461637
2026-01-23T19:35:58.365361,99,25354,31.946314,35.926666,102,0,58-25354,🟡 STOPPED (BOARDING?),0.0
2026-01-23T19:35:58.365361,99,88230,32.0003,36.014828,0,0,58-88230,🛑 PARKED (EXTREME),0.0
2026-01-23T19:36:32.892870,99,93341,32.02083,35.84273,298,0,58-93341,🛑 PARKED (EXTREME),0.0
2026-01-23T19:36:32.892870,99,97599,32.02469,35.85416,87.7,0,58-97599,🟡 STOPPED (BOARDING?),0.0
2026-01-23T19:36:32.892870,99,11014,31.994162,35.88759,126,0,58-11014,🟢 MOVING,8.665755435801922
2026-01-23T19:36:32.892870,99,61004,31.97731,35.88842,214.9,0,58-61004,🟢 MOVING,1.315734968263617
2026-01-23T19:36:32.892870,99,69779,31.964638,35.884113,220.4,0,58-69779,🟢 MOVING,10.195646180844177
2026-01-23T19:36:32.892870,99,68570,31.94628,35.92664,97.6,0,58-68570,🟢 MOVING,5.5814600463333415
2026-01-23T19:36:32.892870,99,25354,31.946314,35.926666,102,0,58-25354,🟡 STOPPED (BOARDING?),0.0
2026-01-23T19:36:32.892870,99,88230,32.0003,36.014828,0,0,58-88230,🛑 PARKED (EXTREME),0.0
2026-01-23T19:37:10.337059,99,93341,32.02083,35.84273,298,0,58-93341,🛑 PARKED (EXTREME),0.0
2026-01-23T19:37:10.337059,99,97599,32.024673,35.854134,87.7,0,58-97599,🟡 STOPPED (BOARDING?),0.0
2026-01-23T19:37:10.337059,99,11014,31.992544,35.890182,124.7,0,58-11014,🟢 MOVING,8.072283898729863
2026-01-23T19:37:10.337059,99,61004,31.976627,35.88792,206.2,0,58-61004,🟢 MOVING,2.377649185196557
2026-01-23T19:37:10.337059,99,69779,31.964048,35.883614,217.6,0,58-69779,🟢 MOVING,2.1475397907985547
2026-01-23T19:37:10.337059,99,68570,31.94628,35.92664,97.6,0,58-68570,🟡 STOPPED (BOARDING?),0.0
2026-01-23T19:37:10.337059,99,25354,31.946314,35.926666,102,0,58-25354,🟡 STOPPED (BOARDING?),0.0
2026-01-23T19:37:10.337059,99,88230,32.0003,36.014828,0,0,58-88230,🛑 PARKED (EXTREME),0.0
2026-01-23T19:37:44.691967,99,93341,32.02083,35.84273,298,0,58-93341,🛑 PARKED (EXTREME),0.0
2026-01-23T19:37:44.691967,99,97599,32.0247,35.855953,100.8,0,58-97599,🟢 MOVING,5.054195539188113
2026-01-23T19:37:44.691967,99,11014,31.992052,35.890923,127.3,0,58-11014,🟢 MOVING,2.6153289735154446
2026-01-23T19:37:44.691967,99,61004,31.974016,35.8866,195.6,0,58-61004,🟢 MOVING,9.306278451874048
2026-01-23T19:37:44.691967,99,69779,31.961077,35.88128,212.5,0,58-69779,🟢 MOVING,11.695745607696816
2026-01-23T19:37:44.691967,99,68570,31.94628,35.92664,97.6,0,58-68570,🟡 STOPPED (BOARDING?),0.0
2026-01-23T19:37:44.691967,99,25354,31.946314,35.926666,102,0,58-25354,🟡 STOPPED (BOARDING?),0.0
2026-01-23T19:37:44.691967,99,88230,32.0003,36.014828,0,0,58-88230,🛑 PARKED (EXTREME),0.0
2026-01-23T19:38:24.073840,99,11924,32.02078,35.84275,285.2,0,58-11924,🟢 MOVING,3.2454020729499033
2026-01-23T19:38:24.073840,99,93341,32.02083,35.84273,298,0,58-93341,🛑 PARKED (EXTREME),0.0
2026-01-23T19:38:24.073840,99,97599,32.019985,35.86338,134.8,0,58-97599,🟢 MOVING,22.20030680849962
2026-01-23T19:38:24.073840,99,11014,31.987818,35.8956,140.1,0,58-11014,🟢 MOVING,16.373622864579918
2026-01-23T19:38:24.073840,99,61004,31.967333,35.88691,168.9,0,58-61004,🟢 MOVING,18.880053382565155
2026-01-23T19:38:24.073840,99,69779,31.957775,35.87936,123.1,0,58-69779,🟢 MOVING,10.393783128738523
2026-01-23T19:38:24.073840,99,68570,31.94628,35.92664,97.6,0,58-68570,🟡 STOPPED (BOARDING?),0.0
2026-01-23T19:38:24.073840,99,25354,31.946314,35.926666,102,0,58-25354,🟡 STOPPED (BOARDING?),0.0
2026-01-23T19:38:24.073840,99,88230,32.0003,36.014828,0,0,58-88230,🛑 PARKED (EXTREME),0.0
2026-01-23T19:39:05.038284,99,11924,32.0208,35.84267,287.7,0,58-11924,🟢 MOVING,0.1925163467573931
2026-01-23T19:39:05.038284,99,93341,32.02083,35.84273,298,0,58-93341,🛑 PARKED (EXTREME),0.0
2026-01-23T19:39:05.038284,99,97599,32.018837,35.864727,136,0,58-97599,🟢 MOVING,4.408481758840198
2026-01-23T19:39:05.038284,99,11014,31.986244,35.897003,138,0,58-11014,🟢 MOVING,5.371848902267382
2026-01-23T19:39:05.038284,99,61004,31.965723,35.885227,221.6,0,58-61004,🟢 MOVING,5.858334468480967
2026-01-23T19:39:05.038284,99,69779,31.957518,35.879917,123.2,0,58-69779,🟢 MOVING,1.4644941827478568
2026-01-23T19:39:05.038284,99,68570,31.94628,35.92664,97.6,0,58-68570,🟡 STOPPED (BOARDING?),0.0
2026-01-23T19:39:05.038284,99,25354,31.946314,35.926666,102,0,58-25354,🟡 STOPPED (BOARDING?),0.0
2026-01-23T19:39:05.038284,99,88230,32.0003,36.014828,0,0,58-88230,🛑 PARKED (EXTREME),0.0
2026-01-23T19:39:39.284172,99,11924,32.0208,35.84267,287.7,0,58-11924,🛑 PARKED (EXTREME),0.0
2026-01-23T19:39:39.284172,99,93341,32.02083,35.84273,298,0,58-93341,🛑 PARKED (EXTREME),0.0
2026-01-23T19:39:39.284172,99,97599,32.018818,35.864735,140.6,0,58-97599,🟡 STOPPED (BOARDING?),0.0
2026-01-23T19:39:39.284172,99,11014,31.985945,35.897354,129.19,0,58-11014,🟢 MOVING,1.36945384853795
2026-01-23T19:39:39.284172,99,61004,31.962961,35.882694,213.4,0,58-61004,🟢 MOVING,11.35809912814392
2026-01-23T19:39:39.284172,99,69779,31.955185,35.88423,119.7,0,58-69779,🟢 MOVING,14.08536351251016
2026-01-23T19:39:39.284172,99,68570,31.94628,35.92664,97.6,0,58-68570,🟡 STOPPED (BOARDING?),0.0
2026-01-23T19:39:39.284172,99,25354,31.946314,35.926666,102,0,58-25354,🟡 STOPPED (BOARDING?),0.0
2026-01-23T19:39:39.284172,99,88230,32.0003,36.014828,0,0,58-88230,🛑 PARKED (EXTREME),0.0
2026-01-23T19:40:17.806921,99,11924,32.0208,35.84267,287.7,0,58-11924,🛑 PARKED (EXTREME),0.0
2026-01-23T19:40:17.806921,99,93341,32.02083,35.84273,298,0,58-93341,🛑 PARKED (EXTREME),0.0
2026-01-23T19:40:17.806921,99,97599,32.018654,35.8649,137.5,0,58-97599,🟢 MOVING,0.6221926509987358
2026-01-23T19:40:17.806921,99,11014,31.985954,35.897366,129.19,0,58-11014,🟡 STOPPED (BOARDING?),0.0
2026-01-23T19:40:17.806921,99,61004,31.958427,35.87926,206.5,0,58-61004,🟢 MOVING,15.553882761636242
2026-01-23T19:40:17.806921,99,69779,31.95487,35.885242,111.3,0,58-69779,🟢 MOVING,2.639568336626502
2026-01-23T19:40:17.806921,99,68570,31.94628,35.92664,97.6,0,58-68570,🟡 STOPPED (BOARDING?),0.0
2026-01-23T19:40:17.806921,99,25354,31.946314,35.926666,102,0,58-25354,🟡 STOPPED (BOARDING?),0.0
2026-01-23T19:40:17.806921,99,88230,32.0003,36.014828,0,0,58-88230,🛑 PARKED (EXTREME),0.0
2026-01-23T19:40:49.128041,99,11924,32.0208,35.84267,287.7,0,58-11924,🛑 PARKED (EXTREME),0.0
2026-01-23T19:40:49.128041,99,93341,32.02083,35.84273,298,0,58-93341,🛑 PARKED (EXTREME),0.0
2026-01-23T19:40:49.128041,99,97599,32.017242,35.866253,141.69,0,58-97599,🟢 MOVING,6.4333614847713925
2026-01-23T19:40:49.128041,99,11014,31.985317,35.89788,134.5,0,58-11014,🟢 MOVING,2.729984685889623
2026-01-23T19:40:49.128041,99,61004,31.956827,35.881317,122.3,0,58-61004,🟢 MOVING,8.373725180370768
2026-01-23T19:40:49.128041,99,69779,31.953594,35.888817,116.1,0,58-69779,🟢 MOVING,11.638348629940513
2026-01-23T19:40:49.128041,99,68570,31.94628,35.92664,97.6,0,58-68570,🟡 STOPPED (BOARDING?),0.0
2026-01-23T19:40:49.128041,99,25354,31.946314,35.926666,102,0,58-25354,🟡 STOPPED (BOARDING?),0.0
2026-01-23T19:40:49.128041,99,88230,32.0003,36.014828,0,0,58-88230,🛑 PARKED (EXTREME),0.0
2026-01-23T19:41:22.931656,99,11924,32.0208,35.84267,287.7,0,58-11924,🛑 PARKED (EXTREME),0.0
2026-01-23T19:41:22.931656,99,93341,32.02083,35.84273,298,0,58-93341,🛑 PARKED (EXTREME),0.0
2026-01-23T19:41:22.931656,99,97599,32.01516,35.86813,143,0,58-97599,🟢 MOVING,8.594273291204896
2026-01-23T19:41:22.931656,99,11014,31.9853,35.897877,134.5,0,58-11014,🟡 STOPPED (BOARDING?),0.0
2026-01-23T19:41:22.931656,99,61004,31.955208,35.884323,116.5,0,58-61004,🟢 MOVING,9.902502945727209
2026-01-23T19:41:22.931656,99,69779,31.952335,35.891815,116,0,58-69779,🟢 MOVING,9.303755658304452
2026-01-23T19:41:22.931656,99,68570,31.94628,35.92664,97.6,0,58-68570,🟡 STOPPED (BOARDING?),0.0
2026-01-23T19:41:22.931656,99,25354,31.946314,35.926666,102,0,58-25354,🟡 STOPPED (BOARDING?),0.0
2026-01-23T19:41:22.931656,99,88230,32.0003,36.014828,0,0,58-88230,🛑 PARKED (EXTREME),0.0
2026-01-23T19:42:03.898203,99,10987,32.020863,35.842335,0,0,58-10987,🟢 MOVING,3.508162673315394
2026-01-23T19:42:03.898203,99,11924,32.0208,35.84267,287.7,0,58-11924,🛑 PARKED (EXTREME),0.0
2026-01-23T19:42:03.898203,99,93341,32.022285,35.845276,72.4,0,58-93341,🟢 MOVING,7.076806261857935
2026-01-23T19:42:03.898203,99,97599,32.012203,35.870274,156.4,0,58-97599,🟢 MOVING,9.433785005831545
2026-01-23T19:42:03.898203,99,11014,31.985365,35.89835,38.6,0,58-11014,🟢 MOVING,1.1049914880742095
2026-01-23T19:42:03.898203,99,61004,31.955214,35.884323,118.2,0,58-61004,🟡 STOPPED (BOARDING?),0.0
2026-01-23T19:42:03.898203,99,69779,31.95182,35.89665,88.7,0,58-69779,🟢 MOVING,11.241399729433
2026-01-23T19:42:03.898203,99,68570,31.94628,35.92664,97.6,0,58-68570,🟡 STOPPED (BOARDING?),0.0
2026-01-23T19:42:03.898203,99,25354,31.946314,35.926666,102,0,58-25354,🟡 STOPPED (BOARDING?),0.0
2026-01-23T19:42:03.898203,99,88230,32.0003,36.014828,0,0,58-88230,🛑 PARKED (EXTREME),0.0
2026-01-23T19:42:43.718917,99,10987,32.020863,35.842335,0,0,58-10987,🛑 PARKED (EXTREME),0.0
2026-01-23T19:42:43.718917,99,11924,32.0208,35.84267,287.7,0,58-11924,🛑 PARKED (EXTREME),0.0
2026-01-23T19:42:43.718917,99,93341,32.02334,35.84916,72,0,58-93341,🟢 MOVING,9.654673969833892
2026-01-23T19:42:43.718917,99,97599,32.007633,35.871975,162.69,0,58-97599,🟢 MOVING,13.383902268499812
2026-01-23T19:42:43.718917,99,11014,31.985188,35.89689,226,0,58-11014,🟢 MOVING,3.4936619759839123
2026-01-23T19:42:43.718917,99,61004,31.954374,35.886765,111.1,0,58-61004,🟢 MOVING,6.244104585465329
2026-01-23T19:42:43.718917,99,69779,31.951767,35.898228,99.2,0,58-69779,🟢 MOVING,3.7423282152469786
2026-01-23T19:42:43.718917,99,68570,31.94628,35.92664,97.6,0,58-68570,🟡 STOPPED (BOARDING?),0.0
2026-01-23T19:42:43.718917,99,25354,31.946314,35.926666,102,0,58-25354,🟡 STOPPED (BOARDING?),0.0
2026-01-23T19:42:43.718917,99,88230,32.0003,36.014828,0,0,58-88230,🛑 PARKED (EXTREME),0.0
2026-01-23T19:43:18.771397,99,10987,32.020863,35.842335,0,0,58-10987,🛑 PARKED (EXTREME),0.0
2026-01-23T19:43:18.771397,99,11924,32.0208,35.84267,287.7,0,58-11924,🛑 PARKED (EXTREME),0.0
2026-01-23T19:43:18.771397,99,93341,32.02438,35.852875,72.8,0,58-93341,🟢 MOVING,10.53406899874991
2026-01-23T19:43:18.771397,99,97599,32.00456,35.873634,151.5,0,58-97599,🟢 MOVING,10.733436755583876
2026-01-23T19:43:18.771397,99,11014,31.983553,35.895126,218.9,0,58-11014,🟢 MOVING,7.038538547598302
2026-01-23T19:43:18.771397,99,61004,31.952616,35.891174,116.2,0,58-61004,🟢 MOVING,13.12709906243454
2026-01-23T19:43:18.771397,99,69779,31.948618,35.903263,146,0,58-69779,🟢 MOVING,16.85538492951089
2026-01-23T19:43:18.771397,99,68570,31.94628,35.92664,97.6,0,58-68570,🟡 STOPPED (BOARDING?),0.0
2026-01-23T19:43:18.771397,99,88230,32.0003,36.014828,0,0,58-88230,🛑 PARKED (EXTREME),0.0
2026-01-23T19:43:56.006837,99,10987,32.020863,35.842335,0,0,58-10987,🛑 PARKED (EXTREME),0.0
2026-01-23T19:43:56.006837,99,11924,32.0208,35.84267,287.7,0,58-11924,🛑 PARKED (EXTREME),0.0
2026-01-23T19:43:56.006837,99,93341,32.02476,35.854183,81.5,0,58-93341,🟢 MOVING,3.4669726806066143
2026-01-23T19:43:56.006837,99,97599,32.001625,35.876225,135.9,0,58-97599,🟢 MOVING,10.843317456955873
2026-01-23T19:43:56.006837,99,11014,31.98086,35.891953,227.3,0,58-11014,🟢 MOVING,11.26032530920546
2026-01-23T19:43:56.006837,99,61004,31.951815,35.896763,86.3,0,58-61004,🟢 MOVING,14.223927819194925
2026-01-23T19:43:56.006837,99,69779,31.945526,35.90676,129.8,0,58-69779,🟢 MOVING,12.674538923964713
2026-01-23T19:43:56.006837,99,68570,31.94628,35.92664,97.6,0,58-68570,🟡 STOPPED (BOARDING?),0.0
2026-01-23T19:43:56.006837,99,88230,32.0003,36.014828,0,0,58-88230,🛑 PARKED (EXTREME),0.0
2026-01-23T19:44:34.128403,99,10987,32.020863,35.842335,0,0,58-10987,🛑 PARKED (EXTREME),0.0
2026-01-23T19:44:34.128403,99,11924,32.0208,35.84267,287.7,0,58-11924,🛑 PARKED (EXTREME),0.0
2026-01-23T19:44:34.128403,99,93341,32.024757,35.854183,81.5,0,58-93341,🟡 STOPPED (BOARDING?),0.0
2026-01-23T19:44:34.128403,99,97599,31.999067,35.87992,127.1,0,58-97599,🟢 MOVING,11.852703148625963
2026-01-23T19:44:34.128403,99,11014,31.979927,35.890953,219.2,0,58-11014,🟢 MOVING,3.6947980366660613
2026-01-23T19:44:34.128403,99,61004,31.949944,35.901993,135,0,58-61004,🟢 MOVING,14.111654039695953
2026-01-23T19:44:34.128403,99,69779,31.946354,35.908794,64.2,0,58-69779,🟢 MOVING,5.609193157254037
2026-01-23T19:44:34.128403,99,68570,31.94628,35.92664,97.6,0,58-68570,🟡 STOPPED (BOARDING?),0.0
2026-01-23T19:44:34.128403,99,88230,32.0003,36.014828,0,0,58-88230,🛑 PARKED (EXTREME),0.0
2026-01-23T19:45:07.311908,99,10987,32.020863,35.842335,0,0,58-10987,🛑 PARKED (EXTREME),0.0
2026-01-23T19:45:07.311908,99,11924,32.0208,35.84267,287.7,0,58-11924,🛑 PARKED (EXTREME),0.0
2026-01-23T19:45:07.311908,99,93341,32.024734,35.85491,88.2,0,58-93341,🟢 MOVING,2.081592049296595
2026-01-23T19:45:07.311908,99,97599,31.998484,35.880844,133.1,0,58-97599,🟢 MOVING,3.2962019120314636
2026-01-23T19:45:07.311908,99,11014,31.978554,35.889515,222.6,0,58-11014,🟢 MOVING,6.197768390957394
2026-01-23T19:45:07.311908,99,61004,31.945917,35.906124,127.3,0,58-61004,🟢 MOVING,18.016890237223464
2026-01-23T19:45:07.311908,99,69779,31.948172,35.913605,76,0,58-69779,🟢 MOVING,15.080717802088648
2026-01-23T19:45:07.311908,99,68570,31.94628,35.92664,97.6,0,58-68570,🟡 STOPPED (BOARDING?),0.0
2026-01-23T19:45:07.311908,99,88230,32.0003,36.014828,0,0,58-88230,🛑 PARKED (EXTREME),0.0
2026-01-23T19:45:47.635673,99,10987,32.020863,35.842335,0,0,58-10987,🛑 PARKED (EXTREME),0.0
2026-01-23T19:45:47.635673,99,11924,32.0208,35.84267,287.7,0,58-11924,🛑 PARKED (EXTREME),0.0
2026-01-23T19:45:47.635673,99,93341,32.02475,35.85507,86.7,0,58-93341,🟢 MOVING,0.37725683644846514
2026-01-23T19:45:47.635673,99,97599,31.998014,35.88153,128.1,0,58-97599,🟢 MOVING,2.0656606120107326
2026-01-23T19:45:47.635673,99,11014,31.976534,35.88788,205.2,0,58-11014,🟢 MOVING,6.767864050878311
2026-01-23T19:45:47.635673,99,61004,31.945545,35.90673,131.19,0,58-61004,🟢 MOVING,1.753008704054054
2026-01-23T19:45:47.635673,99,69779,31.94801,35.91555,121.5,0,58-69779,🟢 MOVING,4.580399207682987
2026-01-23T19:45:47.635673,99,68570,31.94628,35.92664,97.6,0,58-68570,🟡 STOPPED (BOARDING?),0.0
2026-01-23T19:45:47.635673,99,88230,32.0003,36.014828,0,0,58-88230,🛑 PARKED (EXTREME),0.0
2026-01-23T19:46:24.122233,99,10987,32.020863,35.842335,0,0,58-10987,🛑 PARKED (EXTREME),0.0
2026-01-23T19:46:24.122233,99,11924,32.0208,35.84267,287.7,0,58-11924,🛑 PARKED (EXTREME),0.0
2026-01-23T19:46:24.122233,99,93341,32.024666,35.85607,104.5,0,58-93341,🟢 MOVING,2.58381221953038
2026-01-23T19:46:24.122233,99,97599,31.995834,35.884983,127.6,0,58-97599,🟢 MOVING,11.067271257329937
2026-01-23T19:46:24.122233,99,11014,31.97645,35.887814,205.2,0,58-11014,🟢 MOVING,0.3060226852754757
2026-01-23T19:46:24.122233,99,61004,31.946896,35.910133,63.6,0,58-61004,🟢 MOVING,9.664482417539514
2026-01-23T19:46:24.122233,99,69779,31.945871,35.919754,102.9,0,58-69779,🟢 MOVING,12.6092565602064
2026-01-23T19:46:24.122233,99,88230,32.0003,36.014828,0,0,58-88230,🛑 PARKED (EXTREME),0.0
2026-01-23T19:47:02.693188,99,10987,32.020863,35.842335,0,0,58-10987,🛑 PARKED (EXTREME),0.0
2026-01-23T19:47:02.693188,99,11924,32.0208,35.84267,287.7,0,58-11924,🛑 PARKED (EXTREME),0.0
2026-01-23T19:47:02.693188,99,93341,32.019356,35.864082,134.5,0,58-93341,🟢 MOVING,24.99613675468933
2026-01-23T19:47:02.693188,99,97599,31.995077,35.88623,126.9,0,58-97599,🟢 MOVING,3.7715839405796108
2026-01-23T19:47:02.693188,99,11014,31.973148,35.886402,188.5,0,58-11014,🟢 MOVING,10.186096330298579
2026-01-23T19:47:02.693188,99,61004,31.948257,35.91458,92.8,0,58-61004,🟢 MOVING,11.632686543096954
2026-01-23T19:47:02.693188,99,69779,31.945997,35.92352,67.9,0,58-69779,🟢 MOVING,9.274312449691227
2026-01-23T19:47:02.693188,99,88230,32.0003,36.014828,0,0,58-88230,🛑 PARKED (EXTREME),0.0
2026-01-23T19:47:39.431096,99,10987,32.020863,35.842335,0,0,58-10987,🛑 PARKED (EXTREME),0.0
2026-01-23T19:47:39.431096,99,11924,32.0208,35.84267,287.7,0,58-11924,🛑 PARKED (EXTREME),0.0
2026-01-23T19:47:39.431096,99,93341,32.018875,35.86466,136.5,0,58-93341,🟢 MOVING,2.016454833799558
2026-01-23T19:47:39.431096,99,97599,31.99308,35.88934,129.1,0,58-97599,🟢 MOVING,9.715439331721937
2026-01-23T19:47:39.431096,99,11014,31.971437,35.8862,180.7,0,58-11014,🟢 MOVING,5.049784905699845
2026-01-23T19:47:39.431096,99,61004,31.948029,35.91557,121.2,0,58-61004,🟢 MOVING,2.556179654703192
2026-01-23T19:47:39.431096,99,69779,31.946344,35.926,90.4,0,58-69779,🟢 MOVING,6.263367646390996
2026-01-23T19:47:39.431096,99,88230,32.0003,36.014828,0,0,58-88230,🛑 PARKED (EXTREME),0.0
2026-01-23T19:48:20.929346,99,10987,32.020863,35.842335,0,0,58-10987,🛑 PARKED (EXTREME),0.0
2026-01-23T19:48:20.929346,99,11924,32.0208,35.84267,287.7,0,58-11924,🛑 PARKED (EXTREME),0.0
2026-01-23T19:48:20.929346,99,93341,32.018856,35.864674,134.4,0,58-93341,🟡 STOPPED (BOARDING?),0.0
2026-01-23T19:48:20.929346,99,97599,31.992544,35.890194,126.9,0,58-97599,🟢 MOVING,2.4785263314249972
2026-01-23T19:48:20.929346,99,11014,31.96771,35.886765,167.6,0,58-11014,🟢 MOVING,10.336318046630856
2026-01-23T19:48:20.929346,99,61004,31.945593,35.920956,104.8,0,58-61004,🟢 MOVING,14.24497060131894
2026-01-23T19:48:20.929346,99,69779,31.946344,35.926,90.4,0,58-69779,🟡 STOPPED (BOARDING?),0.0
2026-01-23T19:48:20.929346,99,88230,32.0003,36.014828,0,0,58-88230,🛑 PARKED (EXTREME),0.0
2026-01-23T19:49:00.594660,99,10987,32.020863,35.842335,0,0,58-10987,🛑 PARKED (EXTREME),0.0
2026-01-23T19:49:00.594660,99,11924,32.0208,35.84267,287.7,0,58-11924,🛑 PARKED (EXTREME),0.0
2026-01-23T19:49:00.594660,99,93341,32.016872,35.86656,142,0,58-93341,🟢 MOVING,7.148914959056681
2026-01-23T19:49:00.594660,99,97599,31.992212,35.89072,128.5,0,58-97599,🟢 MOVING,1.56009423594836
2026-01-23T19:49:00.594660,99,11014,31.96679,35.88695,216.8,0,58-11014,🟢 MOVING,2.6183099630903133
2026-01-23T19:49:00.594660,99,61004,31.946306,35.92508,84.5,0,58-61004,🟢 MOVING,10.019668796189347
2026-01-23T19:49:00.594660,99,88230,32.0003,36.014828,0,0,58-88230,🛑 PARKED (EXTREME),0.0
2026-01-23T19:49:36.715985,99,10987,32.020863,35.842335,0,0,58-10987,🛑 PARKED (EXTREME),0.0
2026-01-23T19:49:36.715985,99,11924,32.022312,35.843212,90.6,0,58-11924,🟢 MOVING,4.847919246246107
2026-01-23T19:49:36.715985,99,93341,32.015102,35.868168,137.4,0,58-93341,🟢 MOVING,6.85368635051797
2026-01-23T19:49:36.715985,99,97599,31.989853,35.8935,138.6,0,58-97599,🟢 MOVING,10.231221220546015
2026-01-23T19:49:36.715985,99,11014,31.965376,35.884846,220.4,0,58-11014,🟢 MOVING,6.985346436998392
2026-01-23T19:49:36.715985,99,61004,31.945826,35.92857,119.8,0,58-61004,🟢 MOVING,9.202943992944146
2026-01-23T19:49:36.715985,99,88230,32.0003,36.014828,0,0,58-88230,🛑 PARKED (EXTREME),0.0
2026-01-23T19:50:11.498616,99,47376,32.020824,35.842716,308.7,0,58-47376,🟢 MOVING,3.3818875686525924
2026-01-23T19:50:11.498616,99,10987,32.020863,35.842335,0,0,58-10987,🛑 PARKED (EXTREME),0.0
2026-01-23T19:50:11.498616,99,11924,32.021408,35.842514,93.2,0,58-11924,🟢 MOVING,3.4449044410566425
2026-01-23T19:50:11.498616,99,93341,32.01401,35.869137,148.5,0,58-93341,🟢 MOVING,4.357322237843011
2026-01-23T19:50:11.498616,99,97599,31.98848,35.89495,137.6,0,58-97599,🟢 MOVING,5.87718762691972
2026-01-23T19:50:11.498616,99,11014,31.963785,35.883385,217.8,0,58-11014,🟢 MOVING,6.430627107968421
2026-01-23T19:50:11.498616,99,61004,31.945326,35.928734,199.4,0,58-61004,🟢 MOVING,1.6548423251186843
2026-01-23T19:50:11.498616,99,88230,32.0003,36.014828,0,0,58-88230,🛑 PARKED (EXTREME),0.0
2026-01-23T19:50:45.163839,99,47376,32.020824,35.842716,308.7,0,58-47376,🛑 PARKED (EXTREME),0.0
2026-01-23T19:50:45.163839,99,10987,32.020863,35.842335,0,0,58-10987,🛑 PARKED (EXTREME),0.0
2026-01-23T19:50:45.163839,99,11924,32.021866,35.843822,67,0,58-11924,🟢 MOVING,3.931384323153137
2026-01-23T19:50:45.163839,99,93341,32.009308,35.87141,163.1,0,58-93341,🟢 MOVING,16.650634107163366
2026-01-23T19:50:45.163839,99,97599,31.98728,35.89612,146.3,0,58-97599,🟢 MOVING,5.10218936031116
2026-01-23T19:50:45.163839,99,11014,31.962303,35.88215,211.9,0,58-11014,🟢 MOVING,5.946932457414128
2026-01-23T19:50:45.163839,99,61004,31.945324,35.928738,199.4,0,58-61004,🛑 PARKED (EXTREME),0.0
2026-01-23T19:50:45.163839,99,88230,32.0003,36.014828,0,0,58-88230,🛑 PARKED (EXTREME),0.0
2026-01-23T19:51:17.835353,99,47376,32.020824,35.842716,308.7,0,58-47376,🛑 PARKED (EXTREME),0.0
2026-01-23T19:51:17.835353,99,10987,32.020863,35.842335,0,0,58-10987,🛑 PARKED (EXTREME),0.0
2026-01-23T19:51:17.835353,99,11924,32.022923,35.847702,72.4,0,58-11924,🟢 MOVING,11.899978100337684
2026-01-23T19:51:17.835353,99,93341,32.005016,35.87334,153.5,0,58-93341,🟢 MOVING,15.819879137744886
2026-01-23T19:51:17.835353,99,97599,31.985922,35.897366,158.19,0,58-97599,🟢 MOVING,5.926339909719822
2026-01-23T19:51:17.835353,99,11014,31.959517,35.880016,213.8,0,58-11014,🟢 MOVING,11.443102246397592
2026-01-23T19:51:17.835353,99,61004,31.945324,35.928738,199.4,0,58-61004,🛑 PARKED (EXTREME),0.0
2026-01-23T19:51:17.835353,99,88230,32.0003,36.014828,0,0,58-88230,🛑 PARKED (EXTREME),0.0
2026-01-23T19:51:51.645680,99,47376,32.020824,35.842716,308.7,0,58-47376,🛑 PARKED (EXTREME),0.0
2026-01-23T19:51:51.645680,99,10987,32.020863,35.842335,0,0,58-10987,🛑 PARKED (EXTREME),0.0
2026-01-23T19:51:51.645680,99,11924,32.023956,35.851215,70.9,0,58-11924,🟢 MOVING,10.337760800779062
2026-01-23T19:51:51.645680,99,93341,32.004566,35.873634,152.1,0,58-93341,🟢 MOVING,1.6870020750152872
2026-01-23T19:51:51.645680,99,97599,31.985338,35.897877,137.8,0,58-97599,🟢 MOVING,2.384868885856118
2026-01-23T19:51:51.645680,99,11014,31.95835,35.87921,207.7,0,58-11014,🟢 MOVING,4.435494348014542
2026-01-23T19:51:51.645680,99,61004,31.945324,35.928738,199.4,0,58-61004,🛑 PARKED (EXTREME),0.0
2026-01-23T19:51:51.645680,99,88230,32.0003,36.014828,0,0,58-88230,🛑 PARKED (EXTREME),0.0
2026-01-23T19:52:26.645597,99,47376,32.020824,35.842716,308.7,0,58-47376,🛑 PARKED (EXTREME),0.0
2026-01-23T19:52:26.645597,99,10987,32.020863,35.842335,0,0,58-10987,🛑 PARKED (EXTREME),0.0
2026-01-23T19:52:26.645597,99,11924,32.024696,35.854046,70.9,0,58-11924,🟢 MOVING,7.971317527338566
2026-01-23T19:52:26.645597,99,93341,31.999163,35.879696,126.5,0,58-93341,🟢 MOVING,23.669116963371657
2026-01-23T19:52:26.645597,99,97599,31.985336,35.897877,137.8,0,58-97599,🟡 STOPPED (BOARDING?),0.0
2026-01-23T19:52:26.645597,99,11014,31.95496,35.884945,111.5,0,58-11014,🟢 MOVING,18.82109408738094
2026-01-23T19:52:26.645597,99,61004,31.945324,35.928738,199.4,0,58-61004,🛑 PARKED (EXTREME),0.0
2026-01-23T19:52:26.645597,99,88230,32.0003,36.014828,0,0,58-88230,🛑 PARKED (EXTREME),0.0
2026-01-23T19:53:06.702131,99,47376,32.020824,35.842716,308.7,0,58-47376,🛑 PARKED (EXTREME),0.0
2026-01-23T19:53:06.702131,99,10987,32.020863,35.842335,0,0,58-10987,🛑 PARKED (EXTREME),0.0
2026-01-23T19:53:06.702131,99,11924,32.023556,35.859028,127.9,0,58-11924,🟢 MOVING,12.219541094405058
2026-01-23T19:53:06.702131,99,93341,31.99697,35.883152,126.6,0,58-93341,🟢 MOVING,10.224014108695284
2026-01-23T19:53:06.702131,99,97599,31.98531,35.89791,137.8,0,58-97599,🟡 STOPPED (BOARDING?),0.0
2026-01-23T19:53:06.702131,99,11014,31.953926,35.888035,115.6,0,58-11014,🟢 MOVING,7.8716280194639605
2026-01-23T19:53:06.702131,99,61004,31.945324,35.928738,199.4,0,58-61004,🛑 PARKED (EXTREME),0.0
2026-01-23T19:53:06.702131,99,88230,32.0003,36.014828,0,0,58-88230,🛑 PARKED (EXTREME),0.0
2026-01-23T19:53:47.024243,99,47376,32.020824,35.842716,308.7,0,58-47376,🛑 PARKED (EXTREME),0.0
2026-01-23T19:53:47.024243,99,10987,32.020863,35.842335,0,0,58-10987,🛑 PARKED (EXTREME),0.0
2026-01-23T19:53:47.024243,99,11924,32.02107,35.86202,134.3,0,58-11924,🟢 MOVING,9.758282998765404
2026-01-23T19:53:47.024243,99,93341,31.993925,35.88799,125.7,0,58-93341,🟢 MOVING,14.03798954776095
2026-01-23T19:53:47.024243,99,97599,31.98591,35.89765,251.4,0,58-97599,🟢 MOVING,1.7562714739103562
2026-01-23T19:53:47.024243,99,11014,31.953714,35.888546,115.8,0,58-11014,🟢 MOVING,1.325976344529356
2026-01-23T19:53:47.024243,99,61004,31.945324,35.928738,199.4,0,58-61004,🛑 PARKED (EXTREME),0.0
2026-01-23T19:53:47.024243,99,88230,32.0003,36.014828,0,0,58-88230,🛑 PARKED (EXTREME),0.0
2026-01-23T19:54:18.933314,99,47376,32.020824,35.842716,308.7,0,58-47376,🛑 PARKED (EXTREME),0.0
2026-01-23T19:54:18.933314,99,10987,32.020863,35.842335,0,0,58-10987,🛑 PARKED (EXTREME),0.0
2026-01-23T19:54:18.933314,99,11924,32.018932,35.86456,137.4,0,58-11924,🟢 MOVING,10.49325620227351
2026-01-23T19:54:18.933314,99,93341,31.992876,35.889633,124.2,0,58-93341,🟢 MOVING,6.031032706219377
2026-01-23T19:54:18.933314,99,97599,31.983948,35.895523,221.9,0,58-97599,🟢 MOVING,9.216449306103996
2026-01-23T19:54:18.933314,99,11014,31.952003,35.892635,112.4,0,58-11014,🟢 MOVING,13.376381467734467
2026-01-23T19:54:18.933314,99,61004,31.945324,35.928738,199.4,0,58-61004,🛑 PARKED (EXTREME),0.0
2026-01-23T19:54:18.933314,99,88230,32.0003,36.014828,0,0,58-88230,🛑 PARKED (EXTREME),0.0
2026-01-23T19:54:51.403584,99,47376,32.020824,35.842716,308.7,0,58-47376,🛑 PARKED (EXTREME),0.0
2026-01-23T19:54:51.403584,99,10987,32.020863,35.842335,0,0,58-10987,🛑 PARKED (EXTREME),0.0
2026-01-23T19:54:51.403584,99,11924,32.018642,35.864834,138.3,0,58-11924,🟢 MOVING,1.2687485425360188
2026-01-23T19:54:51.403584,99,93341,31.992527,35.890186,125.9,0,58-93341,🟢 MOVING,1.996136455001677
2026-01-23T19:54:51.403584,99,97599,31.982246,35.893612,227.3,0,58-97599,🟢 MOVING,8.025231546594556
2026-01-23T19:54:51.403584,99,11014,31.951843,35.897522,92.6,0,58-11014,🟢 MOVING,14.168928443526799
2026-01-23T19:54:51.403584,99,61004,31.945324,35.928738,199.4,0,58-61004,🛑 PARKED (EXTREME),0.0
2026-01-23T19:54:51.403584,99,88230,32.0003,36.014828,0,0,58-88230,🛑 PARKED (EXTREME),0.0
2026-01-23T19:55:30.947537,99,47376,32.020824,35.842716,308.7,0,58-47376,🛑 PARKED (EXTREME),0.0
2026-01-23T19:55:30.947537,99,10987,32.020863,35.842335,0,0,58-10987,🛑 PARKED (EXTREME),0.0
2026-01-23T19:55:30.947537,99,11924,32.018257,35.865284,139,0,58-11924,🟢 MOVING,1.5352377910581312
2026-01-23T19:55:30.947537,99,93341,31.990368,35.89292,138.1,0,58-93341,🟢 MOVING,8.9737241082673
2026-01-23T19:55:30.947537,99,97599,31.980797,35.89195,223.9,0,58-97599,🟢 MOVING,5.725680509931191
2026-01-23T19:55:30.947537,99,11014,31.946396,35.905342,130.19,0,58-11014,🟢 MOVING,24.31397127640099
2026-01-23T19:55:30.947537,99,61004,31.945324,35.928738,199.4,0,58-61004,🛑 PARKED (EXTREME),0.0
2026-01-23T19:55:30.947537,99,88230,32.0003,36.014828,0,0,58-88230,🛑 PARKED (EXTREME),0.0
2026-01-23T19:56:07.040899,99,47376,32.020824,35.842716,308.7,0,58-47376,🛑 PARKED (EXTREME),0.0
2026-01-23T19:56:07.040899,99,10987,32.020863,35.842335,0,0,58-10987,🛑 PARKED (EXTREME),0.0
2026-01-23T19:56:07.040899,99,11924,32.015198,35.868103,140.19,0,58-11924,🟢 MOVING,12.041328973620566
2026-01-23T19:56:07.040899,99,93341,31.987814,35.8956,145.69,0,58-93341,🟢 MOVING,10.604972247543405
2026-01-23T19:56:07.040899,99,97599,31.978798,35.88981,224.1,0,58-97599,🟢 MOVING,8.375366848696773
2026-01-23T19:56:07.040899,99,11014,31.945797,35.907623,55.5,0,58-11014,🟢 MOVING,6.284500514260453
2026-01-23T19:56:07.040899,99,61004,31.945324,35.928738,199.4,0,58-61004,🛑 PARKED (EXTREME),0.0
2026-01-23T19:56:07.040899,99,88230,32.0003,36.014828,0,0,58-88230,🛑 PARKED (EXTREME),0.0
2026-01-23T19:56:47.835338,99,47376,32.020824,35.842716,308.7,0,58-47376,🛑 PARKED (EXTREME),0.0
2026-01-23T19:56:47.835338,99,10987,32.020863,35.842335,0,0,58-10987,🛑 PARKED (EXTREME),0.0
2026-01-23T19:56:47.835338,99,11924,32.01485,35.86844,139.1,0,58-11924,🟢 MOVING,1.2106374783499416
2026-01-23T19:56:47.835338,99,93341,31.98605,35.897247,136.4,0,58-93341,🟢 MOVING,6.049759599249815
2026-01-23T19:56:47.835338,99,97599,31.976536,35.887856,204.9,0,58-97599,🟢 MOVING,7.539966430199127
2026-01-23T19:56:47.835338,99,11014,31.947496,35.91161,63.3,0,58-11014,🟢 MOVING,10.1790289114676
2026-01-23T19:56:47.835338,99,61004,31.945324,35.928738,199.4,0,58-61004,🛑 PARKED (EXTREME),0.0
2026-01-23T19:56:47.835338,99,88230,32.0003,36.014828,0,0,58-88230,🛑 PARKED (EXTREME),0.0
2026-01-23T19:57:21.006532,99,47376,32.020824,35.842716,308.7,0,58-47376,🛑 PARKED (EXTREME),0.0
2026-01-23T19:57:21.006532,99,10987,32.020863,35.842335,0,0,58-10987,🛑 PARKED (EXTREME),0.0
2026-01-23T19:57:21.006532,99,11924,32.011597,35.87058,158.5,0,58-11924,🟢 MOVING,12.627738325308908
2026-01-23T19:57:21.006532,99,93341,31.985308,35.89786,127.7,0,58-93341,🟢 MOVING,3.071558399090682
2026-01-23T19:57:21.006532,99,97599,31.976057,35.88758,204.8,0,58-97599,🟢 MOVING,1.8074570482013452
2026-01-23T19:57:21.006532,99,11014,31.948235,35.914845,101.8,0,58-11014,🟢 MOVING,9.637188021319375
2026-01-23T19:57:21.006532,99,61004,31.945324,35.928738,199.4,0,58-61004,🛑 PARKED (EXTREME),0.0
2026-01-23T19:57:21.006532,99,88230,32.0003,36.014828,0,0,58-88230,🛑 PARKED (EXTREME),0.0
2026-01-23T19:58:02.310273,99,67678,32.02077,35.842747,286.6,0,58-67678,🟢 MOVING,3.924269896153654
2026-01-23T19:58:02.310273,99,11529,32.020767,35.842728,289.89,0,58-11529,🟢 MOVING,3.889288574795619
2026-01-23T19:58:02.310273,99,47376,32.020824,35.842716,308.7,0,58-47376,🛑 PARKED (EXTREME),0.0
2026-01-23T19:58:02.310273,99,10987,32.020863,35.842335,0,0,58-10987,🛑 PARKED (EXTREME),0.0
2026-01-23T19:58:02.310273,99,11924,32.010372,35.87101,165.4,0,58-11924,🟢 MOVING,3.4332920715767865
2026-01-23T19:58:02.310273,99,93341,31.985888,35.897972,310.6,0,58-93341,🟢 MOVING,1.5787677435631733
2026-01-23T19:58:02.310273,99,97599,31.972078,35.88626,185.6,0,58-97599,🟢 MOVING,11.10363789951288
2026-01-23T19:58:02.310273,99,11014,31.948128,35.91532,111.5,0,58-11014,🟢 MOVING,1.120185137947359
2026-01-23T19:58:02.310273,99,88230,32.0003,36.014828,0,0,58-88230,🛑 PARKED (EXTREME),0.0
2026-01-23T19:58:38.025638,99,67678,32.020844,35.842594,302.6,0,58-67678,🟢 MOVING,0.4692757151377823
2026-01-23T19:58:38.025638,99,11529,32.020786,35.8425,271.62,0,58-11529,🟢 MOVING,0.6103563244699242
2026-01-23T19:58:38.025638,99,47376,32.020824,35.842716,308.7,0,58-47376,🛑 PARKED (EXTREME),0.0
2026-01-23T19:58:38.025638,99,10987,32.02134,35.842884,51.3,0,58-10987,🟢 MOVING,2.0942306156835486
2026-01-23T19:58:38.025638,99,11924,32.005047,35.873325,155.9,0,58-11924,🟢 MOVING,17.833198555493908
2026-01-23T19:58:38.025638,99,93341,31.985819,35.897568,226.7,0,58-93341,🟢 MOVING,1.09834462927178
2026-01-23T19:58:38.025638,99,97599,31.969425,35.88638,174.7,0,58-97599,🟢 MOVING,8.342488927162137
2026-01-23T19:58:38.025638,99,11014,31.94781,35.91592,123.6,0,58-11014,🟢 MOVING,1.8861916312498677
2026-01-23T19:58:38.025638,99,88230,32.0003,36.014828,0,0,58-88230,🛑 PARKED (EXTREME),0.0
2026-01-23T19:59:14.393832,99,67678,32.020844,35.842594,302.6,0,58-67678,🛑 PARKED (EXTREME),0.0
2026-01-23T19:59:14.393832,99,11529,32.020786,35.8425,271.62,0,58-11529,🛑 PARKED (EXTREME),0.0
2026-01-23T19:59:14.393832,99,47376,32.020824,35.842716,308.7,0,58-47376,🛑 PARKED (EXTREME),0.0
2026-01-23T19:59:14.393832,99,10987,32.022778,35.84707,71.92,0,58-10987,🟢 MOVING,11.588727766438744
2026-01-23T19:59:14.393832,99,11924,32.00485,35.873463,150.69,0,58-11924,🟢 MOVING,0.6934381774806351
2026-01-23T19:59:14.393832,99,93341,31.983904,35.89549,219.9,0,58-93341,🟢 MOVING,7.87639592648011
2026-01-23T19:59:14.393832,99,97599,31.967278,35.88691,167.2,0,58-97599,🟢 MOVING,6.638426508040351
2026-01-23T19:59:14.393832,99,11014,31.94667,35.917786,126.5,0,58-11014,🟢 MOVING,5.9045183269649115
2026-01-23T19:59:14.393832,99,88230,32.0003,36.014828,0,0,58-88230,🛑 PARKED (EXTREME),0.0
2026-01-23T19:59:51.404814,99,67678,32.020844,35.842594,302.6,0,58-67678,🛑 PARKED (EXTREME),0.0
2026-01-23T19:59:51.404814,99,11529,32.020786,35.8425,271.62,0,58-11529,🛑 PARKED (EXTREME),0.0
2026-01-23T19:59:51.404814,99,47376,32.020824,35.842716,308.7,0,58-47376,🛑 PARKED (EXTREME),0.0
2026-01-23T19:59:51.404814,99,10987,32.023106,35.848248,0,0,58-10987,🟢 MOVING,3.174856376858195
2026-01-23T19:59:51.404814,99,11924,32.00202,35.875816,137.3,0,58-11924,🟢 MOVING,10.457879804345188
2026-01-23T19:59:51.404814,99,93341,31.981773,35.89305,225.6,0,58-93341,🟢 MOVING,8.971624898680695
2026-01-23T19:59:51.404814,99,97599,31.967007,35.886986,169.9,0,58-97599,🟢 MOVING,0.8413004657840256
2026-01-23T19:59:51.404814,99,11014,31.945484,35.921673,90.5,0,58-11014,🟢 MOVING,10.58571430217273
2026-01-23T19:59:51.404814,99,88230,32.0003,36.014828,0,0,58-88230,🛑 PARKED (EXTREME),0.0
2026-01-23T20:00:27.831978,99,67678,32.020844,35.842594,302.6,0,58-67678,🛑 PARKED (EXTREME),0.0
2026-01-23T20:00:27.831978,99,11529,32.020786,35.8425,271.62,0,58-11529,🛑 PARKED (EXTREME),0.0
2026-01-23T20:00:27.831978,99,47376,32.020824,35.842716,308.7,0,58-47376,🛑 PARKED (EXTREME),0.0
2026-01-23T20:00:27.831978,99,10987,32.02327,35.848816,69.93,0,58-10987,🟢 MOVING,1.5567512697164272
2026-01-23T20:00:27.831978,99,11924,31.99951,35.879147,127.3,0,58-11924,🟢 MOVING,11.563593984675393
2026-01-23T20:00:27.831978,99,93341,31.980837,35.891945,226.6,0,58-93341,🟢 MOVING,4.053419353735623
2026-01-23T20:00:27.831978,99,97599,31.964588,35.884045,219.8,0,58-97599,🟢 MOVING,10.634287348899337
2026-01-23T20:00:27.831978,99,11014,31.946058,35.923782,69.8,0,58-11014,🟢 MOVING,5.751086143533115
2026-01-23T20:00:27.831978,99,88230,32.0003,36.014828,0,0,58-88230,🛑 PARKED (EXTREME),0.0
2026-01-23T20:01:00.895049,99,67678,32.020844,35.842594,302.6,0,58-67678,🛑 PARKED (EXTREME),0.0
2026-01-23T20:01:00.895049,99,11529,32.020786,35.8425,271.62,0,58-11529,🛑 PARKED (EXTREME),0.0
2026-01-23T20:01:00.895049,99,47376,32.020824,35.842716,308.7,0,58-47376,🛑 PARKED (EXTREME),0.0
2026-01-23T20:01:00.895049,99,10987,32.023914,35.851017,71.18,0,58-10987,🟢 MOVING,6.632338800181293
2026-01-23T20:01:00.895049,99,11924,31.99794,35.88165,126.9,0,58-11924,🟢 MOVING,8.870385628830011
2026-01-23T20:01:00.895049,99,93341,31.97798,35.888958,217.6,0,58-93341,🟢 MOVING,12.8295764504223
2026-01-23T20:01:00.895049,99,97599,31.964586,35.88405,219.5,0,58-97599,🟡 STOPPED (BOARDING?),0.0
2026-01-23T20:01:00.895049,99,11014,31.94577,35.928654,126.4,0,58-11014,🟢 MOVING,13.923176926652658
2026-01-23T20:01:00.895049,99,88230,32.0003,36.014828,0,0,58-88230,🛑 PARKED (EXTREME),0.0
2026-01-23T20:01:36.486991,99,67678,32.020844,35.842594,302.6,0,58-67678,🛑 PARKED (EXTREME),0.0
2026-01-23T20:01:36.486991,99,11529,32.020786,35.8425,271.62,0,58-11529,🛑 PARKED (EXTREME),0.0
2026-01-23T20:01:36.486991,99,47376,32.020824,35.842716,308.7,0,58-47376,🛑 PARKED (EXTREME),0.0
2026-01-23T20:01:36.486991,99,10987,32.024704,35.85408,0,0,58-10987,🟢 MOVING,8.408137637225376
2026-01-23T20:01:36.486991,99,11924,31.994665,35.88677,127,0,58-11924,🟢 MOVING,16.847221508509378
2026-01-23T20:01:36.486991,99,93341,31.97652,35.887848,207.5,0,58-93341,🟢 MOVING,5.381437212350672
2026-01-23T20:01:36.486991,99,97599,31.963411,35.883026,216.6,0,58-97599,🟢 MOVING,4.526487097631287
2026-01-23T20:01:36.486991,99,11014,31.945324,35.928722,185.2,0,58-11014,🟢 MOVING,1.3930522054798706
2026-01-23T20:01:36.486991,99,88230,32.0003,36.014828,0,0,58-88230,🛑 PARKED (EXTREME),0.0
2026-01-23T20:02:09.291415,99,67678,32.020844,35.842594,302.6,0,58-67678,🛑 PARKED (EXTREME),0.0
2026-01-23T20:02:09.291415,99,11529,32.020786,35.8425,271.62,0,58-11529,🛑 PARKED (EXTREME),0.0
2026-01-23T20:02:09.291415,99,47376,32.020824,35.842716,308.7,0,58-47376,🛑 PARKED (EXTREME),0.0
2026-01-23T20:02:09.291415,99,10987,32.024704,35.85408,0,0,58-10987,🟡 STOPPED (BOARDING?),0.0
2026-01-23T20:02:09.291415,99,11924,31.992727,35.88987,125,0,58-11924,🟢 MOVING,11.004841747412213
2026-01-23T20:02:09.291415,99,93341,31.975746,35.887398,205.6,0,58-93341,🟢 MOVING,2.9077354707784693
2026-01-23T20:02:09.291415,99,97599,31.960114,35.880535,213.2,0,58-97599,🟢 MOVING,13.194790643483493
2026-01-23T20:02:09.291415,99,11014,31.945324,35.928722,185.2,0,58-11014,🛑 PARKED (EXTREME),0.0
2026-01-23T20:02:09.291415,99,88230,32.0003,36.014828,0,0,58-88230,🛑 PARKED (EXTREME),0.0
2026-01-23T20:02:50.263154,99,67678,32.020844,35.842594,302.6,0,58-67678,🛑 PARKED (EXTREME),0.0
2026-01-23T20:02:50.263154,99,11529,32.020786,35.8425,271.62,0,58-11529,🛑 PARKED (EXTREME),0.0
2026-01-23T20:02:50.263154,99,47376,32.020824,35.842716,308.7,0,58-47376,🛑 PARKED (EXTREME),0.0
2026-01-23T20:02:50.263154,99,10987,32.024773,35.855,0,0,58-10987,🟢 MOVING,2.133367028518796
2026-01-23T20:02:50.263154,99,11924,31.992443,35.89032,126.9,0,58-11924,🟢 MOVING,1.2960988524129569
2026-01-23T20:02:50.263154,99,93341,31.974419,35.886738,198.9,0,58-93341,🟢 MOVING,3.923969274476315
2026-01-23T20:02:50.263154,99,97599,31.958391,35.879185,209.4,0,58-97599,🟢 MOVING,5.6368256557478125
2026-01-23T20:02:50.263154,99,11014,31.945324,35.928722,185.2,0,58-11014,🛑 PARKED (EXTREME),0.0
2026-01-23T20:02:50.263154,99,88230,32.0003,36.014828,0,0,58-88230,🛑 PARKED (EXTREME),0.0
2026-01-23T20:03:23.307696,99,67678,32.020844,35.842594,302.6,0,58-67678,🛑 PARKED (EXTREME),0.0
2026-01-23T20:03:23.307696,99,11529,32.020786,35.8425,271.62,0,58-11529,🛑 PARKED (EXTREME),0.0
2026-01-23T20:03:23.307696,99,47376,32.020824,35.842716,308.7,0,58-47376,🛑 PARKED (EXTREME),0.0
2026-01-23T20:03:23.307696,99,10987,32.024403,35.85715,109.7,0,58-10987,🟢 MOVING,6.295797864946669
2026-01-23T20:03:23.307696,99,11924,31.99056,35.89272,137.3,0,58-11924,🟢 MOVING,9.385875902165461
2026-01-23T20:03:23.307696,99,93341,31.97204,35.886265,194,0,58-93341,🟢 MOVING,8.166314945585516
2026-01-23T20:03:23.307696,99,97599,31.957607,35.87988,122.8,0,58-97599,🟢 MOVING,3.3205447977203453
2026-01-23T20:03:23.307696,99,11014,31.945324,35.928722,185.2,0,58-11014,🛑 PARKED (EXTREME),0.0
2026-01-23T20:03:23.307696,99,88230,32.0003,36.014828,0,0,58-88230,🛑 PARKED (EXTREME),0.0
2026-01-23T20:03:59.304708,99,67678,32.020844,35.842594,302.6,0,58-67678,🛑 PARKED (EXTREME),0.0
2026-01-23T20:03:59.304708,99,11529,32.020786,35.8425,271.62,0,58-11529,🛑 PARKED (EXTREME),0.0
2026-01-23T20:03:59.304708,99,47376,32.020824,35.842716,308.7,0,58-47376,🛑 PARKED (EXTREME),0.0
2026-01-23T20:03:59.304708,99,10987,32.022507,35.860306,135.09,0,58-10987,🟢 MOVING,10.014888510236823
2026-01-23T20:03:59.304708,99,11924,31.988104,35.895298,138,0,58-11924,🟢 MOVING,10.042013590269395
2026-01-23T20:03:59.304708,99,93341,31.968979,35.88645,167,0,58-93341,🟢 MOVING,9.360192747899534
2026-01-23T20:03:59.304708,99,97599,31.954987,35.884933,112.6,0,58-97599,🟢 MOVING,15.343934299913336
2026-01-23T20:03:59.304708,99,11014,31.945324,35.928722,185.2,0,58-11014,🛑 PARKED (EXTREME),0.0
2026-01-23T20:03:59.304708,99,88230,32.0003,36.014828,0,0,58-88230,🛑 PARKED (EXTREME),0.0
2026-01-23T20:04:40.097694,99,67678,32.020844,35.842594,302.6,0,58-67678,🛑 PARKED (EXTREME),0.0
2026-01-23T20:04:40.097694,99,11529,32.020786,35.8425,271.62,0,58-11529,🛑 PARKED (EXTREME),0.0
2026-01-23T20:04:40.097694,99,47376,32.020824,35.842716,308.7,0,58-47376,🛑 PARKED (EXTREME),0.0
2026-01-23T20:04:40.097694,99,10987,32.021767,35.861214,134.72,0,58-10987,🟢 MOVING,2.928831534364934
2026-01-23T20:04:40.097694,99,11924,31.985888,35.897465,140.9,0,58-11924,🟢 MOVING,7.896593130312101
2026-01-23T20:04:40.097694,99,93341,31.965668,35.885136,220.8,0,58-93341,🟢 MOVING,9.582266744280966
2026-01-23T20:04:40.097694,99,97599,31.953938,35.88806,113.9,0,58-97599,🟢 MOVING,7.825221269515611
2026-01-23T20:04:40.097694,99,11014,31.945324,35.928722,185.2,0,58-11014,🛑 PARKED (EXTREME),0.0
2026-01-23T20:04:40.097694,99,88230,32.0003,36.014828,0,0,58-88230,🛑 PARKED (EXTREME),0.0
2026-01-23T20:05:20.526241,99,67678,32.020844,35.842594,302.6,0,58-67678,🛑 PARKED (EXTREME),0.0
2026-01-23T20:05:20.526241,99,11529,32.020786,35.8425,271.62,0,58-11529,🛑 PARKED (EXTREME),0.0
2026-01-23T20:05:20.526241,99,47376,32.020824,35.842716,308.7,0,58-47376,🛑 PARKED (EXTREME),0.0
2026-01-23T20:05:20.526241,99,10987,32.018864,35.864643,0,0,58-10987,🟢 MOVING,11.372789496604753
2026-01-23T20:05:20.526241,99,11924,31.985872,35.897472,145.1,0,58-11924,🟡 STOPPED (BOARDING?),0.0
2026-01-23T20:05:20.526241,99,93341,31.964563,35.884033,220.8,0,58-93341,🟢 MOVING,4.0081707209094075
2026-01-23T20:05:20.526241,99,97599,31.95394,35.88807,111.9,0,58-97599,🟡 STOPPED (BOARDING?),0.0
2026-01-23T20:05:20.526241,99,11014,31.945324,35.928722,185.2,0,58-11014,🛑 PARKED (EXTREME),0.0
2026-01-23T20:05:20.526241,99,88230,32.0003,36.014828,0,0,58-88230,🛑 PARKED (EXTREME),0.0
2026-01-23T20:05:57.951327,99,67678,32.020844,35.842594,302.6,0,58-67678,🛑 PARKED (EXTREME),0.0
2026-01-23T20:05:57.951327,99,11529,32.020786,35.8425,271.62,0,58-11529,🛑 PARKED (EXTREME),0.0
2026-01-23T20:05:57.951327,99,47376,32.02131,35.84288,42.9,0,58-47376,🟢 MOVING,1.5012094897505497
2026-01-23T20:05:57.951327,99,10987,32.01829,35.86523,0,0,58-10987,🟢 MOVING,2.256199269761951
2026-01-23T20:05:57.951327,99,11924,31.985422,35.897766,135.4,0,58-11924,🟢 MOVING,1.5278583353032693
2026-01-23T20:05:57.951327,99,93341,31.963486,35.88308,215,0,58-93341,🟢 MOVING,3.9993765072484204
2026-01-23T20:05:57.951327,99,97599,31.953094,35.890076,116.1,0,58-97599,🟢 MOVING,5.6446196930732215
2026-01-23T20:05:57.951327,99,11014,31.945324,35.928722,185.2,0,58-11014,🛑 PARKED (EXTREME),0.0
2026-01-23T20:05:57.951327,99,88230,32.0003,36.014828,0,0,58-88230,🛑 PARKED (EXTREME),0.0
2026-01-23T20:06:29.553806,99,67678,32.020844,35.842594,302.6,0,58-67678,🛑 PARKED (EXTREME),0.0
2026-01-23T20:06:29.553806,99,11529,32.020786,35.8425,271.62,0,58-11529,🛑 PARKED (EXTREME),0.0
2026-01-23T20:06:29.553806,99,47376,32.02227,35.845173,71.5,0,58-47376,🟢 MOVING,7.668666401499055
2026-01-23T20:06:29.553806,99,10987,32.016705,35.866684,142,0,58-10987,🟢 MOVING,7.1020169869147
2026-01-23T20:06:29.553806,99,11924,31.985346,35.897877,135.1,0,58-11924,🟢 MOVING,0.42794307071335047
2026-01-23T20:06:29.553806,99,93341,31.958654,35.8794,211,0,58-93341,🟢 MOVING,20.347192032259503
2026-01-23T20:06:29.553806,99,97599,31.951746,35.89394,97.2,0,58-97599,🟢 MOVING,12.537646624631197
2026-01-23T20:06:29.553806,99,11014,31.945324,35.928722,185.2,0,58-11014,🛑 PARKED (EXTREME),0.0
2026-01-23T20:06:29.553806,99,88230,32.0003,36.014828,0,0,58-88230,🛑 PARKED (EXTREME),0.0
2026-01-23T20:07:10.615910,99,67678,32.020844,35.842594,302.6,0,58-67678,🛑 PARKED (EXTREME),0.0
2026-01-23T20:07:10.615910,99,11529,32.020786,35.8425,271.62,0,58-11529,🛑 PARKED (EXTREME),0.0
2026-01-23T20:07:10.615910,99,47376,32.02337,35.849194,70.8,0,58-47376,🟢 MOVING,9.576679449120368
2026-01-23T20:07:10.615910,99,10987,32.015236,35.86801,0,0,58-10987,🟢 MOVING,4.945444683043839
2026-01-23T20:07:10.615910,99,11924,31.985596,35.898365,345.9,0,58-11924,🟢 MOVING,1.2927272221991584
2026-01-23T20:07:10.615910,99,93341,31.95841,35.879215,199.3,0,58-93341,🟢 MOVING,0.7756167167175118
2026-01-23T20:07:10.615910,99,97599,31.951803,35.896896,87,0,58-97599,🟢 MOVING,6.706988920254988
2026-01-23T20:07:10.615910,99,11014,31.945324,35.928722,185.2,0,58-11014,🛑 PARKED (EXTREME),0.0
2026-01-23T20:07:10.615910,99,88230,32.0003,36.014828,0,0,58-88230,🛑 PARKED (EXTREME),0.0
2026-01-23T20:07:48.520519,99,67678,32.020844,35.842594,302.6,0,58-67678,🛑 PARKED (EXTREME),0.0
2026-01-23T20:07:48.520519,99,11529,32.020786,35.8425,271.62,0,58-11529,🛑 PARKED (EXTREME),0.0
2026-01-23T20:07:48.520519,99,47376,32.024673,35.853897,76.9,0,58-47376,🟢 MOVING,12.428044223861681
2026-01-23T20:07:48.520519,99,10987,32.009712,35.8712,163.9,0,58-10987,🟢 MOVING,18.22272018491742
2026-01-23T20:07:48.520519,99,11924,31.985872,35.897583,221.7,0,58-11924,🟢 MOVING,2.1284369793553246
2026-01-23T20:07:48.520519,99,93341,31.956781,35.88137,121.7,0,58-93341,🟢 MOVING,7.255092438815721
2026-01-23T20:07:48.520519,99,97599,31.95122,35.90005,118.8,0,58-97599,🟢 MOVING,8.114631716394895
2026-01-23T20:07:48.520519,99,11014,31.945324,35.928722,185.2,0,58-11014,🛑 PARKED (EXTREME),0.0
2026-01-23T20:07:48.520519,99,88230,32.0003,36.014828,0,0,58-88230,🛑 PARKED (EXTREME),0.0
2026-01-23T20:08:20.088844,99,67678,32.020844,35.842594,302.6,0,58-67678,🛑 PARKED (EXTREME),0.0
2026-01-23T20:08:20.088844,99,11529,32.020786,35.8425,271.62,0,58-11529,🛑 PARKED (EXTREME),0.0
2026-01-23T20:08:20.088844,99,47376,32.024746,35.855183,88.1,0,58-47376,🟢 MOVING,3.8379210303644826
2026-01-23T20:08:20.088844,99,10987,32.005413,35.873074,152.24,0,58-10987,🟢 MOVING,16.097523251714176
2026-01-23T20:08:20.088844,99,11924,31.984674,35.89625,227.2,0,58-11924,🟢 MOVING,5.785588058002973
2026-01-23T20:08:20.088844,99,93341,31.954468,35.88639,110.5,0,58-93341,🟢 MOVING,17.022903668329402
2026-01-23T20:08:20.088844,99,97599,31.947422,35.904217,142.3,0,58-97599,🟢 MOVING,18.22510504705974
2026-01-23T20:08:20.088844,99,11014,31.945324,35.928722,185.2,0,58-11014,🛑 PARKED (EXTREME),0.0
2026-01-23T20:08:20.088844,99,88230,32.0003,36.014828,0,0,58-88230,🛑 PARKED (EXTREME),0.0
2026-01-23T20:08:59.648521,99,67678,32.020844,35.842594,302.6,0,58-67678,🛑 PARKED (EXTREME),0.0
2026-01-23T20:08:59.648521,99,11529,32.020786,35.8425,271.62,0,58-11529,🛑 PARKED (EXTREME),0.0
2026-01-23T20:08:59.648521,99,47376,32.023594,35.85894,126.8,0,58-47376,🟢 MOVING,9.574688818122757
2026-01-23T20:08:59.648521,99,10987,32.00505,35.87329,0,0,58-10987,🟢 MOVING,1.1493346136134184
2026-01-23T20:08:59.648521,99,11924,31.983196,35.89473,225.8,0,58-11924,🟢 MOVING,5.54404901049836
2026-01-23T20:08:59.648521,99,93341,31.95335,35.88942,117.1,0,58-93341,🟢 MOVING,7.9245976779508265
2026-01-23T20:08:59.648521,99,97599,31.946072,35.908157,64,0,58-97599,🟢 MOVING,10.191848940479685
2026-01-23T20:08:59.648521,99,11014,31.945324,35.928722,185.2,0,58-11014,🛑 PARKED (EXTREME),0.0
2026-01-23T20:08:59.648521,99,88230,32.0003,36.014828,0,0,58-88230,🛑 PARKED (EXTREME),0.0
2026-01-23T20:09:40.124000,99,67678,32.020844,35.842594,302.6,0,58-67678,🛑 PARKED (EXTREME),0.0
2026-01-23T20:09:40.124000,99,11529,32.020786,35.8425,271.62,0,58-11529,🛑 PARKED (EXTREME),0.0
2026-01-23T20:09:40.124000,99,47376,32.02226,35.860596,137.1,0,58-47376,🟢 MOVING,5.304744276126443
2026-01-23T20:09:40.124000,99,10987,32.003178,35.87462,142.4,0,58-10987,🟢 MOVING,5.986231292723999
2026-01-23T20:09:40.124000,99,11924,31.980852,35.891953,230.4,0,58-11924,🟢 MOVING,9.102036919507407
2026-01-23T20:09:40.124000,99,93341,31.951815,35.897,90.5,0,58-93341,🟢 MOVING,18.111119948467472
2026-01-23T20:09:40.124000,99,97599,31.948053,35.913113,73.3,0,58-97599,🟢 MOVING,12.732749501731845
2026-01-23T20:09:40.124000,99,11014,31.945324,35.928722,185.2,0,58-11014,🛑 PARKED (EXTREME),0.0
2026-01-23T20:09:40.124000,99,88230,32.0003,36.014828,0,0,58-88230,🛑 PARKED (EXTREME),0.0
2026-01-23T20:10:11.608408,99,67678,32.020844,35.842594,302.6,0,58-67678,🛑 PARKED (EXTREME),0.0
2026-01-23T20:10:11.608408,99,11529,32.020786,35.8425,271.62,0,58-11529,🛑 PARKED (EXTREME),0.0
2026-01-23T20:10:11.608408,99,47376,32.02224,35.860664,134,0,58-47376,🟢 MOVING,0.21080183021391827
2026-01-23T20:10:11.608408,99,10987,32.00038,35.877792,129.52,0,58-10987,🟢 MOVING,13.40772770342543
2026-01-23T20:10:11.608408,99,11924,31.980026,35.89105,222.8,0,58-11924,🟢 MOVING,3.891336232034191
2026-01-23T20:10:11.608408,99,93341,31.95054,35.901203,128.6,0,58-93341,🟢 MOVING,13.082964454553519
2026-01-23T20:10:11.608408,99,97599,31.947792,35.91593,127.1,0,58-97599,🟢 MOVING,8.306207685519762
2026-01-23T20:10:11.608408,99,11014,31.945324,35.928722,185.2,0,58-11014,🛑 PARKED (EXTREME),0.0
2026-01-23T20:10:11.608408,99,88230,32.0003,36.014828,0,0,58-88230,🛑 PARKED (EXTREME),0.0
2026-01-23T20:10:49.506701,99,67678,32.020844,35.842594,302.6,0,58-67678,🛑 PARKED (EXTREME),0.0
2026-01-23T20:10:49.506701,99,11529,32.020786,35.8425,271.62,0,58-11529,🛑 PARKED (EXTREME),0.0
2026-01-23T20:10:49.506701,99,47376,32.018803,35.86469,136.4,0,58-47376,🟢 MOVING,14.503411801162672
2026-01-23T20:10:49.506701,99,10987,31.99718,35.882835,126.77,0,58-10987,🟢 MOVING,15.992561951062642
2026-01-23T20:10:49.506701,99,11924,31.978167,35.889114,218.2,0,58-11924,🟢 MOVING,7.426670829963234
2026-01-23T20:10:49.506701,99,93341,31.946264,35.905586,127.8,0,58-93341,🟢 MOVING,16.967620717851997
2026-01-23T20:10:49.506701,99,97599,31.946287,35.918476,122.5,0,58-97599,🟢 MOVING,7.883134939701387
2026-01-23T20:10:49.506701,99,11014,31.945324,35.928722,185.2,0,58-11014,🛑 PARKED (EXTREME),0.0
2026-01-23T20:10:49.506701,99,88230,32.0003,36.014828,0,0,58-88230,🛑 PARKED (EXTREME),0.0
2026-01-23T20:11:21.227120,99,67678,32.020844,35.842594,302.6,0,58-67678,🛑 PARKED (EXTREME),0.0
2026-01-23T20:11:21.227120,99,11529,32.020786,35.8425,271.62,0,58-11529,🛑 PARKED (EXTREME),0.0
2026-01-23T20:11:21.227120,99,47376,32.018806,35.86468,136.4,0,58-47376,🟡 STOPPED (BOARDING?),0.0
2026-01-23T20:11:21.227120,99,10987,31.995668,35.885216,0,0,58-10987,🟢 MOVING,8.868197408334627
2026-01-23T20:11:21.227120,99,11924,31.976513,35.887814,206.3,0,58-11924,🟢 MOVING,6.988383303378825
2026-01-23T20:11:21.227120,99,93341,31.945505,35.906776,127.7,0,58-93341,🟢 MOVING,4.4407982159946995
2026-01-23T20:11:21.227120,99,97599,31.945831,35.919926,105.6,0,58-97599,🟢 MOVING,4.612900812486331
2026-01-23T20:11:21.227120,99,11014,31.945324,35.928722,185.2,0,58-11014,🛑 PARKED (EXTREME),0.0
2026-01-23T20:11:21.227120,99,88230,32.0003,36.014828,0,0,58-88230,🛑 PARKED (EXTREME),0.0
