ping_time,route,busId,lat,lng,bearing,direction,plateNumber,stopId,load
2025-11-23T00:00:31.501448,99,32725,32.020832,35.84224,271.8,0,58-32725,10612,N/A
2025-11-23T00:00:31.501448,99,49451,32.02166,35.842354,97.9,0,58-49451,10612,N/A
2025-11-23T00:00:31.501448,99,96335,31.951813,35.89679,85.6,0,58-96335,10633,N/A
2025-11-23T00:00:31.501448,99,72129,31.944706,35.928158,106.5,0,58-72129,10641,N/A
2025-11-23T00:00:31.501448,99,45556,32.020844,35.84248,286.7,0,58-45556,10612,N/A
2025-11-23T00:00:31.501448,99,11005,32.00024,36.015,0,0,58-11005,10625,N/A
2025-11-23T00:00:31.501448,99,28732,32.021492,35.842632,46.1,0,58-28732,10612,N/A
2025-11-23T00:00:31.501448,99,66163,32.02123,35.84215,346.2,0,58-66163,10612,N/A
2025-11-23T00:00:31.501448,99,56867,32.020847,35.842632,289.3,0,58-56867,10612,N/A
2025-11-23T00:00:31.501448,99,25354,31.944778,35.92804,106.1,0,58-25354,10641,N/A
2025-11-23T00:00:31.501448,99,11649,32.022224,35.845154,72.31,0,58-11649,10612,N/A
2025-11-23T00:00:31.501448,99,11547,32.00016,36.01502,0,0,58-11547,10622,N/A
2025-11-23T00:00:31.501448,99,37113,32.02158,35.842438,0,0,58-37113,10612,N/A
2025-11-23T00:00:31.501448,99,11718,31.94541,35.928734,0,0,58-11718,10635,N/A
2025-11-23T00:00:31.501448,99,97202,31.94549,35.928642,32.9,1,58-97202,10643,N/A
2025-11-23T00:00:31.501448,99,22057,31.967758,35.886826,346.5,1,58-22057,10629,N/A
2025-11-23T00:00:31.501448,99,11670,32.00448,36.008205,0,1,58-11670,10636,N/A
2025-11-23T00:00:31.501448,99,11499,32.00014,36.015255,0,1,58-11499,10635,N/A
2025-11-23T00:00:31.501448,99,11526,32.0002,36.01552,0,1,58-11526,10622,N/A
2025-11-23T00:00:31.501448,99,73439,32.023087,35.848095,252.9,1,58-73439,10613,N/A
2025-11-23T00:00:31.501448,99,52827,31.94586,35.91979,285.5,1,58-52827,10643,N/A
2025-11-23T00:00:31.501448,99,11493,31.94533,35.928787,0,1,58-11493,10643,N/A
2025-11-23T00:00:31.501448,99,11496,32.00006,36.015587,192.2,1,58-11496,10642,N/A
2025-11-23T00:00:31.501448,100,50752,32.021797,35.842888,272,0,58-50752,10612,N/A
2025-11-23T00:00:31.501448,100,05961,31.986795,35.900154,63.5,0,58-95961,10625,N/A
2025-11-23T00:00:31.501448,100,16863,31.987679,35.943127,197.59,0,58-16863,11649,N/A
2025-11-23T00:00:31.501448,100,63240,32.001354,36.014027,197,0,58-63240,11649,N/A
2025-11-23T00:00:31.501448,100,50152,31.960627,35.95734,41.5,0,58-50152,11652,N/A
2025-11-23T00:00:31.501448,100,98191,32.000126,36.015465,190.8,0,58-98191,10622,N/A
2025-11-23T00:00:31.501448,100,10975,31.999632,36.016132,197.68,0,58-10975,11649,N/A
2025-11-23T00:00:31.501448,100,48886,32.00026,36.015392,21.5,0,58-48886,11649,N/A
2025-11-23T00:00:31.501448,100,11523,32.000935,36.013863,197.6,0,58-11523,10612,N/A
2025-11-23T00:00:31.501448,100,11014,32.004826,36.014347,132.1,0,58-11014,10623,N/A
2025-11-23T00:00:31.501448,100,11724,32.000275,36.01534,0,0,58-11724,11648,N/A
2025-11-23T00:00:31.501448,100,40779,31.96065,35.95736,40.9,0,58-40779,11651,N/A
2025-11-23T00:00:31.501448,100,24926,31.999966,36.015114,232.1,0,58-24926,11653,N/A
2025-11-23T00:00:31.501448,100,50152,31.96139,35.95829,82.4,1,58-50152,11653,N/A
2025-11-23T00:00:31.501448,100,97599,31.992634,35.890064,309.89,1,58-97599,10622,N/A
2025-11-23T00:00:31.501448,100,10987,32.000244,36.01543,0,1,58-10987,11653,N/A
2025-11-23T00:00:31.501448,100,52302,31.964375,35.960926,34.79,1,58-52302,11653,N/A
2025-11-23T00:00:31.501448,100,21423,32.000317,36.01466,218.2,1,58-21423,11653,N/A
2025-11-23T00:00:31.501448,100,30732,32.004444,36.00834,359.4,1,58-30732,11653,N/A
2025-11-23T00:00:31.501448,100,95161,32.000343,36.014633,177.4,1,58-95161,11653,N/A
2025-11-23T00:00:31.501448,100,90702,32.021866,35.844257,43.9,1,58-90702,10613,N/A
2025-11-23T00:00:31.501448,100,10993,32.00027,36.014793,234.1,1,58-10993,11653,N/A
2025-11-23T00:00:31.501448,100,10981,31.999386,36.014343,0,1,58-10981,11651,N/A
2025-11-23T00:00:31.501448,100,11538,32.000355,36.014435,0,1,58-11538,11652,N/A
2025-11-23T00:00:31.501448,100,11520,32.000126,36.014256,298.39,1,58-11520,11653,N/A
2025-11-23T00:00:31.501448,100,93641,31.99996,36.015163,246.4,1,58-93641,11653,N/A
2025-11-23T00:00:31.501448,100,82779,31.963634,35.960278,36.1,1,58-82779,11653,N/A
2025-11-23T00:00:31.501448,100,10996,31.960546,35.956833,0,1,58-10996,11653,N/A
2025-11-23T00:00:31.501448,100,11544,31.961313,35.958122,0,1,58-11544,11653,N/A
2025-11-23T00:01:26.530705,99,32725,32.021465,35.84229,236.7,0,58-32725,10612,N/A
2025-11-23T00:01:26.530705,99,49451,32.02149,35.842506,128.69,0,58-49451,10612,N/A
2025-11-23T00:01:26.530705,99,96335,31.946217,35.905674,126.8,0,58-96335,10633,N/A
2025-11-23T00:01:26.530705,99,72129,31.944706,35.928158,106.5,0,58-72129,10641,N/A
2025-11-23T00:01:26.530705,99,45556,32.020844,35.84248,286.7,0,58-45556,10612,N/A
2025-11-23T00:01:26.530705,99,11005,32.00024,36.015,0,0,58-11005,10625,N/A
2025-11-23T00:01:26.530705,99,28732,32.021492,35.842632,46.1,0,58-28732,10612,N/A
2025-11-23T00:01:26.530705,99,66163,32.02123,35.84215,346.2,0,58-66163,10612,N/A
2025-11-23T00:01:26.530705,99,56867,32.020847,35.842632,289.3,0,58-56867,10612,N/A
2025-11-23T00:01:26.530705,99,25354,31.944778,35.92804,106.1,0,58-25354,10641,N/A
2025-11-23T00:01:26.530705,99,11649,32.022224,35.845154,72.31,0,58-11649,10612,N/A
2025-11-23T00:01:26.530705,99,11547,32.00016,36.01502,0,0,58-11547,10622,N/A
2025-11-23T00:01:26.530705,99,37113,32.02158,35.842438,0,0,58-37113,10612,N/A
2025-11-23T00:01:26.530705,99,11718,31.94541,35.928734,0,0,58-11718,10635,N/A
2025-11-23T00:01:26.530705,99,97202,31.94625,35.926994,281.8,1,58-97202,10643,N/A
2025-11-23T00:01:26.530705,99,22057,31.969515,35.88632,342.3,1,58-22057,10629,N/A
2025-11-23T00:01:26.530705,99,11670,32.00448,36.008205,0,1,58-11670,10636,N/A
2025-11-23T00:01:26.530705,99,11499,32.00014,36.015255,0,1,58-11499,10635,N/A
2025-11-23T00:01:26.530705,99,11526,32.0002,36.01552,0,1,58-11526,10622,N/A
2025-11-23T00:01:26.530705,99,73439,32.023087,35.848095,252.9,1,58-73439,10613,N/A
2025-11-23T00:01:26.530705,99,52827,31.94586,35.91979,285.5,1,58-52827,10643,N/A
2025-11-23T00:01:26.530705,99,11493,31.94533,35.928787,0,1,58-11493,10643,N/A
2025-11-23T00:01:26.530705,99,11496,32.00006,36.015587,192.2,1,58-11496,10642,N/A
2025-11-23T00:01:26.530705,100,50752,32.022755,35.846954,72.2,0,58-50752,10612,N/A
2025-11-23T00:01:26.530705,100,05961,31.988277,35.90757,63.6,0,58-95961,10625,N/A
2025-11-23T00:01:26.530705,100,16863,31.98639,35.942593,0,0,58-16863,11649,N/A
2025-11-23T00:01:26.530705,100,63240,32.001354,36.014027,197,0,58-63240,11649,N/A
2025-11-23T00:01:26.530705,100,50152,31.960627,35.95734,41.5,0,58-50152,11652,N/A
2025-11-23T00:01:26.530705,100,98191,32.000126,36.015465,190.8,0,58-98191,10622,N/A
2025-11-23T00:01:26.530705,100,10975,31.999632,36.016132,197.68,0,58-10975,11649,N/A
2025-11-23T00:01:26.530705,100,48886,32.00026,36.015392,21.5,0,58-48886,11649,N/A
2025-11-23T00:01:26.530705,100,11523,32.000935,36.013863,197.6,0,58-11523,10612,N/A
2025-11-23T00:01:26.530705,100,11014,32.004826,36.014347,132.1,0,58-11014,10623,N/A
2025-11-23T00:01:26.530705,100,11724,32.000275,36.01534,0,0,58-11724,11648,N/A
2025-11-23T00:01:26.530705,100,40779,31.96065,35.95736,40.9,0,58-40779,11651,N/A
2025-11-23T00:01:26.530705,100,24926,31.999966,36.015114,232.1,0,58-24926,11653,N/A
2025-11-23T00:01:26.530705,100,97599,31.992634,35.890064,309.89,1,58-97599,10622,N/A
2025-11-23T00:01:26.530705,100,10987,32.000244,36.01543,0,1,58-10987,11653,N/A
2025-11-23T00:01:26.530705,100,52302,31.964375,35.960926,34.79,1,58-52302,11653,N/A
2025-11-23T00:01:26.530705,100,21423,32.000317,36.01466,218.2,1,58-21423,11653,N/A
2025-11-23T00:01:26.530705,100,30732,32.004444,36.00834,359.4,1,58-30732,11651,N/A
2025-11-23T00:01:26.530705,100,95161,32.000343,36.014633,177.4,1,58-95161,11653,N/A
2025-11-23T00:01:26.530705,100,90702,32.021866,35.844257,43.9,1,58-90702,10613,N/A
2025-11-23T00:01:26.530705,100,10993,32.00027,36.014793,234.1,1,58-10993,11652,N/A
2025-11-23T00:01:26.530705,100,10981,31.999386,36.014343,0,1,58-10981,11653,N/A
2025-11-23T00:01:26.530705,100,11538,32.000355,36.014435,0,1,58-11538,11653,N/A
2025-11-23T00:01:26.530705,100,11520,32.000126,36.014256,298.39,1,58-11520,11653,N/A
2025-11-23T00:01:26.530705,100,93641,31.99996,36.015163,246.4,1,58-93641,11653,N/A
2025-11-23T00:01:26.530705,100,82779,31.963634,35.960278,36.1,1,58-82779,11653,N/A
2025-11-23T00:01:26.530705,100,10996,31.960546,35.956833,0,1,58-10996,11653,N/A
2025-11-23T00:01:26.530705,100,11544,31.961313,35.958122,0,1,58-11544,11653,N/A
2025-11-23T00:02:23.726367,99,32725,32.021297,35.842876,51,0,58-32725,10612,N/A
2025-11-23T00:02:23.726367,99,49451,32.02296,35.84783,74.2,0,58-49451,10612,N/A
2025-11-23T00:02:23.726367,99,96335,31.945503,35.90678,125.7,0,58-96335,10633,N/A
2025-11-23T00:02:23.726367,99,72129,31.944706,35.928158,106.5,0,58-72129,10641,N/A
2025-11-23T00:02:23.726367,99,45556,32.020844,35.84248,286.7,0,58-45556,10612,N/A
2025-11-23T00:02:23.726367,99,11005,32.00024,36.015,0,0,58-11005,10625,N/A
2025-11-23T00:02:23.726367,99,28732,32.021748,35.842438,58.6,0,58-28732,10612,N/A
2025-11-23T00:02:23.726367,99,66163,32.02123,35.84215,346.2,0,58-66163,10612,N/A
2025-11-23T00:02:23.726367,99,56867,32.020847,35.842632,289.3,0,58-56867,10612,N/A
2025-11-23T00:02:23.726367,99,25354,31.944778,35.92804,106.1,0,58-25354,10641,N/A
2025-11-23T00:02:23.726367,99,11649,32.022224,35.845154,72.31,0,58-11649,10612,N/A
2025-11-23T00:02:23.726367,99,11547,32.00016,36.01502,0,0,58-11547,10622,N/A
2025-11-23T00:02:23.726367,99,37113,32.02191,35.843987,70,0,58-37113,10612,N/A
2025-11-23T00:02:23.726367,99,11718,31.94541,35.928734,0,0,58-11718,10635,N/A
2025-11-23T00:02:23.726367,99,97202,31.946781,35.917614,306.39,1,58-97202,10643,N/A
2025-11-23T00:02:23.726367,99,22057,31.972654,35.886177,5.8,1,58-22057,10629,N/A
2025-11-23T00:02:23.726367,99,11670,32.00448,36.008205,0,1,58-11670,10636,N/A
2025-11-23T00:02:23.726367,99,11499,32.00014,36.015255,0,1,58-11499,10635,N/A
2025-11-23T00:02:23.726367,99,11526,32.0002,36.01552,0,1,58-11526,10622,N/A
2025-11-23T00:02:23.726367,99,73439,32.023087,35.848095,252.9,1,58-73439,10613,N/A
2025-11-23T00:02:23.726367,99,52827,31.94586,35.91979,285.5,1,58-52827,10643,N/A
2025-11-23T00:02:23.726367,99,11493,31.94533,35.928787,0,1,58-11493,10643,N/A
2025-11-23T00:02:23.726367,99,11496,32.00006,36.015587,192.2,1,58-11496,10642,N/A
2025-11-23T00:02:23.726367,100,50752,32.02427,35.852253,72.2,0,58-50752,10613,N/A
2025-11-23T00:02:23.726367,100,05961,31.992182,35.915253,69.3,0,58-95961,10625,N/A
2025-11-23T00:02:23.726367,100,16863,31.98055,35.940235,200.44,0,58-16863,11650,N/A
2025-11-23T00:02:23.726367,100,63240,32.001354,36.014027,197,0,58-63240,11649,N/A
2025-11-23T00:02:23.726367,100,98191,32.000126,36.015465,190.8,0,58-98191,10622,N/A
2025-11-23T00:02:23.726367,100,10975,31.999632,36.016132,197.68,0,58-10975,11649,N/A
2025-11-23T00:02:23.726367,100,48886,32.00026,36.015392,21.5,0,58-48886,11649,N/A
2025-11-23T00:02:23.726367,100,11523,32.000935,36.013863,197.6,0,58-11523,10612,N/A
2025-11-23T00:02:23.726367,100,11014,32.004826,36.014347,132.1,0,58-11014,10619,N/A
2025-11-23T00:02:23.726367,100,11724,32.000275,36.01534,0,0,58-11724,11648,N/A
2025-11-23T00:02:23.726367,100,40779,31.96065,35.95736,40.9,0,58-40779,11651,N/A
2025-11-23T00:02:23.726367,100,24926,31.999966,36.015114,232.1,0,58-24926,11653,N/A
2025-11-23T00:02:23.726367,100,97599,31.992634,35.890064,309.89,1,58-97599,10622,N/A
2025-11-23T00:02:23.726367,100,10987,32.000244,36.01543,0,1,58-10987,11653,N/A
2025-11-23T00:02:23.726367,100,52302,31.964375,35.960926,34.79,1,58-52302,11653,N/A
2025-11-23T00:02:23.726367,100,21423,32.000317,36.01466,218.2,1,58-21423,11653,N/A
2025-11-23T00:02:23.726367,100,30732,32.004444,36.00834,359.4,1,58-30732,11651,N/A
2025-11-23T00:02:23.726367,100,95161,32.000343,36.014633,177.4,1,58-95161,11653,N/A
2025-11-23T00:02:23.726367,100,90702,32.021866,35.844257,43.9,1,58-90702,10613,N/A
2025-11-23T00:02:23.726367,100,10993,32.00027,36.014793,234.1,1,58-10993,11652,N/A
2025-11-23T00:02:23.726367,100,10981,31.999386,36.014343,0,1,58-10981,11653,N/A
2025-11-23T00:02:23.726367,100,11538,32.000355,36.014435,0,1,58-11538,11653,N/A
2025-11-23T00:02:23.726367,100,11520,32.000126,36.014256,298.39,1,58-11520,11653,N/A
2025-11-23T00:02:23.726367,100,93641,31.99996,36.015163,246.4,1,58-93641,11653,N/A
2025-11-23T00:02:23.726367,100,82779,31.963634,35.960278,36.1,1,58-82779,11653,N/A
2025-11-23T00:02:23.726367,100,10996,31.960546,35.956833,0,1,58-10996,11653,N/A
2025-11-23T00:02:23.726367,100,11544,31.961313,35.958122,0,1,58-11544,11653,N/A
2025-11-23T00:03:20.983611,99,32725,32.024067,35.852196,74.2,0,58-32725,10612,N/A
2025-11-23T00:03:20.983611,99,49451,32.02467,35.854008,81.8,0,58-49451,10612,N/A
2025-11-23T00:03:20.983611,99,96335,31.945503,35.906776,125.7,0,58-96335,10633,N/A
2025-11-23T00:03:20.983611,99,72129,31.944706,35.928158,106.5,0,58-72129,10641,N/A
2025-11-23T00:03:20.983611,99,45556,32.020844,35.84248,286.7,0,58-45556,10612,N/A
2025-11-23T00:03:20.983611,99,11005,32.00024,36.015,0,0,58-11005,10625,N/A
2025-11-23T00:03:20.983611,99,28732,32.021748,35.842438,58.6,0,58-28732,10612,N/A
2025-11-23T00:03:20.983611,99,66163,32.02123,35.84215,346.2,0,58-66163,10612,N/A
2025-11-23T00:03:20.983611,99,56867,32.020847,35.842632,289.3,0,58-56867,10612,N/A
2025-11-23T00:03:20.983611,99,25354,31.944778,35.92804,106.1,0,58-25354,10641,N/A
2025-11-23T00:03:20.983611,99,11649,32.022224,35.845154,72.31,0,58-11649,10612,N/A
2025-11-23T00:03:20.983611,99,11547,32.00016,36.01502,0,0,58-11547,10622,N/A
2025-11-23T00:03:20.983611,99,37113,32.02191,35.843987,70,0,58-37113,10612,N/A
2025-11-23T00:03:20.983611,99,11718,31.94541,35.928734,0,0,58-11718,10635,N/A
2025-11-23T00:03:20.983611,99,97202,31.947264,35.911053,244.3,1,58-97202,10635,N/A
2025-11-23T00:03:20.983611,99,22057,31.977505,35.88814,31.4,1,58-22057,10627,N/A
2025-11-23T00:03:20.983611,99,11670,32.00448,36.008205,0,1,58-11670,10636,N/A
2025-11-23T00:03:20.983611,99,11499,32.00014,36.015255,0,1,58-11499,10635,N/A
2025-11-23T00:03:20.983611,99,11526,32.0002,36.01552,0,1,58-11526,10622,N/A
2025-11-23T00:03:20.983611,99,73439,32.023087,35.848095,252.9,1,58-73439,10613,N/A
2025-11-23T00:03:20.983611,99,52827,31.94586,35.91979,285.5,1,58-52827,10643,N/A
2025-11-23T00:03:20.983611,99,11493,31.94533,35.928787,0,1,58-11493,10643,N/A
2025-11-23T00:03:20.983611,99,11496,32.00006,36.015587,192.2,1,58-11496,10642,N/A
2025-11-23T00:03:20.983611,100,50752,32.024723,35.854603,91.2,0,58-50752,11675,N/A
2025-11-23T00:03:20.983611,100,05961,31.99392,35.922318,85.6,0,58-95961,11646,N/A
2025-11-23T00:03:20.983611,100,16863,31.974117,35.938663,183.7,0,58-16863,11651,N/A
2025-11-23T00:03:20.983611,100,63240,32.001354,36.014027,197,0,58-63240,11649,N/A
2025-11-23T00:03:20.983611,100,50152,31.960627,35.95734,41.5,0,58-50152,11652,N/A
2025-11-23T00:03:20.983611,100,98191,32.000126,36.015465,190.8,0,58-98191,10622,N/A
2025-11-23T00:03:20.983611,100,10975,31.999632,36.016132,197.68,0,58-10975,11649,N/A
2025-11-23T00:03:20.983611,100,48886,32.00026,36.015392,21.5,0,58-48886,11649,N/A
2025-11-23T00:03:20.983611,100,11523,32.000935,36.013863,197.6,0,58-11523,10612,N/A
2025-11-23T00:03:20.983611,100,11014,32.004826,36.014347,132.1,0,58-11014,10623,N/A
2025-11-23T00:03:20.983611,100,11724,32.000275,36.01534,0,0,58-11724,11648,N/A
2025-11-23T00:03:20.983611,100,40779,31.96065,35.95736,40.9,0,58-40779,11651,N/A
2025-11-23T00:03:20.983611,100,24926,31.999966,36.015114,232.1,0,58-24926,11653,N/A
2025-11-23T00:03:20.983611,100,97599,31.992634,35.890064,309.89,1,58-97599,10622,N/A
2025-11-23T00:03:20.983611,100,10987,32.000244,36.01543,0,1,58-10987,11653,N/A
2025-11-23T00:03:20.983611,100,52302,31.964375,35.960926,34.79,1,58-52302,11653,N/A
2025-11-23T00:03:20.983611,100,21423,32.000317,36.01466,218.2,1,58-21423,11653,N/A
2025-11-23T00:03:20.983611,100,30732,32.004444,36.00834,359.4,1,58-30732,11651,N/A
2025-11-23T00:03:20.983611,100,95161,32.000343,36.014633,177.4,1,58-95161,11653,N/A
2025-11-23T00:03:20.983611,100,90702,32.021866,35.844257,43.9,1,58-90702,10613,N/A
2025-11-23T00:03:20.983611,100,10993,32.00027,36.014793,234.1,1,58-10993,11652,N/A
2025-11-23T00:03:20.983611,100,10981,31.999386,36.014343,0,1,58-10981,11653,N/A
2025-11-23T00:03:20.983611,100,11538,32.000355,36.014435,0,1,58-11538,11653,N/A
2025-11-23T00:03:20.983611,100,11520,32.000126,36.014256,298.39,1,58-11520,11653,N/A
2025-11-23T00:03:20.983611,100,93641,31.99996,36.015163,246.4,1,58-93641,11653,N/A
2025-11-23T00:03:20.983611,100,82779,31.963634,35.960278,36.1,1,58-82779,11653,N/A
2025-11-23T00:03:20.983611,100,10996,31.960546,35.956833,0,1,58-10996,11653,N/A
2025-11-23T00:03:20.983611,100,11544,31.961313,35.958122,0,1,58-11544,11653,N/A
2025-11-23T00:04:12.553861,99,32725,32.020294,35.862873,134.19,0,58-32725,10612,N/A
2025-11-23T00:04:12.553861,99,49451,32.024754,35.85535,91.1,0,58-49451,11675,N/A
2025-11-23T00:04:12.553861,99,96335,31.946054,35.908146,63.7,0,58-96335,10633,N/A
2025-11-23T00:04:12.553861,99,72129,31.944706,35.928158,106.5,0,58-72129,10641,N/A
2025-11-23T00:04:12.553861,99,45556,32.020844,35.84248,286.7,0,58-45556,10612,N/A
2025-11-23T00:04:12.553861,99,11005,32.00024,36.015,0,0,58-11005,10625,N/A
2025-11-23T00:04:12.553861,99,28732,32.021492,35.842632,46.1,0,58-28732,10612,N/A
2025-11-23T00:04:12.553861,99,66163,32.02123,35.84215,346.2,0,58-66163,10612,N/A
2025-11-23T00:04:12.553861,99,56867,32.020847,35.842632,289.3,0,58-56867,10612,N/A
2025-11-23T00:04:12.553861,99,25354,31.944778,35.92804,106.1,0,58-25354,10641,N/A
2025-11-23T00:04:12.553861,99,11649,32.022224,35.845154,72.31,0,58-11649,10612,N/A
2025-11-23T00:04:12.553861,99,11547,32.00016,36.01502,0,0,58-11547,10622,N/A
2025-11-23T00:04:12.553861,99,37113,32.02158,35.842438,0,0,58-37113,10612,N/A
2025-11-23T00:04:12.553861,99,11718,31.94541,35.928734,0,0,58-11718,10635,N/A
2025-11-23T00:04:12.553861,99,97202,31.945562,35.90727,226.7,1,58-97202,10635,N/A
2025-11-23T00:04:12.553861,99,22057,31.981447,35.892063,42.6,1,58-22057,10627,N/A
2025-11-23T00:04:12.553861,99,11670,32.00448,36.008205,0,1,58-11670,10636,N/A
2025-11-23T00:04:12.553861,99,11499,32.00014,36.015255,0,1,58-11499,10635,N/A
2025-11-23T00:04:12.553861,99,11526,32.0002,36.01552,0,1,58-11526,10622,N/A
2025-11-23T00:04:12.553861,99,73439,32.023087,35.848095,252.9,1,58-73439,10613,N/A
2025-11-23T00:04:12.553861,99,52827,31.94586,35.91979,285.5,1,58-52827,10643,N/A
2025-11-23T00:04:12.553861,99,11493,31.94533,35.928787,0,1,58-11493,10643,N/A
2025-11-23T00:04:12.553861,99,11496,32.00006,36.015587,192.2,1,58-11496,10642,N/A
2025-11-23T00:04:12.553861,100,50752,32.02472,35.855656,97.6,0,58-50752,11675,N/A
2025-11-23T00:04:12.553861,100,05961,31.993488,35.92796,95.5,0,58-95961,11647,N/A
2025-11-23T00:04:12.553861,100,16863,31.973255,35.938606,182.39,0,58-16863,11651,N/A
2025-11-23T00:04:12.553861,100,63240,32.001354,36.014027,197,0,58-63240,11649,N/A
2025-11-23T00:04:12.553861,100,50152,31.960627,35.95734,41.5,0,58-50152,11652,N/A
2025-11-23T00:04:12.553861,100,98191,32.000126,36.015465,190.8,0,58-98191,10622,N/A
2025-11-23T00:04:12.553861,100,10975,31.999632,36.016132,197.68,0,58-10975,11649,N/A
2025-11-23T00:04:12.553861,100,48886,32.00026,36.015392,21.5,0,58-48886,11649,N/A
2025-11-23T00:04:12.553861,100,11523,32.000935,36.013863,197.6,0,58-11523,10612,N/A
2025-11-23T00:04:12.553861,100,11014,32.004826,36.014347,132.1,0,58-11014,10623,N/A
2025-11-23T00:04:12.553861,100,11724,32.000275,36.01534,0,0,58-11724,11648,N/A
2025-11-23T00:04:12.553861,100,40779,31.96065,35.95736,40.9,0,58-40779,11651,N/A
2025-11-23T00:04:12.553861,100,24926,31.999966,36.015114,232.1,0,58-24926,11653,N/A
2025-11-23T00:04:12.553861,100,50152,31.96139,35.95829,82.4,1,58-50152,11653,N/A
2025-11-23T00:04:12.553861,100,97599,31.992634,35.890064,309.89,1,58-97599,10622,N/A
2025-11-23T00:04:12.553861,100,10987,32.000244,36.01543,0,1,58-10987,11653,N/A
2025-11-23T00:04:12.553861,100,52302,31.964375,35.960926,34.79,1,58-52302,11653,N/A
2025-11-23T00:04:12.553861,100,21423,32.000317,36.01466,218.2,1,58-21423,11653,N/A
2025-11-23T00:04:12.553861,100,30732,32.004444,36.00834,359.4,1,58-30732,11653,N/A
2025-11-23T00:04:12.553861,100,95161,32.000343,36.014633,177.4,1,58-95161,11653,N/A
2025-11-23T00:04:12.553861,100,90702,32.021866,35.844257,43.9,1,58-90702,10613,N/A
2025-11-23T00:04:12.553861,100,10993,32.00027,36.014793,234.1,1,58-10993,11653,N/A
2025-11-23T00:04:12.553861,100,10981,31.999386,36.014343,0,1,58-10981,11651,N/A
2025-11-23T00:04:12.553861,100,11538,32.000355,36.014435,0,1,58-11538,11652,N/A
2025-11-23T00:04:12.553861,100,11520,32.000126,36.014256,298.39,1,58-11520,11653,N/A
2025-11-23T00:04:12.553861,100,93641,31.99996,36.015163,246.4,1,58-93641,11653,N/A
2025-11-23T00:04:12.553861,100,82779,31.963634,35.960278,36.1,1,58-82779,11653,N/A
2025-11-23T00:04:12.553861,100,10996,31.960546,35.956833,0,1,58-10996,11653,N/A
2025-11-23T00:04:12.553861,100,11544,31.961313,35.958122,0,1,58-11544,11653,N/A
2025-11-23T00:05:17.332395,99,32725,32.016674,35.86668,141.69,0,58-32725,10612,N/A
2025-11-23T00:05:17.332395,99,49451,32.021046,35.862095,134.1,0,58-49451,11675,N/A
2025-11-23T00:05:17.332395,99,96335,31.94823,35.91487,102,0,58-96335,10641,N/A
2025-11-23T00:05:17.332395,99,72129,31.944706,35.928158,106.5,0,58-72129,10641,N/A
2025-11-23T00:05:17.332395,99,45556,32.020844,35.84248,286.7,0,58-45556,10612,N/A
2025-11-23T00:05:17.332395,99,11005,32.00024,36.015,0,0,58-11005,10625,N/A
2025-11-23T00:05:17.332395,99,28732,32.021748,35.842438,58.6,0,58-28732,10612,N/A
2025-11-23T00:05:17.332395,99,66163,32.02123,35.84215,346.2,0,58-66163,10612,N/A
2025-11-23T00:05:17.332395,99,56867,32.020847,35.842632,289.3,0,58-56867,10612,N/A
2025-11-23T00:05:17.332395,99,25354,31.944778,35.92804,106.1,0,58-25354,10641,N/A
2025-11-23T00:05:17.332395,99,11649,32.022224,35.845154,72.31,0,58-11649,10612,N/A
2025-11-23T00:05:17.332395,99,11547,32.00016,36.01502,0,0,58-11547,10622,N/A
2025-11-23T00:05:17.332395,99,37113,32.02191,35.843987,70,0,58-37113,10612,N/A
2025-11-23T00:05:17.332395,99,11718,31.94541,35.928734,0,0,58-11718,10635,N/A
2025-11-23T00:05:17.332395,99,97202,31.945564,35.907276,226.7,1,58-97202,10635,N/A
2025-11-23T00:05:17.332395,99,22057,31.981777,35.892452,45,1,58-22057,10627,N/A
2025-11-23T00:05:17.332395,99,11670,32.00448,36.008205,0,1,58-11670,10636,N/A
2025-11-23T00:05:17.332395,99,11499,32.00014,36.015255,0,1,58-11499,10635,N/A
2025-11-23T00:05:17.332395,99,11526,32.0002,36.01552,0,1,58-11526,10622,N/A
2025-11-23T00:05:17.332395,99,73439,32.023087,35.848095,252.9,1,58-73439,10613,N/A
2025-11-23T00:05:17.332395,99,52827,31.94586,35.91979,285.5,1,58-52827,10643,N/A
2025-11-23T00:05:17.332395,99,11493,31.94533,35.928787,0,1,58-11493,10643,N/A
2025-11-23T00:05:17.332395,99,11496,32.00006,36.015587,192.2,1,58-11496,10642,N/A
2025-11-23T00:05:17.332395,100,50752,32.020058,35.86326,134.4,0,58-50752,11675,N/A
2025-11-23T00:05:17.332395,100,05961,31.992035,35.93529,109.4,0,58-95961,11647,N/A
2025-11-23T00:05:17.332395,100,16863,31.972178,35.938534,0,0,58-16863,11651,N/A
2025-11-23T00:05:17.332395,100,63240,32.001354,36.014027,197,0,58-63240,11649,N/A
2025-11-23T00:05:17.332395,100,98191,32.000126,36.015465,190.8,0,58-98191,10622,N/A
2025-11-23T00:05:17.332395,100,10975,31.999632,36.016132,197.68,0,58-10975,11649,N/A
2025-11-23T00:05:17.332395,100,48886,32.00026,36.015392,21.5,0,58-48886,11649,N/A
2025-11-23T00:05:17.332395,100,11523,32.000935,36.013863,197.6,0,58-11523,10612,N/A
2025-11-23T00:05:17.332395,100,11014,32.004826,36.014347,132.1,0,58-11014,10623,N/A
2025-11-23T00:05:17.332395,100,11724,32.000275,36.01534,0,0,58-11724,11648,N/A
2025-11-23T00:05:17.332395,100,40779,31.96065,35.95736,40.9,0,58-40779,11651,N/A
2025-11-23T00:05:17.332395,100,24926,31.999966,36.015114,232.1,0,58-24926,11653,N/A
2025-11-23T00:05:17.332395,100,50152,31.961601,35.957565,341.3,1,58-50152,11652,N/A
2025-11-23T00:05:17.332395,100,97599,31.992634,35.890064,309.89,1,58-97599,10622,N/A
2025-11-23T00:05:17.332395,100,10987,32.000244,36.01543,0,1,58-10987,11653,N/A
2025-11-23T00:05:17.332395,100,52302,31.964375,35.960926,34.79,1,58-52302,11653,N/A
2025-11-23T00:05:17.332395,100,21423,32.000317,36.01466,218.2,1,58-21423,11653,N/A
2025-11-23T00:05:17.332395,100,30732,32.004444,36.00834,359.4,1,58-30732,11651,N/A
2025-11-23T00:05:17.332395,100,95161,32.000343,36.014633,177.4,1,58-95161,11653,N/A
2025-11-23T00:05:17.332395,100,90702,32.021866,35.844257,43.9,1,58-90702,10613,N/A
2025-11-23T00:05:17.332395,100,10993,32.00027,36.014793,234.1,1,58-10993,11652,N/A
2025-11-23T00:05:17.332395,100,10981,31.999386,36.014343,0,1,58-10981,11653,N/A
2025-11-23T00:05:17.332395,100,11538,32.000355,36.014435,0,1,58-11538,11653,N/A
2025-11-23T00:05:17.332395,100,11520,32.000126,36.014256,298.39,1,58-11520,11653,N/A
2025-11-23T00:05:17.332395,100,93641,31.99996,36.015163,246.4,1,58-93641,11653,N/A
2025-11-23T00:05:17.332395,100,82779,31.963634,35.960278,36.1,1,58-82779,11653,N/A
2025-11-23T00:05:17.332395,100,10996,31.960546,35.956833,0,1,58-10996,11653,N/A
2025-11-23T00:05:17.332395,100,11544,31.961313,35.958122,0,1,58-11544,11653,N/A
2025-11-23T00:06:13.725673,99,32725,32.00807,35.871754,163.19,0,58-32725,10612,N/A
2025-11-23T00:06:13.725673,99,49451,32.01883,35.86466,135,0,58-49451,11675,N/A
2025-11-23T00:06:13.725673,99,96335,31.944832,35.919407,103.8,0,58-96335,10641,N/A
2025-11-23T00:06:13.725673,99,72129,31.944706,35.928158,106.5,0,58-72129,10641,N/A
2025-11-23T00:06:13.725673,99,45556,32.020844,35.84248,286.7,0,58-45556,10612,N/A
2025-11-23T00:06:13.725673,99,11005,32.00024,36.015,0,0,58-11005,10625,N/A
2025-11-23T00:06:13.725673,99,28732,32.021748,35.842438,58.6,0,58-28732,10612,N/A
2025-11-23T00:06:13.725673,99,66163,32.02123,35.84215,346.2,0,58-66163,10612,N/A
2025-11-23T00:06:13.725673,99,56867,32.020847,35.842632,289.3,0,58-56867,10612,N/A
2025-11-23T00:06:13.725673,99,25354,31.944778,35.92804,106.1,0,58-25354,10641,N/A
2025-11-23T00:06:13.725673,99,11649,32.022224,35.845154,72.31,0,58-11649,10612,N/A
2025-11-23T00:06:13.725673,99,11547,32.00016,36.01502,0,0,58-11547,10622,N/A
2025-11-23T00:06:13.725673,99,37113,32.02191,35.843987,70,0,58-37113,10612,N/A
2025-11-23T00:06:13.725673,99,11718,31.94541,35.928734,0,0,58-11718,10635,N/A
2025-11-23T00:06:13.725673,99,97202,31.948744,35.903187,324.7,1,58-97202,10635,N/A
2025-11-23T00:06:13.725673,99,22057,31.984808,35.896282,44.6,1,58-22057,10627,N/A
2025-11-23T00:06:13.725673,99,11670,32.00448,36.008205,0,1,58-11670,10636,N/A
2025-11-23T00:06:13.725673,99,11499,32.00014,36.015255,0,1,58-11499,10635,N/A
2025-11-23T00:06:13.725673,99,11526,32.0002,36.01552,0,1,58-11526,10622,N/A
2025-11-23T00:06:13.725673,99,73439,32.023087,35.848095,252.9,1,58-73439,10613,N/A
2025-11-23T00:06:13.725673,99,52827,31.94586,35.91979,285.5,1,58-52827,10643,N/A
2025-11-23T00:06:13.725673,99,11493,31.94533,35.928787,0,1,58-11493,10643,N/A
2025-11-23T00:06:13.725673,99,11496,32.00006,36.015587,192.2,1,58-11496,10642,N/A
2025-11-23T00:06:13.725673,100,50752,32.017998,35.865505,140,0,58-50752,11671,N/A
2025-11-23T00:06:13.725673,100,05961,31.98979,35.943142,107.6,0,58-95961,11647,N/A
2025-11-23T00:06:13.725673,100,16863,31.96902,35.943726,118.3,0,58-16863,11651,N/A
2025-11-23T00:06:13.725673,100,63240,32.001354,36.014027,197,0,58-63240,11649,N/A
2025-11-23T00:06:13.725673,100,98191,32.000126,36.015465,190.8,0,58-98191,10622,N/A
2025-11-23T00:06:13.725673,100,10975,31.999632,36.016132,197.68,0,58-10975,11649,N/A
2025-11-23T00:06:13.725673,100,48886,32.00026,36.015392,21.5,0,58-48886,11649,N/A
2025-11-23T00:06:13.725673,100,11523,32.000935,36.013863,197.6,0,58-11523,10612,N/A
2025-11-23T00:06:13.725673,100,11014,32.004826,36.014347,132.1,0,58-11014,10623,N/A
2025-11-23T00:06:13.725673,100,11724,32.000275,36.01534,0,0,58-11724,11648,N/A
2025-11-23T00:06:13.725673,100,40779,31.96065,35.95736,40.9,0,58-40779,11651,N/A
2025-11-23T00:06:13.725673,100,24926,31.999966,36.015114,232.1,0,58-24926,11653,N/A
2025-11-23T00:06:13.725673,100,50152,31.966425,35.950363,312.6,1,58-50152,11652,N/A
2025-11-23T00:06:13.725673,100,97599,31.992634,35.890064,309.89,1,58-97599,10622,N/A
2025-11-23T00:06:13.725673,100,10987,32.000244,36.01543,0,1,58-10987,11653,N/A
2025-11-23T00:06:13.725673,100,52302,31.964375,35.960926,34.79,1,58-52302,11653,N/A
2025-11-23T00:06:13.725673,100,21423,32.000317,36.01466,218.2,1,58-21423,11653,N/A
2025-11-23T00:06:13.725673,100,30732,32.004444,36.00834,359.4,1,58-30732,11651,N/A
2025-11-23T00:06:13.725673,100,95161,32.000343,36.014633,177.4,1,58-95161,11653,N/A
2025-11-23T00:06:13.725673,100,90702,32.021866,35.844257,43.9,1,58-90702,10613,N/A
2025-11-23T00:06:13.725673,100,10993,32.00027,36.014793,234.1,1,58-10993,11652,N/A
2025-11-23T00:06:13.725673,100,10981,31.999386,36.014343,0,1,58-10981,11653,N/A
2025-11-23T00:06:13.725673,100,11538,32.000355,36.014435,0,1,58-11538,11653,N/A
2025-11-23T00:06:13.725673,100,11520,32.000126,36.014256,298.39,1,58-11520,11653,N/A
2025-11-23T00:06:13.725673,100,93641,31.99996,36.015163,246.4,1,58-93641,11653,N/A
2025-11-23T00:06:13.725673,100,82779,31.963634,35.960278,36.1,1,58-82779,11653,N/A
2025-11-23T00:06:13.725673,100,10996,31.960546,35.956833,0,1,58-10996,11653,N/A
2025-11-23T00:06:13.725673,100,11544,31.961313,35.958122,0,1,58-11544,11653,N/A
2025-11-23T00:06:59.888044,99,32725,32.00362,35.874165,145.19,0,58-32725,10612,N/A
2025-11-23T00:06:59.888044,99,49451,32.018696,35.864803,138.9,0,58-49451,11675,N/A
2025-11-23T00:06:59.888044,99,96335,31.94481,35.923893,70.4,0,58-96335,10641,N/A
2025-11-23T00:06:59.888044,99,72129,31.944706,35.928158,106.5,0,58-72129,10641,N/A
2025-11-23T00:06:59.888044,99,45556,32.020844,35.84248,286.7,0,58-45556,10612,N/A
2025-11-23T00:06:59.888044,99,11005,32.00024,36.015,0,0,58-11005,10625,N/A
2025-11-23T00:06:59.888044,99,28732,32.021492,35.842632,46.1,0,58-28732,10612,N/A
2025-11-23T00:06:59.888044,99,66163,32.02123,35.84215,346.2,0,58-66163,10612,N/A
2025-11-23T00:06:59.888044,99,56867,32.020847,35.842632,289.3,0,58-56867,10612,N/A
2025-11-23T00:06:59.888044,99,25354,31.944778,35.92804,106.1,0,58-25354,10641,N/A
2025-11-23T00:06:59.888044,99,11649,32.022224,35.845154,72.31,0,58-11649,10612,N/A
2025-11-23T00:06:59.888044,99,11547,32.00016,36.01502,0,0,58-11547,10622,N/A
2025-11-23T00:06:59.888044,99,37113,32.02158,35.842438,0,0,58-37113,10612,N/A
2025-11-23T00:06:59.888044,99,11718,31.94541,35.928734,0,0,58-11718,10635,N/A
2025-11-23T00:06:59.888044,99,97202,31.9517,35.898586,284.7,1,58-97202,10635,N/A
2025-11-23T00:06:59.888044,99,22057,31.985783,35.898212,60.2,1,58-22057,10625,N/A
2025-11-23T00:06:59.888044,99,11670,32.00448,36.008205,0,1,58-11670,10636,N/A
2025-11-23T00:06:59.888044,99,11499,32.00014,36.015255,0,1,58-11499,10635,N/A
2025-11-23T00:06:59.888044,99,11526,32.0002,36.01552,0,1,58-11526,10622,N/A
2025-11-23T00:06:59.888044,99,73439,32.023087,35.848095,252.9,1,58-73439,10613,N/A
2025-11-23T00:06:59.888044,99,52827,31.94586,35.91979,285.5,1,58-52827,10643,N/A
2025-11-23T00:06:59.888044,99,11493,31.94533,35.928787,0,1,58-11493,10643,N/A
2025-11-23T00:06:59.888044,99,11496,32.00006,36.015587,192.2,1,58-11496,10642,N/A
2025-11-23T00:06:59.888044,100,50752,32.011013,35.870823,163.1,0,58-50752,10618,N/A
2025-11-23T00:06:59.888044,100,05961,31.989515,35.9439,161.1,0,58-95961,11649,N/A
2025-11-23T00:06:59.888044,100,16863,31.968122,35.946564,106.16,0,58-16863,11651,N/A
2025-11-23T00:06:59.888044,100,63240,32.001354,36.014027,197,0,58-63240,11649,N/A
2025-11-23T00:06:59.888044,100,98191,32.000126,36.015465,190.8,0,58-98191,10622,N/A
2025-11-23T00:06:59.888044,100,10975,31.999632,36.016132,197.68,0,58-10975,11649,N/A
2025-11-23T00:06:59.888044,100,48886,32.00026,36.015392,21.5,0,58-48886,11649,N/A
2025-11-23T00:06:59.888044,100,11523,32.000935,36.013863,197.6,0,58-11523,10612,N/A
2025-11-23T00:06:59.888044,100,11014,32.004826,36.014347,132.1,0,58-11014,10623,N/A
2025-11-23T00:06:59.888044,100,11724,32.000275,36.01534,0,0,58-11724,11648,N/A
2025-11-23T00:06:59.888044,100,40779,31.96065,35.95736,40.9,0,58-40779,11651,N/A
2025-11-23T00:06:59.888044,100,24926,31.999966,36.015114,232.1,0,58-24926,11653,N/A
2025-11-23T00:06:59.888044,100,50152,31.968178,35.946453,286.2,1,58-50152,11652,N/A
2025-11-23T00:06:59.888044,100,97599,31.992634,35.890064,309.89,1,58-97599,10622,N/A
2025-11-23T00:06:59.888044,100,10987,32.000244,36.01543,0,1,58-10987,11653,N/A
2025-11-23T00:06:59.888044,100,52302,31.964375,35.960926,34.79,1,58-52302,11653,N/A
2025-11-23T00:06:59.888044,100,21423,32.000317,36.01466,218.2,1,58-21423,11653,N/A
2025-11-23T00:06:59.888044,100,30732,32.004444,36.00834,359.4,1,58-30732,11653,N/A
2025-11-23T00:06:59.888044,100,95161,32.000343,36.014633,177.4,1,58-95161,11653,N/A
2025-11-23T00:06:59.888044,100,90702,32.021866,35.844257,43.9,1,58-90702,10613,N/A
2025-11-23T00:06:59.888044,100,10993,32.00027,36.014793,234.1,1,58-10993,11653,N/A
2025-11-23T00:06:59.888044,100,10981,31.999386,36.014343,0,1,58-10981,11651,N/A
2025-11-23T00:06:59.888044,100,11538,32.000355,36.014435,0,1,58-11538,11652,N/A
2025-11-23T00:06:59.888044,100,11520,32.000126,36.014256,298.39,1,58-11520,11653,N/A
2025-11-23T00:06:59.888044,100,93641,31.99996,36.015163,246.4,1,58-93641,11653,N/A
2025-11-23T00:06:59.888044,100,82779,31.963634,35.960278,36.1,1,58-82779,11653,N/A
2025-11-23T00:06:59.888044,100,10996,31.960546,35.956833,0,1,58-10996,11653,N/A
2025-11-23T00:06:59.888044,100,11544,31.961313,35.958122,0,1,58-11544,11653,N/A
2025-11-23T00:07:44.715040,99,32725,31.996635,35.883587,126.5,0,58-32725,10612,N/A
2025-11-23T00:07:44.715040,99,49451,32.016167,35.86721,142.3,0,58-49451,11671,N/A
2025-11-23T00:07:44.715040,99,96335,31.94514,35.927013,105.5,0,58-96335,10641,N/A
2025-11-23T00:07:44.715040,99,72129,31.944706,35.928158,106.5,0,58-72129,10641,N/A
2025-11-23T00:07:44.715040,99,45556,32.020844,35.84248,286.7,0,58-45556,10612,N/A
2025-11-23T00:07:44.715040,99,11005,32.00024,36.015,0,0,58-11005,10625,N/A
2025-11-23T00:07:44.715040,99,28732,32.021492,35.842632,46.1,0,58-28732,10612,N/A
2025-11-23T00:07:44.715040,99,66163,32.02123,35.84215,346.2,0,58-66163,10612,N/A
2025-11-23T00:07:44.715040,99,56867,32.020847,35.842632,289.3,0,58-56867,10612,N/A
2025-11-23T00:07:44.715040,99,25354,31.944778,35.92804,106.1,0,58-25354,10641,N/A
2025-11-23T00:07:44.715040,99,11649,32.022224,35.845154,72.31,0,58-11649,10612,N/A
2025-11-23T00:07:44.715040,99,11547,32.00016,36.01502,0,0,58-11547,10622,N/A
2025-11-23T00:07:44.715040,99,37113,32.02158,35.842438,0,0,58-37113,10612,N/A
2025-11-23T00:07:44.715040,99,11718,31.94541,35.928734,0,0,58-11718,10635,N/A
2025-11-23T00:07:44.715040,99,97202,31.954132,35.88752,292.39,1,58-97202,10635,N/A
2025-11-23T00:07:44.715040,99,22057,31.986279,35.897972,310.7,1,58-22057,10625,N/A
2025-11-23T00:07:44.715040,99,11670,32.00448,36.008205,0,1,58-11670,10636,N/A
2025-11-23T00:07:44.715040,99,11499,32.00014,36.015255,0,1,58-11499,10635,N/A
2025-11-23T00:07:44.715040,99,11526,32.0002,36.01552,0,1,58-11526,10622,N/A
2025-11-23T00:07:44.715040,99,73439,32.023087,35.848095,252.9,1,58-73439,10613,N/A
2025-11-23T00:07:44.715040,99,52827,31.94586,35.91979,285.5,1,58-52827,10643,N/A
2025-11-23T00:07:44.715040,99,11493,31.94533,35.928787,0,1,58-11493,10643,N/A
2025-11-23T00:07:44.715040,99,11496,32.00006,36.015587,192.2,1,58-11496,10642,N/A
2025-11-23T00:07:44.715040,100,50752,32.006237,35.87263,154.6,0,58-50752,10618,N/A
2025-11-23T00:07:44.715040,100,05961,31.989489,35.944107,131.19,0,58-95961,11649,N/A
2025-11-23T00:07:44.715040,100,16863,31.962404,35.95696,140.16,0,58-16863,11651,N/A
2025-11-23T00:07:44.715040,100,63240,32.001354,36.014027,197,0,58-63240,11649,N/A
2025-11-23T00:07:44.715040,100,98191,32.000126,36.015465,190.8,0,58-98191,10622,N/A
2025-11-23T00:07:44.715040,100,10975,31.999632,36.016132,197.68,0,58-10975,11649,N/A
2025-11-23T00:07:44.715040,100,48886,32.00026,36.015392,21.5,0,58-48886,11649,N/A
2025-11-23T00:07:44.715040,100,11523,32.000935,36.013863,197.6,0,58-11523,10612,N/A
2025-11-23T00:07:44.715040,100,11014,32.004826,36.014347,132.1,0,58-11014,10619,N/A
2025-11-23T00:07:44.715040,100,11724,32.000275,36.01534,0,0,58-11724,11648,N/A
2025-11-23T00:07:44.715040,100,40779,31.96065,35.95736,40.9,0,58-40779,11651,N/A
2025-11-23T00:07:44.715040,100,24926,31.999966,36.015114,232.1,0,58-24926,11653,N/A
2025-11-23T00:07:44.715040,100,50152,31.97119,35.939373,300.2,1,58-50152,11652,N/A
2025-11-23T00:07:44.715040,100,97599,31.992634,35.890064,309.89,1,58-97599,10622,N/A
2025-11-23T00:07:44.715040,100,10987,32.000244,36.01543,0,1,58-10987,11653,N/A
2025-11-23T00:07:44.715040,100,52302,31.964375,35.960926,34.79,1,58-52302,11653,N/A
2025-11-23T00:07:44.715040,100,21423,32.000317,36.01466,218.2,1,58-21423,11653,N/A
2025-11-23T00:07:44.715040,100,30732,32.004444,36.00834,359.4,1,58-30732,11651,N/A
2025-11-23T00:07:44.715040,100,95161,32.000343,36.014633,177.4,1,58-95161,11653,N/A
2025-11-23T00:07:44.715040,100,90702,32.021866,35.844257,43.9,1,58-90702,10613,N/A
2025-11-23T00:07:44.715040,100,10993,32.00027,36.014793,234.1,1,58-10993,11652,N/A
2025-11-23T00:07:44.715040,100,10981,31.999386,36.014343,0,1,58-10981,11653,N/A
2025-11-23T00:07:44.715040,100,11538,32.000355,36.014435,0,1,58-11538,11653,N/A
2025-11-23T00:07:44.715040,100,11520,32.000126,36.014256,298.39,1,58-11520,11653,N/A
2025-11-23T00:07:44.715040,100,93641,31.99996,36.015163,246.4,1,58-93641,11653,N/A
2025-11-23T00:07:44.715040,100,82779,31.963634,35.960278,36.1,1,58-82779,11653,N/A
2025-11-23T00:07:44.715040,100,10996,31.960546,35.956833,0,1,58-10996,11653,N/A
2025-11-23T00:07:44.715040,100,11544,31.961313,35.958122,0,1,58-11544,11653,N/A
2025-11-23T00:08:30.297990,99,32725,31.99262,35.88994,125.8,0,58-32725,10622,N/A
2025-11-23T00:08:30.297990,99,49451,32.015133,35.86818,139,0,58-49451,10617,N/A
2025-11-23T00:08:30.297990,99,96335,31.94514,35.927013,105.5,0,58-96335,10641,N/A
2025-11-23T00:08:30.297990,99,72129,31.944706,35.928158,106.5,0,58-72129,10641,N/A
2025-11-23T00:08:30.297990,99,45556,32.020844,35.84248,286.7,0,58-45556,10612,N/A
2025-11-23T00:08:30.297990,99,11005,32.00024,36.015,0,0,58-11005,10625,N/A
2025-11-23T00:08:30.297990,99,28732,32.021492,35.842632,46.1,0,58-28732,10612,N/A
2025-11-23T00:08:30.297990,99,66163,32.02123,35.84215,346.2,0,58-66163,10612,N/A
2025-11-23T00:08:30.297990,99,56867,32.020847,35.842632,289.3,0,58-56867,10612,N/A
2025-11-23T00:08:30.297990,99,25354,31.944778,35.92804,106.1,0,58-25354,10641,N/A
2025-11-23T00:08:30.297990,99,11649,32.022224,35.845154,72.31,0,58-11649,10612,N/A
2025-11-23T00:08:30.297990,99,11547,32.00016,36.01502,0,0,58-11547,10622,N/A
2025-11-23T00:08:30.297990,99,37113,32.02158,35.842438,0,0,58-37113,10612,N/A
2025-11-23T00:08:30.297990,99,11718,31.94541,35.928734,0,0,58-11718,10635,N/A
2025-11-23T00:08:30.297990,99,97202,31.955753,35.88327,302.39,1,58-97202,10635,N/A
2025-11-23T00:08:30.297990,99,22057,31.989176,35.894558,319,1,58-22057,10625,N/A
2025-11-23T00:08:30.297990,99,11670,32.00448,36.008205,0,1,58-11670,10636,N/A
2025-11-23T00:08:30.297990,99,11499,32.00014,36.015255,0,1,58-11499,10635,N/A
2025-11-23T00:08:30.297990,99,11526,32.0002,36.01552,0,1,58-11526,10622,N/A
2025-11-23T00:08:30.297990,99,73439,32.023087,35.848095,252.9,1,58-73439,10613,N/A
2025-11-23T00:08:30.297990,99,52827,31.94586,35.91979,285.5,1,58-52827,10643,N/A
2025-11-23T00:08:30.297990,99,11493,31.94533,35.928787,0,1,58-11493,10643,N/A
2025-11-23T00:08:30.297990,99,11496,32.00006,36.015587,192.2,1,58-11496,10642,N/A
2025-11-23T00:08:30.297990,100,50752,32.00498,35.87341,149.6,0,58-50752,10619,N/A
2025-11-23T00:08:30.297990,100,05961,31.989513,35.94417,115,0,58-95961,11649,N/A
2025-11-23T00:08:30.297990,100,16863,31.960297,35.95782,182.02,0,58-16863,11651,N/A
2025-11-23T00:08:30.297990,100,63240,32.001354,36.014027,197,0,58-63240,11649,N/A
2025-11-23T00:08:30.297990,100,98191,32.000126,36.015465,190.8,0,58-98191,10622,N/A
2025-11-23T00:08:30.297990,100,10975,31.999632,36.016132,197.68,0,58-10975,11649,N/A
2025-11-23T00:08:30.297990,100,48886,32.00026,36.015392,21.5,0,58-48886,11649,N/A
2025-11-23T00:08:30.297990,100,11523,32.000935,36.013863,197.6,0,58-11523,10612,N/A
2025-11-23T00:08:30.297990,100,11014,32.004826,36.014347,132.1,0,58-11014,10623,N/A
2025-11-23T00:08:30.297990,100,11724,32.000275,36.01534,0,0,58-11724,11648,N/A
2025-11-23T00:08:30.297990,100,40779,31.96065,35.95736,40.9,0,58-40779,11651,N/A
2025-11-23T00:08:30.297990,100,24926,31.999966,36.015114,232.1,0,58-24926,11653,N/A
2025-11-23T00:08:30.297990,100,50152,31.972933,35.938606,3,1,58-50152,11652,N/A
2025-11-23T00:08:30.297990,100,97599,31.992634,35.890064,309.89,1,58-97599,10622,N/A
2025-11-23T00:08:30.297990,100,10987,32.000244,36.01543,0,1,58-10987,11653,N/A
2025-11-23T00:08:30.297990,100,52302,31.964375,35.960926,34.79,1,58-52302,11653,N/A
2025-11-23T00:08:30.297990,100,21423,32.000317,36.01466,218.2,1,58-21423,11653,N/A
2025-11-23T00:08:30.297990,100,30732,32.004444,36.00834,359.4,1,58-30732,11651,N/A
2025-11-23T00:08:30.297990,100,95161,32.000343,36.014633,177.4,1,58-95161,11653,N/A
2025-11-23T00:08:30.297990,100,90702,32.021866,35.844257,43.9,1,58-90702,10613,N/A
2025-11-23T00:08:30.297990,100,10993,32.00027,36.014793,234.1,1,58-10993,11652,N/A
2025-11-23T00:08:30.297990,100,10981,31.999386,36.014343,0,1,58-10981,11653,N/A
2025-11-23T00:08:30.297990,100,11538,32.000355,36.014435,0,1,58-11538,11653,N/A
2025-11-23T00:08:30.297990,100,11520,32.000126,36.014256,298.39,1,58-11520,11653,N/A
2025-11-23T00:08:30.297990,100,93641,31.99996,36.015163,246.4,1,58-93641,11653,N/A
2025-11-23T00:08:30.297990,100,82779,31.963634,35.960278,36.1,1,58-82779,11653,N/A
2025-11-23T00:08:30.297990,100,10996,31.960546,35.956833,0,1,58-10996,11653,N/A
2025-11-23T00:08:30.297990,100,11544,31.961313,35.958122,0,1,58-11544,11653,N/A
2025-11-23T00:09:25.114072,99,32725,31.985872,35.897793,96.4,0,58-32725,10625,N/A
2025-11-23T00:09:25.114072,99,49451,32.008606,35.87164,163.1,0,58-49451,10617,N/A
2025-11-23T00:09:25.114072,99,96335,31.94514,35.927013,105.5,0,58-96335,10641,N/A
2025-11-23T00:09:25.114072,99,72129,31.944706,35.928158,106.5,0,58-72129,10641,N/A
2025-11-23T00:09:25.114072,99,45556,32.020844,35.84248,286.7,0,58-45556,10612,N/A
2025-11-23T00:09:25.114072,99,11005,32.00024,36.015,0,0,58-11005,10625,N/A
2025-11-23T00:09:25.114072,99,28732,32.021748,35.842438,58.6,0,58-28732,10612,N/A
2025-11-23T00:09:25.114072,99,66163,32.02123,35.84215,346.2,0,58-66163,10612,N/A
2025-11-23T00:09:25.114072,99,56867,32.020847,35.842632,289.3,0,58-56867,10612,N/A
2025-11-23T00:09:25.114072,99,25354,31.944778,35.92804,106.1,0,58-25354,10641,N/A
2025-11-23T00:09:25.114072,99,11649,32.022224,35.845154,72.31,0,58-11649,10612,N/A
2025-11-23T00:09:25.114072,99,11547,32.00016,36.01502,0,0,58-11547,10622,N/A
2025-11-23T00:09:25.114072,99,37113,32.02191,35.843987,70,0,58-37113,10612,N/A
2025-11-23T00:09:25.114072,99,11718,31.94541,35.928734,0,0,58-11718,10635,N/A
2025-11-23T00:09:25.114072,99,97202,31.958672,35.879425,30.3,1,58-97202,10630,N/A
2025-11-23T00:09:25.114072,99,22057,31.992317,35.891167,309.5,1,58-22057,10625,N/A
2025-11-23T00:09:25.114072,99,11670,32.00448,36.008205,0,1,58-11670,10636,N/A
2025-11-23T00:09:25.114072,99,11499,32.00014,36.015255,0,1,58-11499,10635,N/A
2025-11-23T00:09:25.114072,99,11526,32.0002,36.01552,0,1,58-11526,10622,N/A
2025-11-23T00:09:25.114072,99,73439,32.023087,35.848095,252.9,1,58-73439,10613,N/A
2025-11-23T00:09:25.114072,99,52827,31.94586,35.91979,285.5,1,58-52827,10643,N/A
2025-11-23T00:09:25.114072,99,11493,31.94533,35.928787,0,1,58-11493,10643,N/A
2025-11-23T00:09:25.114072,99,11496,32.00006,36.015587,192.2,1,58-11496,10642,N/A
2025-11-23T00:09:25.114072,100,50752,31.998615,35.88061,126.8,0,58-50752,10620,N/A
2025-11-23T00:09:25.114072,100,05961,31.98647,35.94261,197.9,0,58-95961,11649,N/A
2025-11-23T00:09:25.114072,100,63240,32.001354,36.014027,197,0,58-63240,11649,N/A
2025-11-23T00:09:25.114072,100,98191,32.000126,36.015465,190.8,0,58-98191,10622,N/A
2025-11-23T00:09:25.114072,100,10975,31.999632,36.016132,197.68,0,58-10975,11649,N/A
2025-11-23T00:09:25.114072,100,48886,32.00026,36.015392,21.5,0,58-48886,11649,N/A
2025-11-23T00:09:25.114072,100,11523,32.000935,36.013863,197.6,0,58-11523,10612,N/A
2025-11-23T00:09:25.114072,100,11014,32.004826,36.014347,132.1,0,58-11014,10619,N/A
2025-11-23T00:09:25.114072,100,11724,32.000275,36.01534,0,0,58-11724,11648,N/A
2025-11-23T00:09:25.114072,100,40779,31.96065,35.95736,40.9,0,58-40779,11651,N/A
2025-11-23T00:09:25.114072,100,24926,31.999966,36.015114,232.1,0,58-24926,11653,N/A
2025-11-23T00:09:25.114072,100,16863,31.961584,35.958435,38,1,58-16863,11653,N/A
2025-11-23T00:09:25.114072,100,50152,31.97468,35.93873,4.3,1,58-50152,11652,N/A
2025-11-23T00:09:25.114072,100,97599,31.992634,35.890064,309.89,1,58-97599,10622,N/A
2025-11-23T00:09:25.114072,100,10987,32.000244,36.01543,0,1,58-10987,11653,N/A
2025-11-23T00:09:25.114072,100,52302,31.964375,35.960926,34.79,1,58-52302,11653,N/A
2025-11-23T00:09:25.114072,100,21423,32.000317,36.01466,218.2,1,58-21423,11653,N/A
2025-11-23T00:09:25.114072,100,30732,32.004444,36.00834,359.4,1,58-30732,11651,N/A
2025-11-23T00:09:25.114072,100,95161,32.000343,36.014633,177.4,1,58-95161,11653,N/A
2025-11-23T00:09:25.114072,100,90702,32.021866,35.844257,43.9,1,58-90702,10613,N/A
2025-11-23T00:09:25.114072,100,10993,32.00027,36.014793,234.1,1,58-10993,11652,N/A
2025-11-23T00:09:25.114072,100,10981,31.999386,36.014343,0,1,58-10981,11653,N/A
2025-11-23T00:09:25.114072,100,11538,32.000355,36.014435,0,1,58-11538,11653,N/A
2025-11-23T00:09:25.114072,100,11520,32.000126,36.014256,298.39,1,58-11520,11653,N/A
2025-11-23T00:09:25.114072,100,93641,31.99996,36.015163,246.4,1,58-93641,11653,N/A
2025-11-23T00:09:25.114072,100,82779,31.963634,35.960278,36.1,1,58-82779,11653,N/A
2025-11-23T00:09:25.114072,100,10996,31.960546,35.956833,0,1,58-10996,11653,N/A
2025-11-23T00:09:25.114072,100,11544,31.961313,35.958122,0,1,58-11544,11653,N/A
2025-11-23T00:10:21.098681,99,32725,31.988264,35.90764,64.7,0,58-32725,10625,N/A
2025-11-23T00:10:21.098681,99,49451,32.001263,35.87668,133.69,0,58-49451,10617,N/A
2025-11-23T00:10:21.098681,99,96335,31.94514,35.927013,105.5,0,58-96335,10641,N/A
2025-11-23T00:10:21.098681,99,72129,31.944706,35.928158,106.5,0,58-72129,10641,N/A
2025-11-23T00:10:21.098681,99,45556,32.020844,35.84248,286.7,0,58-45556,10612,N/A
2025-11-23T00:10:21.098681,99,11005,32.00024,36.015,0,0,58-11005,10625,N/A
2025-11-23T00:10:21.098681,99,28732,32.021748,35.842438,58.6,0,58-28732,10612,N/A
2025-11-23T00:10:21.098681,99,66163,32.02123,35.84215,346.2,0,58-66163,10612,N/A
2025-11-23T00:10:21.098681,99,56867,32.020847,35.842632,289.3,0,58-56867,10612,N/A
2025-11-23T00:10:21.098681,99,25354,31.944778,35.92804,106.1,0,58-25354,10641,N/A
2025-11-23T00:10:21.098681,99,11649,32.022224,35.845154,72.31,0,58-11649,10612,N/A
2025-11-23T00:10:21.098681,99,11547,32.00016,36.01502,0,0,58-11547,10622,N/A
2025-11-23T00:10:21.098681,99,37113,32.02191,35.843987,70,0,58-37113,10612,N/A
2025-11-23T00:10:21.098681,99,11718,31.94541,35.928734,0,0,58-11718,10635,N/A
2025-11-23T00:10:21.098681,99,97202,31.958668,35.879414,30.3,1,58-97202,10630,N/A
2025-11-23T00:10:21.098681,99,22057,31.993177,35.88986,303.3,1,58-22057,10625,N/A
2025-11-23T00:10:21.098681,99,11670,32.00448,36.008205,0,1,58-11670,10636,N/A
2025-11-23T00:10:21.098681,99,11499,32.00014,36.015255,0,1,58-11499,10635,N/A
2025-11-23T00:10:21.098681,99,11526,32.0002,36.01552,0,1,58-11526,10622,N/A
2025-11-23T00:10:21.098681,99,73439,32.023087,35.848095,252.9,1,58-73439,10613,N/A
2025-11-23T00:10:21.098681,99,52827,31.94586,35.91979,285.5,1,58-52827,10643,N/A
2025-11-23T00:10:21.098681,99,11493,31.94533,35.928787,0,1,58-11493,10643,N/A
2025-11-23T00:10:21.098681,99,11496,32.00006,36.015587,192.2,1,58-11496,10642,N/A
2025-11-23T00:10:21.098681,100,50752,31.998253,35.881157,127.9,0,58-50752,10620,N/A
2025-11-23T00:10:21.098681,100,05961,31.981895,35.940815,199.3,0,58-95961,11649,N/A
2025-11-23T00:10:21.098681,100,63240,32.001354,36.014027,197,0,58-63240,11649,N/A
2025-11-23T00:10:21.098681,100,98191,32.000126,36.015465,190.8,0,58-98191,10622,N/A
2025-11-23T00:10:21.098681,100,10975,31.999632,36.016132,197.68,0,58-10975,11649,N/A
2025-11-23T00:10:21.098681,100,48886,32.00026,36.015392,21.5,0,58-48886,11649,N/A
2025-11-23T00:10:21.098681,100,11523,32.000935,36.013863,197.6,0,58-11523,10612,N/A
2025-11-23T00:10:21.098681,100,11014,32.004826,36.014347,132.1,0,58-11014,10619,N/A
2025-11-23T00:10:21.098681,100,11724,32.000275,36.01534,0,0,58-11724,11648,N/A
2025-11-23T00:10:21.098681,100,40779,31.96065,35.95736,40.9,0,58-40779,11651,N/A
2025-11-23T00:10:21.098681,100,24926,31.999966,36.015114,232.1,0,58-24926,11653,N/A
2025-11-23T00:10:21.098681,100,16863,31.963108,35.959904,0,1,58-16863,11653,N/A
2025-11-23T00:10:21.098681,100,50152,31.980068,35.940014,18.5,1,58-50152,11652,N/A
2025-11-23T00:10:21.098681,100,97599,31.992634,35.890064,309.89,1,58-97599,10622,N/A
2025-11-23T00:10:21.098681,100,10987,32.000244,36.01543,0,1,58-10987,11653,N/A
2025-11-23T00:10:21.098681,100,52302,31.964375,35.960926,34.79,1,58-52302,11653,N/A
2025-11-23T00:10:21.098681,100,21423,32.000317,36.01466,218.2,1,58-21423,11653,N/A
2025-11-23T00:10:21.098681,100,30732,32.004444,36.00834,359.4,1,58-30732,11651,N/A
2025-11-23T00:10:21.098681,100,95161,32.000343,36.014633,177.4,1,58-95161,11653,N/A
2025-11-23T00:10:21.098681,100,90702,32.021866,35.844257,43.9,1,58-90702,10613,N/A
2025-11-23T00:10:21.098681,100,10993,32.00027,36.014793,234.1,1,58-10993,11652,N/A
2025-11-23T00:10:21.098681,100,10981,31.999386,36.014343,0,1,58-10981,11653,N/A
2025-11-23T00:10:21.098681,100,11538,32.000355,36.014435,0,1,58-11538,11653,N/A
2025-11-23T00:10:21.098681,100,11520,32.000126,36.014256,298.39,1,58-11520,11653,N/A
2025-11-23T00:10:21.098681,100,93641,31.99996,36.015163,246.4,1,58-93641,11653,N/A
2025-11-23T00:10:21.098681,100,82779,31.963634,35.960278,36.1,1,58-82779,11653,N/A
2025-11-23T00:10:21.098681,100,10996,31.960546,35.956833,0,1,58-10996,11653,N/A
2025-11-23T00:10:21.098681,100,11544,31.961313,35.958122,0,1,58-11544,11653,N/A
2025-11-23T00:11:15.712901,99,32725,31.992847,35.917534,72,0,58-32725,10625,N/A
2025-11-23T00:11:15.712901,99,49451,31.996836,35.88339,126.8,0,58-49451,10620,N/A
2025-11-23T00:11:15.712901,99,96335,31.94514,35.927013,105.5,0,58-96335,10641,N/A
2025-11-23T00:11:15.712901,99,72129,31.944706,35.928158,106.5,0,58-72129,10641,N/A
2025-11-23T00:11:15.712901,99,45556,32.020844,35.84248,286.7,0,58-45556,10612,N/A
2025-11-23T00:11:15.712901,99,11005,32.00024,36.015,0,0,58-11005,10625,N/A
2025-11-23T00:11:15.712901,99,28732,32.021748,35.842438,58.6,0,58-28732,10612,N/A
2025-11-23T00:11:15.712901,99,66163,32.02123,35.84215,346.2,0,58-66163,10612,N/A
2025-11-23T00:11:15.712901,99,56867,32.020847,35.842632,289.3,0,58-56867,10612,N/A
2025-11-23T00:11:15.712901,99,25354,31.944778,35.92804,106.1,0,58-25354,10641,N/A
2025-11-23T00:11:15.712901,99,11649,32.022224,35.845154,72.31,0,58-11649,10612,N/A
2025-11-23T00:11:15.712901,99,11547,32.00016,36.01502,0,0,58-11547,10622,N/A
2025-11-23T00:11:15.712901,99,37113,32.02191,35.843987,70,0,58-37113,10612,N/A
2025-11-23T00:11:15.712901,99,11718,31.94541,35.928734,0,0,58-11718,10635,N/A
2025-11-23T00:11:15.712901,99,97202,31.96452,35.884026,41.6,1,58-97202,10629,N/A
2025-11-23T00:11:15.712901,99,22057,31.996258,35.884903,305.1,1,58-22057,10625,N/A
2025-11-23T00:11:15.712901,99,11670,32.00448,36.008205,0,1,58-11670,10636,N/A
2025-11-23T00:11:15.712901,99,11499,32.00014,36.015255,0,1,58-11499,10635,N/A
2025-11-23T00:11:15.712901,99,11526,32.0002,36.01552,0,1,58-11526,10622,N/A
2025-11-23T00:11:15.712901,99,73439,32.023087,35.848095,252.9,1,58-73439,10613,N/A
2025-11-23T00:11:15.712901,99,52827,31.94586,35.91979,285.5,1,58-52827,10643,N/A
2025-11-23T00:11:15.712901,99,11493,31.94533,35.928787,0,1,58-11493,10643,N/A
2025-11-23T00:11:15.712901,99,11496,32.00006,36.015587,192.2,1,58-11496,10642,N/A
2025-11-23T00:11:15.712901,100,50752,31.995682,35.885166,125.5,0,58-50752,10621,N/A
2025-11-23T00:11:15.712901,100,05961,31.98051,35.940147,200.6,0,58-95961,11650,N/A
2025-11-23T00:11:15.712901,100,63240,32.001354,36.014027,197,0,58-63240,11649,N/A
2025-11-23T00:11:15.712901,100,98191,32.000126,36.015465,190.8,0,58-98191,10622,N/A
2025-11-23T00:11:15.712901,100,10975,31.999632,36.016132,197.68,0,58-10975,11649,N/A
2025-11-23T00:11:15.712901,100,48886,32.00026,36.015392,21.5,0,58-48886,11649,N/A
2025-11-23T00:11:15.712901,100,11523,32.000935,36.013863,197.6,0,58-11523,10612,N/A
2025-11-23T00:11:15.712901,100,11014,32.004826,36.014347,132.1,0,58-11014,10619,N/A
2025-11-23T00:11:15.712901,100,11724,32.000275,36.01534,0,0,58-11724,11648,N/A
2025-11-23T00:11:15.712901,100,40779,31.96065,35.95736,40.9,0,58-40779,11651,N/A
2025-11-23T00:11:15.712901,100,24926,31.999966,36.015114,232.1,0,58-24926,11653,N/A
2025-11-23T00:11:15.712901,100,16863,31.9681,35.964214,46.69,1,58-16863,11653,N/A
2025-11-23T00:11:15.712901,100,50152,31.98113,35.94048,20.7,1,58-50152,11650,N/A
2025-11-23T00:11:15.712901,100,97599,31.992634,35.890064,309.89,1,58-97599,10622,N/A
2025-11-23T00:11:15.712901,100,10987,32.000244,36.01543,0,1,58-10987,11653,N/A
2025-11-23T00:11:15.712901,100,52302,31.964375,35.960926,34.79,1,58-52302,11653,N/A
2025-11-23T00:11:15.712901,100,21423,32.000317,36.01466,218.2,1,58-21423,11653,N/A
2025-11-23T00:11:15.712901,100,30732,32.004444,36.00834,359.4,1,58-30732,11651,N/A
2025-11-23T00:11:15.712901,100,95161,32.000343,36.014633,177.4,1,58-95161,11653,N/A
2025-11-23T00:11:15.712901,100,90702,32.021866,35.844257,43.9,1,58-90702,10613,N/A
2025-11-23T00:11:15.712901,100,10993,32.00027,36.014793,234.1,1,58-10993,11652,N/A
2025-11-23T00:11:15.712901,100,10981,31.999386,36.014343,0,1,58-10981,11653,N/A
2025-11-23T00:11:15.712901,100,11538,32.000355,36.014435,0,1,58-11538,11653,N/A
2025-11-23T00:11:15.712901,100,11520,32.000126,36.014256,298.39,1,58-11520,11653,N/A
2025-11-23T00:11:15.712901,100,93641,31.99996,36.015163,246.4,1,58-93641,11653,N/A
2025-11-23T00:11:15.712901,100,82779,31.963634,35.960278,36.1,1,58-82779,11653,N/A
2025-11-23T00:11:15.712901,100,10996,31.960546,35.956833,0,1,58-10996,11653,N/A
2025-11-23T00:11:15.712901,100,11544,31.961313,35.958122,0,1,58-11544,11653,N/A
2025-11-23T00:12:17.907467,99,32725,31.993422,35.928642,95.7,0,58-32725,10625,N/A
2025-11-23T00:12:17.907467,99,49451,31.992865,35.88963,127.3,0,58-49451,10620,N/A
2025-11-23T00:12:17.907467,99,96335,31.94514,35.927013,105.5,0,58-96335,10641,N/A
2025-11-23T00:12:17.907467,99,72129,31.944706,35.928158,106.5,0,58-72129,10641,N/A
2025-11-23T00:12:17.907467,99,45556,32.020844,35.84248,286.7,0,58-45556,10612,N/A
2025-11-23T00:12:17.907467,99,11005,32.00024,36.015,0,0,58-11005,10625,N/A
2025-11-23T00:12:17.907467,99,28732,32.021748,35.842438,58.6,0,58-28732,10612,N/A
2025-11-23T00:12:17.907467,99,66163,32.02123,35.84215,346.2,0,58-66163,10612,N/A
2025-11-23T00:12:17.907467,99,56867,32.020847,35.842632,289.3,0,58-56867,10612,N/A
2025-11-23T00:12:17.907467,99,25354,31.944778,35.92804,106.1,0,58-25354,10641,N/A
2025-11-23T00:12:17.907467,99,11649,32.022224,35.845154,72.31,0,58-11649,10612,N/A
2025-11-23T00:12:17.907467,99,11547,32.00016,36.01502,0,0,58-11547,10622,N/A
2025-11-23T00:12:17.907467,99,37113,32.02191,35.843987,70,0,58-37113,10612,N/A
2025-11-23T00:12:17.907467,99,11718,31.94541,35.928734,0,0,58-11718,10635,N/A
2025-11-23T00:12:17.907467,99,97202,31.966608,35.886723,66.7,1,58-97202,10629,N/A
2025-11-23T00:12:17.907467,99,22057,31.998901,35.88081,305.39,1,58-22057,10625,N/A
2025-11-23T00:12:17.907467,99,11670,32.00448,36.008205,0,1,58-11670,10636,N/A
2025-11-23T00:12:17.907467,99,11499,32.00014,36.015255,0,1,58-11499,10635,N/A
2025-11-23T00:12:17.907467,99,11526,32.0002,36.01552,0,1,58-11526,10622,N/A
2025-11-23T00:12:17.907467,99,73439,32.023087,35.848095,252.9,1,58-73439,10613,N/A
2025-11-23T00:12:17.907467,99,52827,31.94586,35.91979,285.5,1,58-52827,10643,N/A
2025-11-23T00:12:17.907467,99,11493,31.94533,35.928787,0,1,58-11493,10643,N/A
2025-11-23T00:12:17.907467,99,11496,32.00006,36.015587,192.2,1,58-11496,10642,N/A
2025-11-23T00:12:17.907467,100,50752,31.992798,35.889767,126.4,0,58-50752,10622,N/A
2025-11-23T00:12:17.907467,100,05961,31.979506,35.939796,200.8,0,58-95961,11650,N/A
2025-11-23T00:12:17.907467,100,63240,32.001354,36.014027,197,0,58-63240,11649,N/A
2025-11-23T00:12:17.907467,100,98191,32.000126,36.015465,190.8,0,58-98191,10622,N/A
2025-11-23T00:12:17.907467,100,10975,31.999632,36.016132,197.68,0,58-10975,11649,N/A
2025-11-23T00:12:17.907467,100,48886,32.00026,36.015392,21.5,0,58-48886,11649,N/A
2025-11-23T00:12:17.907467,100,11523,32.000935,36.013863,197.6,0,58-11523,10612,N/A
2025-11-23T00:12:17.907467,100,11014,32.004826,36.014347,132.1,0,58-11014,10623,N/A
2025-11-23T00:12:17.907467,100,11724,32.000275,36.01534,0,0,58-11724,11648,N/A
2025-11-23T00:12:17.907467,100,40779,31.96065,35.95736,40.9,0,58-40779,11651,N/A
2025-11-23T00:12:17.907467,100,24926,31.999966,36.015114,232.1,0,58-24926,11653,N/A
2025-11-23T00:12:17.907467,100,16863,31.976334,35.971832,354.62,1,58-16863,11653,N/A
2025-11-23T00:12:17.907467,100,50152,31.986095,35.942703,17.1,1,58-50152,11650,N/A
2025-11-23T00:12:17.907467,100,97599,31.992634,35.890064,309.89,1,58-97599,10622,N/A
2025-11-23T00:12:17.907467,100,10987,32.000244,36.01543,0,1,58-10987,11653,N/A
2025-11-23T00:12:17.907467,100,52302,31.964375,35.960926,34.79,1,58-52302,11653,N/A
2025-11-23T00:12:17.907467,100,21423,32.000317,36.01466,218.2,1,58-21423,11653,N/A
2025-11-23T00:12:17.907467,100,30732,32.004444,36.00834,359.4,1,58-30732,11651,N/A
2025-11-23T00:12:17.907467,100,95161,32.000343,36.014633,177.4,1,58-95161,11653,N/A
2025-11-23T00:12:17.907467,100,90702,32.021866,35.844257,43.9,1,58-90702,10613,N/A
2025-11-23T00:12:17.907467,100,10993,32.00027,36.014793,234.1,1,58-10993,11652,N/A
2025-11-23T00:12:17.907467,100,10981,31.999386,36.014343,0,1,58-10981,11653,N/A
2025-11-23T00:12:17.907467,100,11538,32.000355,36.014435,0,1,58-11538,11653,N/A
2025-11-23T00:12:17.907467,100,11520,32.000126,36.014256,298.39,1,58-11520,11653,N/A
2025-11-23T00:12:17.907467,100,93641,31.99996,36.015163,246.4,1,58-93641,11653,N/A
2025-11-23T00:12:17.907467,100,82779,31.963634,35.960278,36.1,1,58-82779,11653,N/A
2025-11-23T00:12:17.907467,100,10996,31.960546,35.956833,0,1,58-10996,11653,N/A
2025-11-23T00:12:17.907467,100,11544,31.961313,35.958122,0,1,58-11544,11653,N/A
2025-11-23T00:13:14.708218,99,32725,31.990637,35.940105,108.2,0,58-32725,10625,N/A
2025-11-23T00:13:14.708218,99,49451,31.992514,35.89022,127,0,58-49451,10622,N/A
2025-11-23T00:13:14.708218,99,96335,31.94514,35.927013,105.5,0,58-96335,10641,N/A
2025-11-23T00:13:14.708218,99,72129,31.944706,35.928158,106.5,0,58-72129,10641,N/A
2025-11-23T00:13:14.708218,99,45556,32.020844,35.84248,286.7,0,58-45556,10612,N/A
2025-11-23T00:13:14.708218,99,11005,32.00024,36.015,0,0,58-11005,10625,N/A
2025-11-23T00:13:14.708218,99,28732,32.021748,35.842438,58.6,0,58-28732,10612,N/A
2025-11-23T00:13:14.708218,99,66163,32.02123,35.84215,346.2,0,58-66163,10612,N/A
2025-11-23T00:13:14.708218,99,56867,32.020847,35.842632,289.3,0,58-56867,10612,N/A
2025-11-23T00:13:14.708218,99,25354,31.944778,35.92804,106.1,0,58-25354,10641,N/A
2025-11-23T00:13:14.708218,99,11649,32.022224,35.845154,72.31,0,58-11649,10612,N/A
2025-11-23T00:13:14.708218,99,11547,32.00016,36.01502,0,0,58-11547,10622,N/A
2025-11-23T00:13:14.708218,99,37113,32.02191,35.843987,70,0,58-37113,10612,N/A
2025-11-23T00:13:14.708218,99,11718,31.94541,35.928734,0,0,58-11718,10635,N/A
2025-11-23T00:13:14.708218,99,97202,31.972616,35.886345,7.1,1,58-97202,10629,N/A
2025-11-23T00:13:14.708218,99,22057,32.004967,35.87365,333.2,1,58-22057,10619,N/A
2025-11-23T00:13:14.708218,99,11670,32.00448,36.008205,0,1,58-11670,10636,N/A
2025-11-23T00:13:14.708218,99,11499,32.00014,36.015255,0,1,58-11499,10635,N/A
2025-11-23T00:13:14.708218,99,11526,32.0002,36.01552,0,1,58-11526,10622,N/A
2025-11-23T00:13:14.708218,99,73439,32.023087,35.848095,252.9,1,58-73439,10613,N/A
2025-11-23T00:13:14.708218,99,52827,31.94586,35.91979,285.5,1,58-52827,10643,N/A
2025-11-23T00:13:14.708218,99,11493,31.94533,35.928787,0,1,58-11493,10643,N/A
2025-11-23T00:13:14.708218,99,11496,32.00006,36.015587,192.2,1,58-11496,10642,N/A
2025-11-23T00:13:14.708218,100,50752,31.992525,35.89019,128.6,0,58-50752,10622,N/A
2025-11-23T00:13:14.708218,100,05961,31.975344,35.938778,184.2,0,58-95961,11650,N/A
2025-11-23T00:13:14.708218,100,63240,32.001354,36.014027,197,0,58-63240,11649,N/A
2025-11-23T00:13:14.708218,100,98191,32.000126,36.015465,190.8,0,58-98191,10622,N/A
2025-11-23T00:13:14.708218,100,10975,31.999632,36.016132,197.68,0,58-10975,11649,N/A
2025-11-23T00:13:14.708218,100,48886,32.00026,36.015392,21.5,0,58-48886,11649,N/A
2025-11-23T00:13:14.708218,100,11523,32.000935,36.013863,197.6,0,58-11523,10612,N/A
2025-11-23T00:13:14.708218,100,11014,32.004826,36.014347,132.1,0,58-11014,10623,N/A
2025-11-23T00:13:14.708218,100,11724,32.000275,36.01534,0,0,58-11724,11648,N/A
2025-11-23T00:13:14.708218,100,40779,31.96065,35.95736,40.9,0,58-40779,11651,N/A
2025-11-23T00:13:14.708218,100,24926,31.999966,36.015114,232.1,0,58-24926,11653,N/A
2025-11-23T00:13:14.708218,100,16863,31.986607,35.9769,13.19,1,58-16863,11653,N/A
2025-11-23T00:13:14.708218,100,50152,31.986397,35.94283,21.9,1,58-50152,11650,N/A
2025-11-23T00:13:14.708218,100,97599,31.992634,35.890064,309.89,1,58-97599,10622,N/A
2025-11-23T00:13:14.708218,100,10987,32.000244,36.01543,0,1,58-10987,11653,N/A
2025-11-23T00:13:14.708218,100,52302,31.964375,35.960926,34.79,1,58-52302,11653,N/A
2025-11-23T00:13:14.708218,100,21423,32.000317,36.01466,218.2,1,58-21423,11653,N/A
2025-11-23T00:13:14.708218,100,30732,32.004444,36.00834,359.4,1,58-30732,11651,N/A
2025-11-23T00:13:14.708218,100,95161,32.000343,36.014633,177.4,1,58-95161,11653,N/A
2025-11-23T00:13:14.708218,100,90702,32.021866,35.844257,43.9,1,58-90702,10613,N/A
2025-11-23T00:13:14.708218,100,10993,32.00027,36.014793,234.1,1,58-10993,11652,N/A
2025-11-23T00:13:14.708218,100,10981,31.999386,36.014343,0,1,58-10981,11653,N/A
2025-11-23T00:13:14.708218,100,11538,32.000355,36.014435,0,1,58-11538,11653,N/A
2025-11-23T00:13:14.708218,100,11520,32.000126,36.014256,298.39,1,58-11520,11653,N/A
2025-11-23T00:13:14.708218,100,93641,31.99996,36.015163,246.4,1,58-93641,11653,N/A
2025-11-23T00:13:14.708218,100,82779,31.963634,35.960278,36.1,1,58-82779,11653,N/A
2025-11-23T00:13:14.708218,100,10996,31.960546,35.956833,0,1,58-10996,11653,N/A
2025-11-23T00:13:14.708218,100,11544,31.961313,35.958122,0,1,58-11544,11653,N/A
2025-11-23T00:14:20.180559,99,32725,31.98888,35.95582,83.4,0,58-32725,10625,N/A
2025-11-23T00:14:20.180559,99,49451,31.992512,35.890213,126.9,0,58-49451,10622,N/A
2025-11-23T00:14:20.180559,99,96335,31.94514,35.927013,105.5,0,58-96335,10641,N/A
2025-11-23T00:14:20.180559,99,72129,31.944706,35.928158,106.5,0,58-72129,10641,N/A
2025-11-23T00:14:20.180559,99,45556,32.020844,35.84248,286.7,0,58-45556,10612,N/A
2025-11-23T00:14:20.180559,99,11005,32.00024,36.015,0,0,58-11005,10625,N/A
2025-11-23T00:14:20.180559,99,28732,32.021492,35.842632,46.1,0,58-28732,10612,N/A
2025-11-23T00:14:20.180559,99,66163,32.02123,35.84215,346.2,0,58-66163,10612,N/A
2025-11-23T00:14:20.180559,99,56867,32.020847,35.842632,289.3,0,58-56867,10612,N/A
2025-11-23T00:14:20.180559,99,25354,31.944778,35.92804,106.1,0,58-25354,10641,N/A
2025-11-23T00:14:20.180559,99,11649,32.022224,35.845154,72.31,0,58-11649,10612,N/A
2025-11-23T00:14:20.180559,99,11547,32.00016,36.01502,0,0,58-11547,10622,N/A
2025-11-23T00:14:20.180559,99,37113,32.02158,35.842438,0,0,58-37113,10612,N/A
2025-11-23T00:14:20.180559,99,11718,31.94541,35.928734,0,0,58-11718,10635,N/A
2025-11-23T00:14:20.180559,99,97202,31.977308,35.88838,34.29,1,58-97202,10627,N/A
2025-11-23T00:14:20.180559,99,22057,32.01155,35.87073,343.5,1,58-22057,10619,N/A
2025-11-23T00:14:20.180559,99,11670,32.00448,36.008205,0,1,58-11670,10636,N/A
2025-11-23T00:14:20.180559,99,11499,32.00014,36.015255,0,1,58-11499,10635,N/A
2025-11-23T00:14:20.180559,99,11526,32.0002,36.01552,0,1,58-11526,10622,N/A
2025-11-23T00:14:20.180559,99,73439,32.023087,35.848095,252.9,1,58-73439,10613,N/A
2025-11-23T00:14:20.180559,99,52827,31.94586,35.91979,285.5,1,58-52827,10643,N/A
2025-11-23T00:14:20.180559,99,11493,31.94533,35.928787,0,1,58-11493,10643,N/A
2025-11-23T00:14:20.180559,99,11496,32.00006,36.015587,192.2,1,58-11496,10642,N/A
2025-11-23T00:14:20.180559,100,50752,31.992456,35.890327,127.2,0,58-50752,10622,N/A
2025-11-23T00:14:20.180559,100,05961,31.972155,35.938564,184.6,0,58-95961,11651,N/A
2025-11-23T00:14:20.180559,100,63240,32.001354,36.014027,197,0,58-63240,11649,N/A
2025-11-23T00:14:20.180559,100,98191,32.000126,36.015465,190.8,0,58-98191,10622,N/A
2025-11-23T00:14:20.180559,100,10975,31.999632,36.016132,197.68,0,58-10975,11649,N/A
2025-11-23T00:14:20.180559,100,48886,32.00026,36.015392,21.5,0,58-48886,11649,N/A
2025-11-23T00:14:20.180559,100,11523,32.000935,36.013863,197.6,0,58-11523,10612,N/A
2025-11-23T00:14:20.180559,100,11014,32.004826,36.014347,132.1,0,58-11014,10619,N/A
2025-11-23T00:14:20.180559,100,11724,32.000275,36.01534,0,0,58-11724,11648,N/A
2025-11-23T00:14:20.180559,100,40779,31.96065,35.95736,40.9,0,58-40779,11651,N/A
2025-11-23T00:14:20.180559,100,24926,31.999966,36.015114,232.1,0,58-24926,11653,N/A
2025-11-23T00:14:20.180559,100,16863,31.992748,35.986675,77.3,1,58-16863,11653,N/A
2025-11-23T00:14:20.180559,100,50152,31.98961,35.944077,298.7,1,58-50152,11649,N/A
2025-11-23T00:14:20.180559,100,97599,31.992634,35.890064,309.89,1,58-97599,10622,N/A
2025-11-23T00:14:20.180559,100,10987,32.000244,36.01543,0,1,58-10987,11653,N/A
2025-11-23T00:14:20.180559,100,52302,31.964375,35.960926,34.79,1,58-52302,11653,N/A
2025-11-23T00:14:20.180559,100,21423,32.000317,36.01466,218.2,1,58-21423,11653,N/A
2025-11-23T00:14:20.180559,100,30732,32.004444,36.00834,359.4,1,58-30732,11651,N/A
2025-11-23T00:14:20.180559,100,95161,32.000343,36.014633,177.4,1,58-95161,11653,N/A
2025-11-23T00:14:20.180559,100,90702,32.021866,35.844257,43.9,1,58-90702,10613,N/A
2025-11-23T00:14:20.180559,100,10993,32.00027,36.014793,234.1,1,58-10993,11652,N/A
2025-11-23T00:14:20.180559,100,10981,31.999386,36.014343,0,1,58-10981,11653,N/A
2025-11-23T00:14:20.180559,100,11538,32.000355,36.014435,0,1,58-11538,11653,N/A
2025-11-23T00:14:20.180559,100,11520,32.000126,36.014256,298.39,1,58-11520,11653,N/A
2025-11-23T00:14:20.180559,100,93641,31.99996,36.015163,246.4,1,58-93641,11653,N/A
2025-11-23T00:14:20.180559,100,82779,31.963634,35.960278,36.1,1,58-82779,11653,N/A
2025-11-23T00:14:20.180559,100,10996,31.960546,35.956833,0,1,58-10996,11653,N/A
2025-11-23T00:14:20.180559,100,11544,31.961313,35.958122,0,1,58-11544,11653,N/A
2025-11-23T00:15:18.854364,99,32725,31.986765,35.970177,79.8,0,58-32725,10625,N/A
2025-11-23T00:15:18.854364,99,49451,31.990814,35.89248,138.19,0,58-49451,10622,N/A
2025-11-23T00:15:18.854364,99,96335,31.94514,35.927013,105.5,0,58-96335,10641,N/A
2025-11-23T00:15:18.854364,99,72129,31.944706,35.928158,106.5,0,58-72129,10641,N/A
2025-11-23T00:15:18.854364,99,45556,32.020844,35.84248,286.7,0,58-45556,10612,N/A
2025-11-23T00:15:18.854364,99,11005,32.00024,36.015,0,0,58-11005,10625,N/A
2025-11-23T00:15:18.854364,99,28732,32.021748,35.842438,58.6,0,58-28732,10612,N/A
2025-11-23T00:15:18.854364,99,66163,32.02123,35.84215,346.2,0,58-66163,10612,N/A
2025-11-23T00:15:18.854364,99,56867,32.020847,35.842632,289.3,0,58-56867,10612,N/A
2025-11-23T00:15:18.854364,99,25354,31.944778,35.92804,106.1,0,58-25354,10641,N/A
2025-11-23T00:15:18.854364,99,11649,32.022224,35.845154,72.31,0,58-11649,10612,N/A
2025-11-23T00:15:18.854364,99,11547,32.00016,36.01502,0,0,58-11547,10622,N/A
2025-11-23T00:15:18.854364,99,37113,32.02191,35.843987,70,0,58-37113,10612,N/A
2025-11-23T00:15:18.854364,99,11718,31.94541,35.928734,0,0,58-11718,10635,N/A
2025-11-23T00:15:18.854364,99,97202,31.980967,35.89215,55.5,1,58-97202,10626,N/A
2025-11-23T00:15:18.854364,99,22057,32.018463,35.86542,320.89,1,58-22057,10615,N/A
2025-11-23T00:15:18.854364,99,11670,32.00448,36.008205,0,1,58-11670,10636,N/A
2025-11-23T00:15:18.854364,99,11499,32.00014,36.015255,0,1,58-11499,10635,N/A
2025-11-23T00:15:18.854364,99,11526,32.0002,36.01552,0,1,58-11526,10622,N/A
2025-11-23T00:15:18.854364,99,73439,32.023087,35.848095,252.9,1,58-73439,10613,N/A
2025-11-23T00:15:18.854364,99,52827,31.94586,35.91979,285.5,1,58-52827,10643,N/A
2025-11-23T00:15:18.854364,99,11493,31.94533,35.928787,0,1,58-11493,10643,N/A
2025-11-23T00:15:18.854364,99,11496,32.00006,36.015587,192.2,1,58-11496,10642,N/A
2025-11-23T00:15:18.854364,100,50752,31.991356,35.891777,136.19,0,58-50752,10622,N/A
2025-11-23T00:15:18.854364,100,05961,31.97213,35.938553,184.2,0,58-95961,11651,N/A
2025-11-23T00:15:18.854364,100,63240,32.001354,36.014027,197,0,58-63240,11649,N/A
2025-11-23T00:15:18.854364,100,98191,32.000126,36.015465,190.8,0,58-98191,10622,N/A
2025-11-23T00:15:18.854364,100,10975,31.999632,36.016132,197.68,0,58-10975,11649,N/A
2025-11-23T00:15:18.854364,100,48886,32.00026,36.015392,21.5,0,58-48886,11649,N/A
2025-11-23T00:15:18.854364,100,11523,32.000935,36.013863,197.6,0,58-11523,10612,N/A
2025-11-23T00:15:18.854364,100,11014,32.004826,36.014347,132.1,0,58-11014,10623,N/A
2025-11-23T00:15:18.854364,100,11724,32.000275,36.01534,0,0,58-11724,11648,N/A
2025-11-23T00:15:18.854364,100,40779,31.96065,35.95736,40.9,0,58-40779,11651,N/A
2025-11-23T00:15:18.854364,100,24926,31.999966,36.015114,232.1,0,58-24926,11653,N/A
2025-11-23T00:15:18.854364,100,16863,31.99891,35.997776,63.66,1,58-16863,11653,N/A
2025-11-23T00:15:18.854364,100,50152,31.989782,35.943317,286.1,1,58-50152,11649,N/A
2025-11-23T00:15:18.854364,100,97599,31.992634,35.890064,309.89,1,58-97599,10622,N/A
2025-11-23T00:15:18.854364,100,10987,32.000244,36.01543,0,1,58-10987,11653,N/A
2025-11-23T00:15:18.854364,100,52302,31.964375,35.960926,34.79,1,58-52302,11653,N/A
2025-11-23T00:15:18.854364,100,21423,32.000317,36.01466,218.2,1,58-21423,11653,N/A
2025-11-23T00:15:18.854364,100,30732,32.004444,36.00834,359.4,1,58-30732,11653,N/A
2025-11-23T00:15:18.854364,100,95161,32.000343,36.014633,177.4,1,58-95161,11653,N/A
2025-11-23T00:15:18.854364,100,90702,32.021866,35.844257,43.9,1,58-90702,10613,N/A
2025-11-23T00:15:18.854364,100,10993,32.00027,36.014793,234.1,1,58-10993,11653,N/A
2025-11-23T00:15:18.854364,100,10981,31.999386,36.014343,0,1,58-10981,11651,N/A
2025-11-23T00:15:18.854364,100,11538,32.000355,36.014435,0,1,58-11538,11652,N/A
2025-11-23T00:15:18.854364,100,11520,32.000126,36.014256,298.39,1,58-11520,11653,N/A
2025-11-23T00:15:18.854364,100,93641,31.99996,36.015163,246.4,1,58-93641,11653,N/A
2025-11-23T00:15:18.854364,100,82779,31.963634,35.960278,36.1,1,58-82779,11653,N/A
2025-11-23T00:15:18.854364,100,10996,31.960546,35.956833,0,1,58-10996,11653,N/A
2025-11-23T00:15:18.854364,100,11544,31.961313,35.958122,0,1,58-11544,11653,N/A
2025-11-23T00:16:02.924568,99,32725,31.98907,35.976757,79.4,0,58-32725,10625,N/A
2025-11-23T00:16:02.924568,99,49451,31.987803,35.895603,141.5,0,58-49451,10622,N/A
2025-11-23T00:16:02.924568,99,96335,31.94514,35.927013,105.5,0,58-96335,10641,N/A
2025-11-23T00:16:02.924568,99,72129,31.944706,35.928158,106.5,0,58-72129,10641,N/A
2025-11-23T00:16:02.924568,99,45556,32.020844,35.84248,286.7,0,58-45556,10612,N/A
2025-11-23T00:16:02.924568,99,11005,32.00024,36.015,0,0,58-11005,10625,N/A
2025-11-23T00:16:02.924568,99,28732,32.021492,35.842632,46.1,0,58-28732,10612,N/A
2025-11-23T00:16:02.924568,99,66163,32.02123,35.84215,346.2,0,58-66163,10612,N/A
2025-11-23T00:16:02.924568,99,56867,32.020847,35.842632,289.3,0,58-56867,10612,N/A
2025-11-23T00:16:02.924568,99,25354,31.944778,35.92804,106.1,0,58-25354,10641,N/A
2025-11-23T00:16:02.924568,99,11649,32.022224,35.845154,72.31,0,58-11649,10612,N/A
2025-11-23T00:16:02.924568,99,11547,32.00016,36.01502,0,0,58-11547,10622,N/A
2025-11-23T00:16:02.924568,99,37113,32.02158,35.842438,0,0,58-37113,10612,N/A
2025-11-23T00:16:02.924568,99,11718,31.94541,35.928734,0,0,58-11718,10635,N/A
2025-11-23T00:16:02.924568,99,97202,31.981665,35.89296,43.9,1,58-97202,10626,N/A
2025-11-23T00:16:02.924568,99,22057,32.018932,35.8651,315.2,1,58-22057,10615,N/A
2025-11-23T00:16:02.924568,99,11670,32.00448,36.008205,0,1,58-11670,10636,N/A
2025-11-23T00:16:02.924568,99,11499,32.00014,36.015255,0,1,58-11499,10635,N/A
2025-11-23T00:16:02.924568,99,11526,32.0002,36.01552,0,1,58-11526,10622,N/A
2025-11-23T00:16:02.924568,99,73439,32.023087,35.848095,252.9,1,58-73439,10613,N/A
2025-11-23T00:16:02.924568,99,52827,31.94586,35.91979,285.5,1,58-52827,10643,N/A
2025-11-23T00:16:02.924568,99,11493,31.94533,35.928787,0,1,58-11493,10643,N/A
2025-11-23T00:16:02.924568,99,11496,32.00006,36.015587,192.2,1,58-11496,10642,N/A
2025-11-23T00:16:02.924568,100,50752,31.98593,35.897385,137.19,0,58-50752,10622,N/A
2025-11-23T00:16:02.924568,100,05961,31.970388,35.940998,120,0,58-95961,11651,N/A
2025-11-23T00:16:02.924568,100,63240,32.001354,36.014027,197,0,58-63240,11649,N/A
2025-11-23T00:16:02.924568,100,98191,32.000126,36.015465,190.8,0,58-98191,10622,N/A
2025-11-23T00:16:02.924568,100,10975,31.999632,36.016132,197.68,0,58-10975,11649,N/A
2025-11-23T00:16:02.924568,100,48886,32.00026,36.015392,21.5,0,58-48886,11649,N/A
2025-11-23T00:16:02.924568,100,11523,32.000935,36.013863,197.6,0,58-11523,10612,N/A
2025-11-23T00:16:02.924568,100,11014,32.004826,36.014347,132.1,0,58-11014,10623,N/A
2025-11-23T00:16:02.924568,100,11724,32.000275,36.01534,0,0,58-11724,11648,N/A
2025-11-23T00:16:02.924568,100,40779,31.96065,35.95736,40.9,0,58-40779,11651,N/A
2025-11-23T00:16:02.924568,100,24926,31.999966,36.015114,232.1,0,58-24926,11653,N/A
2025-11-23T00:16:02.924568,100,16863,31.99924,36.003998,106.31,1,58-16863,11653,N/A
2025-11-23T00:16:02.924568,100,50152,31.99139,35.937572,288.1,1,58-50152,11649,N/A
2025-11-23T00:16:02.924568,100,97599,31.992634,35.890064,309.89,1,58-97599,10622,N/A
2025-11-23T00:16:02.924568,100,10987,32.000244,36.01543,0,1,58-10987,11653,N/A
2025-11-23T00:16:02.924568,100,52302,31.964375,35.960926,34.79,1,58-52302,11653,N/A
2025-11-23T00:16:02.924568,100,21423,32.000317,36.01466,218.2,1,58-21423,11653,N/A
2025-11-23T00:16:02.924568,100,30732,32.004444,36.00834,359.4,1,58-30732,11653,N/A
2025-11-23T00:16:02.924568,100,95161,32.000343,36.014633,177.4,1,58-95161,11653,N/A
2025-11-23T00:16:02.924568,100,90702,32.021866,35.844257,43.9,1,58-90702,10613,N/A
2025-11-23T00:16:02.924568,100,10993,32.00027,36.014793,234.1,1,58-10993,11653,N/A
2025-11-23T00:16:02.924568,100,10981,31.999386,36.014343,0,1,58-10981,11651,N/A
2025-11-23T00:16:02.924568,100,11538,32.000355,36.014435,0,1,58-11538,11652,N/A
2025-11-23T00:16:02.924568,100,11520,32.000126,36.014256,298.39,1,58-11520,11653,N/A
2025-11-23T00:16:02.924568,100,93641,31.99996,36.015163,246.4,1,58-93641,11653,N/A
2025-11-23T00:16:02.924568,100,82779,31.963634,35.960278,36.1,1,58-82779,11653,N/A
2025-11-23T00:16:02.924568,100,10996,31.960546,35.956833,0,1,58-10996,11653,N/A
2025-11-23T00:16:02.924568,100,11544,31.961313,35.958122,0,1,58-11544,11653,N/A
2025-11-23T00:16:48.035774,99,32725,31.99304,35.9882,77.4,0,58-32725,10625,N/A
2025-11-23T00:16:48.035774,99,49451,31.985933,35.89737,136,0,58-49451,10622,N/A
2025-11-23T00:16:48.035774,99,96335,31.94514,35.927013,105.5,0,58-96335,10641,N/A
2025-11-23T00:16:48.035774,99,72129,31.944706,35.928158,106.5,0,58-72129,10641,N/A
2025-11-23T00:16:48.035774,99,45556,32.020844,35.84248,286.7,0,58-45556,10612,N/A
2025-11-23T00:16:48.035774,99,11005,32.00024,36.015,0,0,58-11005,10625,N/A
2025-11-23T00:16:48.035774,99,28732,32.021748,35.842438,58.6,0,58-28732,10612,N/A
2025-11-23T00:16:48.035774,99,66163,32.02123,35.84215,346.2,0,58-66163,10612,N/A
2025-11-23T00:16:48.035774,99,56867,32.020847,35.842632,289.3,0,58-56867,10612,N/A
2025-11-23T00:16:48.035774,99,25354,31.944778,35.92804,106.1,0,58-25354,10641,N/A
2025-11-23T00:16:48.035774,99,11649,32.022224,35.845154,72.31,0,58-11649,10612,N/A
2025-11-23T00:16:48.035774,99,11547,32.00016,36.01502,0,0,58-11547,10622,N/A
2025-11-23T00:16:48.035774,99,37113,32.02191,35.843987,70,0,58-37113,10612,N/A
2025-11-23T00:16:48.035774,99,11718,31.94541,35.928734,0,0,58-11718,10635,N/A
2025-11-23T00:16:48.035774,99,97202,31.985249,35.897778,82,1,58-97202,10625,N/A
2025-11-23T00:16:48.035774,99,22057,32.01908,35.864925,316.6,1,58-22057,10615,N/A
2025-11-23T00:16:48.035774,99,11670,32.00448,36.008205,0,1,58-11670,10636,N/A
2025-11-23T00:16:48.035774,99,11499,32.00014,36.015255,0,1,58-11499,10635,N/A
2025-11-23T00:16:48.035774,99,11526,32.0002,36.01552,0,1,58-11526,10622,N/A
2025-11-23T00:16:48.035774,99,73439,32.023087,35.848095,252.9,1,58-73439,10613,N/A
2025-11-23T00:16:48.035774,99,52827,31.94586,35.91979,285.5,1,58-52827,10643,N/A
2025-11-23T00:16:48.035774,99,11493,31.94533,35.928787,0,1,58-11493,10643,N/A
2025-11-23T00:16:48.035774,99,11496,32.00006,36.015587,192.2,1,58-11496,10642,N/A
2025-11-23T00:16:48.035774,100,50752,31.985888,35.89743,134.1,0,58-50752,10622,N/A
2025-11-23T00:16:48.035774,100,05961,31.968327,35.945763,106.3,0,58-95961,11652,N/A
2025-11-23T00:16:48.035774,100,63240,32.001354,36.014027,197,0,58-63240,11649,N/A
2025-11-23T00:16:48.035774,100,98191,32.000126,36.015465,190.8,0,58-98191,10622,N/A
2025-11-23T00:16:48.035774,100,10975,31.999632,36.016132,197.68,0,58-10975,11649,N/A
2025-11-23T00:16:48.035774,100,48886,32.00026,36.015392,21.5,0,58-48886,11649,N/A
2025-11-23T00:16:48.035774,100,11523,32.000935,36.013863,197.6,0,58-11523,10612,N/A
2025-11-23T00:16:48.035774,100,11014,32.004826,36.014347,132.1,0,58-11014,10619,N/A
2025-11-23T00:16:48.035774,100,11724,32.000275,36.01534,0,0,58-11724,11648,N/A
2025-11-23T00:16:48.035774,100,40779,31.96065,35.95736,40.9,0,58-40779,11651,N/A
2025-11-23T00:16:48.035774,100,24926,31.999966,36.015114,232.1,0,58-24926,11653,N/A
2025-11-23T00:16:48.035774,100,16863,32.002426,36.007904,30.07,1,58-16863,11653,N/A
2025-11-23T00:16:48.035774,100,50152,31.993427,35.929157,275.2,1,58-50152,11649,N/A
2025-11-23T00:16:48.035774,100,97599,31.992634,35.890064,309.89,1,58-97599,10622,N/A
2025-11-23T00:16:48.035774,100,10987,32.000244,36.01543,0,1,58-10987,11653,N/A
2025-11-23T00:16:48.035774,100,52302,31.964375,35.960926,34.79,1,58-52302,11653,N/A
2025-11-23T00:16:48.035774,100,21423,32.000317,36.01466,218.2,1,58-21423,11653,N/A
2025-11-23T00:16:48.035774,100,30732,32.004444,36.00834,359.4,1,58-30732,11653,N/A
2025-11-23T00:16:48.035774,100,95161,32.000343,36.014633,177.4,1,58-95161,11653,N/A
2025-11-23T00:16:48.035774,100,90702,32.021866,35.844257,43.9,1,58-90702,10613,N/A
2025-11-23T00:16:48.035774,100,10993,32.00027,36.014793,234.1,1,58-10993,11653,N/A
2025-11-23T00:16:48.035774,100,10981,31.999386,36.014343,0,1,58-10981,11651,N/A
2025-11-23T00:16:48.035774,100,11538,32.000355,36.014435,0,1,58-11538,11652,N/A
2025-11-23T00:16:48.035774,100,11520,32.000126,36.014256,298.39,1,58-11520,11653,N/A
2025-11-23T00:16:48.035774,100,93641,31.99996,36.015163,246.4,1,58-93641,11653,N/A
2025-11-23T00:16:48.035774,100,82779,31.963634,35.960278,36.1,1,58-82779,11653,N/A
2025-11-23T00:16:48.035774,100,10996,31.960546,35.956833,0,1,58-10996,11653,N/A
2025-11-23T00:16:48.035774,100,11544,31.961313,35.958122,0,1,58-11544,11653,N/A
2025-11-23T00:17:43.537674,99,32725,31.999367,35.999016,74,0,58-32725,10625,N/A
2025-11-23T00:17:43.537674,99,49451,31.985357,35.897854,132.8,0,58-49451,10625,N/A
2025-11-23T00:17:43.537674,99,96335,31.94514,35.927013,105.5,0,58-96335,10641,N/A
2025-11-23T00:17:43.537674,99,72129,31.944706,35.928158,106.5,0,58-72129,10641,N/A
2025-11-23T00:17:43.537674,99,45556,32.020844,35.84248,286.7,0,58-45556,10612,N/A
2025-11-23T00:17:43.537674,99,11005,32.00024,36.015,0,0,58-11005,10625,N/A
2025-11-23T00:17:43.537674,99,28732,32.021492,35.842632,46.1,0,58-28732,10612,N/A
2025-11-23T00:17:43.537674,99,66163,32.02123,35.84215,346.2,0,58-66163,10612,N/A
2025-11-23T00:17:43.537674,99,56867,32.020847,35.842632,289.3,0,58-56867,10612,N/A
2025-11-23T00:17:43.537674,99,25354,31.944778,35.92804,106.1,0,58-25354,10641,N/A
2025-11-23T00:17:43.537674,99,11649,32.022224,35.845154,72.31,0,58-11649,10612,N/A
2025-11-23T00:17:43.537674,99,11547,32.00016,36.01502,0,0,58-11547,10622,N/A
2025-11-23T00:17:43.537674,99,37113,32.02158,35.842438,0,0,58-37113,10612,N/A
2025-11-23T00:17:43.537674,99,11718,31.94541,35.928734,0,0,58-11718,10635,N/A
2025-11-23T00:17:43.537674,99,97202,31.986113,35.89761,316,1,58-97202,10625,N/A
2025-11-23T00:17:43.537674,99,22057,32.024055,35.858875,305.39,1,58-22057,10615,N/A
2025-11-23T00:17:43.537674,99,11670,32.00448,36.008205,0,1,58-11670,10636,N/A
2025-11-23T00:17:43.537674,99,11499,32.00014,36.015255,0,1,58-11499,10635,N/A
2025-11-23T00:17:43.537674,99,11526,32.0002,36.01552,0,1,58-11526,10622,N/A
2025-11-23T00:17:43.537674,99,73439,32.023087,35.848095,252.9,1,58-73439,10613,N/A
2025-11-23T00:17:43.537674,99,52827,31.94586,35.91979,285.5,1,58-52827,10643,N/A
2025-11-23T00:17:43.537674,99,11493,31.94533,35.928787,0,1,58-11493,10643,N/A
2025-11-23T00:17:43.537674,99,11496,32.00006,36.015587,192.2,1,58-11496,10642,N/A
2025-11-23T00:17:43.537674,100,50752,31.985365,35.898144,133.6,0,58-50752,10625,N/A
2025-11-23T00:17:43.537674,100,05961,31.9642,35.95456,123.8,0,58-95961,11652,N/A
2025-11-23T00:17:43.537674,100,63240,32.001354,36.014027,197,0,58-63240,11649,N/A
2025-11-23T00:17:43.537674,100,98191,32.00009,36.015476,0,0,58-98191,10622,N/A
2025-11-23T00:17:43.537674,100,10975,31.999632,36.016132,197.68,0,58-10975,11649,N/A
2025-11-23T00:17:43.537674,100,48886,32.00026,36.015392,21.5,0,58-48886,11649,N/A
2025-11-23T00:17:43.537674,100,11523,32.000935,36.013863,197.6,0,58-11523,10612,N/A
2025-11-23T00:17:43.537674,100,11014,32.004826,36.014347,132.1,0,58-11014,10619,N/A
2025-11-23T00:17:43.537674,100,11724,32.000275,36.01534,0,0,58-11724,11648,N/A
2025-11-23T00:17:43.537674,100,40779,31.96065,35.95736,40.9,0,58-40779,11651,N/A
2025-11-23T00:17:43.537674,100,24926,31.999966,36.015114,232.1,0,58-24926,11653,N/A
2025-11-23T00:17:43.537674,100,16863,32.0047,36.00832,355.49,1,58-16863,11653,N/A
2025-11-23T00:17:43.537674,100,50152,31.99356,35.920216,254.9,1,58-50152,11649,N/A
2025-11-23T00:17:43.537674,100,97599,31.992634,35.890064,309.89,1,58-97599,10622,N/A
2025-11-23T00:17:43.537674,100,10987,32.000244,36.01543,0,1,58-10987,11653,N/A
2025-11-23T00:17:43.537674,100,52302,31.964375,35.960926,34.79,1,58-52302,11653,N/A
2025-11-23T00:17:43.537674,100,21423,32.000317,36.01466,218.2,1,58-21423,11653,N/A
2025-11-23T00:17:43.537674,100,30732,32.004444,36.00834,359.4,1,58-30732,11651,N/A
2025-11-23T00:17:43.537674,100,95161,32.000343,36.014633,177.4,1,58-95161,11653,N/A
2025-11-23T00:17:43.537674,100,90702,32.021866,35.844257,43.9,1,58-90702,10613,N/A
2025-11-23T00:17:43.537674,100,10993,32.00027,36.014793,234.1,1,58-10993,11652,N/A
2025-11-23T00:17:43.537674,100,10981,31.999386,36.014343,0,1,58-10981,11653,N/A
2025-11-23T00:17:43.537674,100,11538,32.000355,36.014435,0,1,58-11538,11653,N/A
2025-11-23T00:17:43.537674,100,11520,32.000126,36.014256,298.39,1,58-11520,11653,N/A
2025-11-23T00:17:43.537674,100,93641,31.99996,36.015163,246.4,1,58-93641,11653,N/A
2025-11-23T00:17:43.537674,100,82779,31.963634,35.960278,36.1,1,58-82779,11653,N/A
2025-11-23T00:17:43.537674,100,10996,31.960546,35.956833,0,1,58-10996,11653,N/A
2025-11-23T00:17:43.537674,100,11544,31.961313,35.958122,0,1,58-11544,11653,N/A
2025-11-23T00:18:38.440674,99,32725,31.999582,36.00564,15.7,0,58-32725,10625,N/A
2025-11-23T00:18:38.440674,99,49451,31.98466,35.896286,226.5,0,58-49451,10625,N/A
2025-11-23T00:18:38.440674,99,96335,31.94514,35.927013,105.5,0,58-96335,10641,N/A
2025-11-23T00:18:38.440674,99,72129,31.944706,35.928158,106.5,0,58-72129,10641,N/A
2025-11-23T00:18:38.440674,99,45556,32.020844,35.84248,286.7,0,58-45556,10612,N/A
2025-11-23T00:18:38.440674,99,11005,32.00024,36.015,0,0,58-11005,10625,N/A
2025-11-23T00:18:38.440674,99,28732,32.021748,35.842438,58.6,0,58-28732,10612,N/A
2025-11-23T00:18:38.440674,99,66163,32.02123,35.84215,346.2,0,58-66163,10612,N/A
2025-11-23T00:18:38.440674,99,56867,32.020847,35.842632,289.3,0,58-56867,10612,N/A
2025-11-23T00:18:38.440674,99,25354,31.944778,35.92804,106.1,0,58-25354,10641,N/A
2025-11-23T00:18:38.440674,99,11649,32.022224,35.845154,72.31,0,58-11649,10612,N/A
2025-11-23T00:18:38.440674,99,11547,32.00016,36.01502,0,0,58-11547,10622,N/A
2025-11-23T00:18:38.440674,99,37113,32.02191,35.843987,70,0,58-37113,10612,N/A
2025-11-23T00:18:38.440674,99,11718,31.94541,35.928734,0,0,58-11718,10635,N/A
2025-11-23T00:18:38.440674,99,97202,31.99232,35.89053,308.1,1,58-97202,10622,N/A
2025-11-23T00:18:38.440674,99,22057,32.02507,35.854614,268.1,1,58-22057,10614,N/A
2025-11-23T00:18:38.440674,99,11670,32.00448,36.008205,0,1,58-11670,10636,N/A
2025-11-23T00:18:38.440674,99,11499,32.00014,36.015255,0,1,58-11499,10635,N/A
2025-11-23T00:18:38.440674,99,11526,32.0002,36.01552,0,1,58-11526,10622,N/A
2025-11-23T00:18:38.440674,99,73439,32.023087,35.848095,252.9,1,58-73439,10613,N/A
2025-11-23T00:18:38.440674,99,52827,31.94586,35.91979,285.5,1,58-52827,10643,N/A
2025-11-23T00:18:38.440674,99,11493,31.94533,35.928787,0,1,58-11493,10643,N/A
2025-11-23T00:18:38.440674,99,11496,32.00006,36.015587,192.2,1,58-11496,10642,N/A
2025-11-23T00:18:38.440674,100,50752,31.985352,35.898136,133.6,0,58-50752,10625,N/A
2025-11-23T00:18:38.440674,100,63240,32.001354,36.014027,197,0,58-63240,11649,N/A
2025-11-23T00:18:38.440674,100,98191,32.00009,36.015476,0,0,58-98191,10622,N/A
2025-11-23T00:18:38.440674,100,10975,31.999632,36.016132,197.68,0,58-10975,11649,N/A
2025-11-23T00:18:38.440674,100,48886,32.00026,36.015392,21.5,0,58-48886,11649,N/A
2025-11-23T00:18:38.440674,100,11523,32.000935,36.013863,197.6,0,58-11523,10612,N/A
2025-11-23T00:18:38.440674,100,11014,32.004826,36.014347,132.1,0,58-11014,10619,N/A
2025-11-23T00:18:38.440674,100,11724,32.000275,36.01534,0,0,58-11724,11648,N/A
2025-11-23T00:18:38.440674,100,40779,31.96065,35.95736,40.9,0,58-40779,11651,N/A
2025-11-23T00:18:38.440674,100,24926,31.999966,36.015114,232.1,0,58-24926,11653,N/A
2025-11-23T00:18:38.440674,100,05961,31.96135,35.95817,34.2,1,58-95961,11653,N/A
2025-11-23T00:18:38.440674,100,16863,32.00349,36.014847,187.63,1,58-16863,11653,N/A
2025-11-23T00:18:38.440674,100,50152,31.992237,35.915363,249.7,1,58-50152,11649,N/A
2025-11-23T00:18:38.440674,100,97599,31.992634,35.890064,309.89,1,58-97599,10622,N/A
2025-11-23T00:18:38.440674,100,10987,32.000244,36.01543,0,1,58-10987,11653,N/A
2025-11-23T00:18:38.440674,100,52302,31.964375,35.960926,34.79,1,58-52302,11653,N/A
2025-11-23T00:18:38.440674,100,21423,32.000317,36.01466,218.2,1,58-21423,11653,N/A
2025-11-23T00:18:38.440674,100,30732,32.004444,36.00834,359.4,1,58-30732,11651,N/A
2025-11-23T00:18:38.440674,100,95161,32.000343,36.014633,177.4,1,58-95161,11653,N/A
2025-11-23T00:18:38.440674,100,90702,32.021866,35.844257,43.9,1,58-90702,10613,N/A
2025-11-23T00:18:38.440674,100,10993,32.00027,36.014793,234.1,1,58-10993,11652,N/A
2025-11-23T00:18:38.440674,100,10981,31.999386,36.014343,0,1,58-10981,11653,N/A
2025-11-23T00:18:38.440674,100,11538,32.000355,36.014435,0,1,58-11538,11653,N/A
2025-11-23T00:18:38.440674,100,11520,32.000126,36.014256,298.39,1,58-11520,11653,N/A
2025-11-23T00:18:38.440674,100,93641,31.99996,36.015163,246.4,1,58-93641,11653,N/A
2025-11-23T00:18:38.440674,100,82779,31.963634,35.960278,36.1,1,58-82779,11653,N/A
2025-11-23T00:18:38.440674,100,10996,31.960546,35.956833,0,1,58-10996,11653,N/A
2025-11-23T00:18:38.440674,100,11544,31.961313,35.958122,0,1,58-11544,11653,N/A
2025-11-23T00:19:25.021221,99,32725,32.00236,36.007828,26.7,0,58-32725,10625,N/A
2025-11-23T00:19:25.021221,99,49451,31.982565,35.893993,230.1,0,58-49451,10625,N/A
2025-11-23T00:19:25.021221,99,96335,31.94514,35.927013,105.5,0,58-96335,10641,N/A
2025-11-23T00:19:25.021221,99,72129,31.944706,35.928158,106.5,0,58-72129,10641,N/A
2025-11-23T00:19:25.021221,99,45556,32.020844,35.84248,286.7,0,58-45556,10612,N/A
2025-11-23T00:19:25.021221,99,11005,32.00024,36.015,0,0,58-11005,10625,N/A
2025-11-23T00:19:25.021221,99,28732,32.021748,35.842438,58.6,0,58-28732,10612,N/A
2025-11-23T00:19:25.021221,99,66163,32.02123,35.84215,346.2,0,58-66163,10612,N/A
2025-11-23T00:19:25.021221,99,56867,32.020847,35.842632,289.3,0,58-56867,10612,N/A
2025-11-23T00:19:25.021221,99,25354,31.944778,35.92804,106.1,0,58-25354,10641,N/A
2025-11-23T00:19:25.021221,99,11649,32.022224,35.845154,72.31,0,58-11649,10612,N/A
2025-11-23T00:19:25.021221,99,11547,32.00016,36.01502,0,0,58-11547,10622,N/A
2025-11-23T00:19:25.021221,99,37113,32.02191,35.843987,70,0,58-37113,10612,N/A
2025-11-23T00:19:25.021221,99,11718,31.94541,35.928734,0,0,58-11718,10635,N/A
2025-11-23T00:19:25.021221,99,97202,31.992695,35.889935,305.89,1,58-97202,10622,N/A
2025-11-23T00:19:25.021221,99,22057,32.025036,35.853676,254.6,1,58-22057,10614,N/A
2025-11-23T00:19:25.021221,99,11670,32.00448,36.008205,0,1,58-11670,10636,N/A
2025-11-23T00:19:25.021221,99,11499,32.00014,36.015255,0,1,58-11499,10635,N/A
2025-11-23T00:19:25.021221,99,11526,32.0002,36.01552,0,1,58-11526,10622,N/A
2025-11-23T00:19:25.021221,99,73439,32.023087,35.848095,252.9,1,58-73439,10613,N/A
2025-11-23T00:19:25.021221,99,52827,31.94586,35.91979,285.5,1,58-52827,10643,N/A
2025-11-23T00:19:25.021221,99,11493,31.94533,35.928787,0,1,58-11493,10643,N/A
2025-11-23T00:19:25.021221,99,11496,32.00006,36.015587,192.2,1,58-11496,10642,N/A
2025-11-23T00:19:25.021221,100,50752,31.985329,35.898327,89.6,0,58-50752,10625,N/A
2025-11-23T00:19:25.021221,100,63240,32.001354,36.014027,197,0,58-63240,11649,N/A
2025-11-23T00:19:25.021221,100,98191,32.00009,36.015476,0,0,58-98191,10622,N/A
2025-11-23T00:19:25.021221,100,10975,31.999632,36.016132,197.68,0,58-10975,11649,N/A
2025-11-23T00:19:25.021221,100,48886,32.00026,36.015392,21.5,0,58-48886,11649,N/A
2025-11-23T00:19:25.021221,100,11523,32.000935,36.013863,197.6,0,58-11523,10612,N/A
2025-11-23T00:19:25.021221,100,11014,32.004826,36.014347,132.1,0,58-11014,10619,N/A
2025-11-23T00:19:25.021221,100,11724,32.000275,36.01534,0,0,58-11724,11648,N/A
2025-11-23T00:19:25.021221,100,40779,31.96065,35.95736,40.9,0,58-40779,11651,N/A
2025-11-23T00:19:25.021221,100,24926,31.999966,36.015114,232.1,0,58-24926,11653,N/A
2025-11-23T00:19:25.021221,100,05961,31.96135,35.95817,34.2,1,58-95961,11653,N/A
2025-11-23T00:19:25.021221,100,16863,32.00123,36.013977,197.67,1,58-16863,11653,N/A
2025-11-23T00:19:25.021221,100,50152,31.988289,35.90758,243.2,1,58-50152,11649,N/A
2025-11-23T00:19:25.021221,100,97599,31.992634,35.890064,309.89,1,58-97599,10622,N/A
2025-11-23T00:19:25.021221,100,10987,32.000244,36.01543,0,1,58-10987,11653,N/A
2025-11-23T00:19:25.021221,100,52302,31.964375,35.960926,34.79,1,58-52302,11653,N/A
2025-11-23T00:19:25.021221,100,21423,32.000317,36.01466,218.2,1,58-21423,11653,N/A
2025-11-23T00:19:25.021221,100,30732,32.004444,36.00834,359.4,1,58-30732,11651,N/A
2025-11-23T00:19:25.021221,100,95161,32.000343,36.014633,177.4,1,58-95161,11653,N/A
2025-11-23T00:19:25.021221,100,90702,32.021866,35.844257,43.9,1,58-90702,10613,N/A
2025-11-23T00:19:25.021221,100,10993,32.00027,36.014793,234.1,1,58-10993,11652,N/A
2025-11-23T00:19:25.021221,100,10981,31.999386,36.014343,0,1,58-10981,11653,N/A
2025-11-23T00:19:25.021221,100,11538,32.000355,36.014435,0,1,58-11538,11653,N/A
2025-11-23T00:19:25.021221,100,11520,32.000126,36.014256,298.39,1,58-11520,11653,N/A
2025-11-23T00:19:25.021221,100,93641,31.99996,36.015163,246.4,1,58-93641,11653,N/A
2025-11-23T00:19:25.021221,100,82779,31.963634,35.960278,36.1,1,58-82779,11653,N/A
2025-11-23T00:19:25.021221,100,10996,31.960546,35.956833,0,1,58-10996,11653,N/A
2025-11-23T00:19:25.021221,100,11544,31.961313,35.958122,0,1,58-11544,11653,N/A
2025-11-23T00:20:10.697915,99,32725,32.005947,36.008255,30.6,0,58-32725,10625,N/A
2025-11-23T00:20:10.697915,99,49451,31.98085,35.89198,224.7,0,58-49451,10626,N/A
2025-11-23T00:20:10.697915,99,96335,31.94514,35.927013,105.5,0,58-96335,10641,N/A
2025-11-23T00:20:10.697915,99,72129,31.944706,35.928158,106.5,0,58-72129,10641,N/A
2025-11-23T00:20:10.697915,99,45556,32.020844,35.84248,286.7,0,58-45556,10612,N/A
2025-11-23T00:20:10.697915,99,11005,32.00024,36.015,0,0,58-11005,10625,N/A
2025-11-23T00:20:10.697915,99,28732,32.021492,35.842632,46.1,0,58-28732,10612,N/A
2025-11-23T00:20:10.697915,99,66163,32.02123,35.84215,346.2,0,58-66163,10612,N/A
2025-11-23T00:20:10.697915,99,56867,32.020847,35.842632,289.3,0,58-56867,10612,N/A
2025-11-23T00:20:10.697915,99,25354,31.944778,35.92804,106.1,0,58-25354,10641,N/A
2025-11-23T00:20:10.697915,99,11649,32.022224,35.845154,72.31,0,58-11649,10612,N/A
2025-11-23T00:20:10.697915,99,11547,32.00016,36.01502,0,0,58-11547,10622,N/A
2025-11-23T00:20:10.697915,99,37113,32.02158,35.842438,0,0,58-37113,10612,N/A
2025-11-23T00:20:10.697915,99,11718,31.94541,35.928734,0,0,58-11718,10635,N/A
2025-11-23T00:20:10.697915,99,97202,31.993248,35.88909,307.3,1,58-97202,10622,N/A
2025-11-23T00:20:10.697915,99,22057,32.023396,35.847744,252.7,1,58-22057,10614,N/A
2025-11-23T00:20:10.697915,99,11670,32.00448,36.008205,0,1,58-11670,10636,N/A
2025-11-23T00:20:10.697915,99,11499,32.00014,36.015255,0,1,58-11499,10635,N/A
2025-11-23T00:20:10.697915,99,11526,32.0002,36.01552,0,1,58-11526,10622,N/A
2025-11-23T00:20:10.697915,99,73439,32.023087,35.848095,252.9,1,58-73439,10613,N/A
2025-11-23T00:20:10.697915,99,52827,31.94586,35.91979,285.5,1,58-52827,10643,N/A
2025-11-23T00:20:10.697915,99,11493,31.94533,35.928787,0,1,58-11493,10643,N/A
2025-11-23T00:20:10.697915,99,11496,32.00006,36.015587,192.2,1,58-11496,10642,N/A
2025-11-23T00:20:10.697915,100,50752,31.987211,35.902657,88.6,0,58-50752,10625,N/A
2025-11-23T00:20:10.697915,100,63240,32.001354,36.014027,197,0,58-63240,11649,N/A
2025-11-23T00:20:10.697915,100,98191,32.00009,36.015476,0,0,58-98191,10622,N/A
2025-11-23T00:20:10.697915,100,10975,31.999632,36.016132,197.68,0,58-10975,11649,N/A
2025-11-23T00:20:10.697915,100,48886,32.00026,36.015392,21.5,0,58-48886,11649,N/A
2025-11-23T00:20:10.697915,100,11523,32.000935,36.013863,197.6,0,58-11523,10612,N/A
2025-11-23T00:20:10.697915,100,11014,32.004826,36.014347,132.1,0,58-11014,10619,N/A
2025-11-23T00:20:10.697915,100,11724,32.000275,36.01534,0,0,58-11724,11648,N/A
2025-11-23T00:20:10.697915,100,40779,31.96065,35.95736,40.9,0,58-40779,11651,N/A
2025-11-23T00:20:10.697915,100,24926,31.999966,36.015114,232.1,0,58-24926,11653,N/A
2025-11-23T00:20:10.697915,100,05961,31.96135,35.95817,34.2,1,58-95961,11653,N/A
2025-11-23T00:20:10.697915,100,16863,31.999474,36.01395,111.99,1,58-16863,11653,N/A
2025-11-23T00:20:10.697915,100,50152,31.987354,35.90147,260.5,1,58-50152,11649,N/A
2025-11-23T00:20:10.697915,100,97599,31.992634,35.890064,309.89,1,58-97599,10622,N/A
2025-11-23T00:20:10.697915,100,10987,32.000244,36.01543,0,1,58-10987,11653,N/A
2025-11-23T00:20:10.697915,100,52302,31.964375,35.960926,34.79,1,58-52302,11653,N/A
2025-11-23T00:20:10.697915,100,21423,32.000317,36.01466,218.2,1,58-21423,11653,N/A
2025-11-23T00:20:10.697915,100,30732,32.004444,36.00834,359.4,1,58-30732,11651,N/A
2025-11-23T00:20:10.697915,100,95161,32.000343,36.014633,177.4,1,58-95161,11653,N/A
2025-11-23T00:20:10.697915,100,90702,32.021866,35.844257,43.9,1,58-90702,10613,N/A
2025-11-23T00:20:10.697915,100,10993,32.00027,36.014793,234.1,1,58-10993,11652,N/A
2025-11-23T00:20:10.697915,100,10981,31.999386,36.014343,0,1,58-10981,11653,N/A
2025-11-23T00:20:10.697915,100,11538,32.000355,36.014435,0,1,58-11538,11653,N/A
2025-11-23T00:20:10.697915,100,11520,32.000126,36.014256,298.39,1,58-11520,11653,N/A
2025-11-23T00:20:10.697915,100,93641,31.99996,36.015163,246.4,1,58-93641,11653,N/A
2025-11-23T00:20:10.697915,100,82779,31.963634,35.960278,36.1,1,58-82779,11653,N/A
2025-11-23T00:20:10.697915,100,10996,31.960546,35.956833,0,1,58-10996,11653,N/A
2025-11-23T00:20:10.697915,100,11544,31.961313,35.958122,0,1,58-11544,11653,N/A
2025-11-23T00:20:59.526196,99,32725,32.00521,36.013374,101.3,0,58-32725,10625,N/A
2025-11-23T00:20:59.526196,99,49451,31.979462,35.89051,220.5,0,58-49451,10626,N/A
2025-11-23T00:20:59.526196,99,96335,31.94514,35.927013,105.5,0,58-96335,10641,N/A
2025-11-23T00:20:59.526196,99,72129,31.944706,35.928158,106.5,0,58-72129,10641,N/A
2025-11-23T00:20:59.526196,99,45556,32.020844,35.84248,286.7,0,58-45556,10612,N/A
2025-11-23T00:20:59.526196,99,11005,32.00024,36.015,0,0,58-11005,10625,N/A
2025-11-23T00:20:59.526196,99,28732,32.021492,35.842632,46.1,0,58-28732,10612,N/A
2025-11-23T00:20:59.526196,99,66163,32.02123,35.84215,346.2,0,58-66163,10612,N/A
2025-11-23T00:20:59.526196,99,56867,32.020847,35.842632,289.3,0,58-56867,10612,N/A
2025-11-23T00:20:59.526196,99,25354,31.944778,35.92804,106.1,0,58-25354,10641,N/A
2025-11-23T00:20:59.526196,99,11649,32.022224,35.845154,72.31,0,58-11649,10612,N/A
2025-11-23T00:20:59.526196,99,11547,32.00016,36.01502,0,0,58-11547,10622,N/A
2025-11-23T00:20:59.526196,99,37113,32.02158,35.842438,0,0,58-37113,10612,N/A
2025-11-23T00:20:59.526196,99,11718,31.94541,35.928734,0,0,58-11718,10635,N/A
2025-11-23T00:20:59.526196,99,97202,31.99663,35.88373,307.2,1,58-97202,10621,N/A
2025-11-23T00:20:59.526196,99,22057,32.0229,35.8461,255.7,1,58-22057,10614,N/A
2025-11-23T00:20:59.526196,99,11670,32.00448,36.008205,0,1,58-11670,10636,N/A
2025-11-23T00:20:59.526196,99,11499,32.00014,36.015255,0,1,58-11499,10635,N/A
2025-11-23T00:20:59.526196,99,11526,32.0002,36.01552,0,1,58-11526,10622,N/A
2025-11-23T00:20:59.526196,99,73439,32.023087,35.848095,252.9,1,58-73439,10613,N/A
2025-11-23T00:20:59.526196,99,52827,31.94586,35.91979,285.5,1,58-52827,10643,N/A
2025-11-23T00:20:59.526196,99,11493,31.94533,35.928787,0,1,58-11493,10643,N/A
2025-11-23T00:20:59.526196,99,11496,32.00006,36.015587,192.2,1,58-11496,10642,N/A
2025-11-23T00:20:59.526196,100,50752,31.988646,35.90828,56,0,58-50752,11645,N/A
2025-11-23T00:20:59.526196,100,63240,32.001354,36.014027,197,0,58-63240,11649,N/A
2025-11-23T00:20:59.526196,100,98191,32.00009,36.015476,0,0,58-98191,10622,N/A
2025-11-23T00:20:59.526196,100,10975,31.999632,36.016132,197.68,0,58-10975,11649,N/A
2025-11-23T00:20:59.526196,100,48886,32.00026,36.015392,21.5,0,58-48886,11649,N/A
2025-11-23T00:20:59.526196,100,11523,32.000935,36.013863,197.6,0,58-11523,10612,N/A
2025-11-23T00:20:59.526196,100,11014,32.004826,36.014347,132.1,0,58-11014,10619,N/A
2025-11-23T00:20:59.526196,100,11724,32.000275,36.01534,0,0,58-11724,11648,N/A
2025-11-23T00:20:59.526196,100,40779,31.96065,35.95736,40.9,0,58-40779,11651,N/A
2025-11-23T00:20:59.526196,100,24926,31.999966,36.015114,232.1,0,58-24926,11653,N/A
2025-11-23T00:20:59.526196,100,05961,31.96135,35.95817,34.2,1,58-95961,11653,N/A
2025-11-23T00:20:59.526196,100,16863,31.999474,36.01395,111.99,1,58-16863,11653,N/A
2025-11-23T00:20:59.526196,100,50152,31.986147,35.898136,250.2,1,58-50152,11649,N/A
2025-11-23T00:20:59.526196,100,97599,31.992634,35.890064,309.89,1,58-97599,10622,N/A
2025-11-23T00:20:59.526196,100,10987,32.000244,36.01543,0,1,58-10987,11653,N/A
2025-11-23T00:20:59.526196,100,52302,31.964375,35.960926,34.79,1,58-52302,11653,N/A
2025-11-23T00:20:59.526196,100,21423,32.000317,36.01466,218.2,1,58-21423,11653,N/A
2025-11-23T00:20:59.526196,100,30732,32.004444,36.00834,359.4,1,58-30732,11651,N/A
2025-11-23T00:20:59.526196,100,95161,32.000343,36.014633,177.4,1,58-95161,11653,N/A
2025-11-23T00:20:59.526196,100,90702,32.021866,35.844257,43.9,1,58-90702,10613,N/A
2025-11-23T00:20:59.526196,100,10993,32.00027,36.014793,234.1,1,58-10993,11652,N/A
2025-11-23T00:20:59.526196,100,10981,31.999386,36.014343,0,1,58-10981,11653,N/A
2025-11-23T00:20:59.526196,100,11538,32.000355,36.014435,0,1,58-11538,11653,N/A
2025-11-23T00:20:59.526196,100,11520,32.000126,36.014256,298.39,1,58-11520,11653,N/A
2025-11-23T00:20:59.526196,100,93641,31.99996,36.015163,246.4,1,58-93641,11653,N/A
2025-11-23T00:20:59.526196,100,82779,31.963634,35.960278,36.1,1,58-82779,11653,N/A
2025-11-23T00:20:59.526196,100,10996,31.960546,35.956833,0,1,58-10996,11653,N/A
2025-11-23T00:20:59.526196,100,11544,31.961313,35.958122,0,1,58-11544,11653,N/A
2025-11-23T00:21:56.957973,99,32725,32.00123,36.013966,196.2,0,58-32725,10625,N/A
2025-11-23T00:21:56.957973,99,49451,31.976488,35.88784,204,0,58-49451,10627,N/A
2025-11-23T00:21:56.957973,99,96335,31.94514,35.927013,105.5,0,58-96335,10641,N/A
2025-11-23T00:21:56.957973,99,72129,31.944706,35.928158,106.5,0,58-72129,10641,N/A
2025-11-23T00:21:56.957973,99,45556,32.020844,35.84248,286.7,0,58-45556,10612,N/A
2025-11-23T00:21:56.957973,99,11005,32.00024,36.015,0,0,58-11005,10625,N/A
2025-11-23T00:21:56.957973,99,28732,32.021748,35.842438,58.6,0,58-28732,10612,N/A
2025-11-23T00:21:56.957973,99,66163,32.02123,35.84215,346.2,0,58-66163,10612,N/A
2025-11-23T00:21:56.957973,99,56867,32.020847,35.842632,289.3,0,58-56867,10612,N/A
2025-11-23T00:21:56.957973,99,25354,31.944778,35.92804,106.1,0,58-25354,10641,N/A
2025-11-23T00:21:56.957973,99,11649,32.022224,35.845154,72.31,0,58-11649,10612,N/A
2025-11-23T00:21:56.957973,99,11547,32.00016,36.01502,0,0,58-11547,10622,N/A
2025-11-23T00:21:56.957973,99,37113,32.02191,35.843987,70,0,58-37113,10612,N/A
2025-11-23T00:21:56.957973,99,11718,31.94541,35.928734,0,0,58-11718,10635,N/A
2025-11-23T00:21:56.957973,99,97202,32.003178,35.874706,321.2,1,58-97202,10621,N/A
2025-11-23T00:21:56.957973,99,22057,32.021126,35.84346,250.8,1,58-22057,10614,N/A
2025-11-23T00:21:56.957973,99,11670,32.00448,36.008205,0,1,58-11670,10636,N/A
2025-11-23T00:21:56.957973,99,11499,32.00014,36.015255,0,1,58-11499,10635,N/A
2025-11-23T00:21:56.957973,99,11526,32.0002,36.01552,0,1,58-11526,10622,N/A
2025-11-23T00:21:56.957973,99,73439,32.023087,35.848095,252.9,1,58-73439,10613,N/A
2025-11-23T00:21:56.957973,99,52827,31.94586,35.91979,285.5,1,58-52827,10643,N/A
2025-11-23T00:21:56.957973,99,11493,31.94533,35.928787,0,1,58-11493,10643,N/A
2025-11-23T00:21:56.957973,99,11496,32.00006,36.015587,192.2,1,58-11496,10642,N/A
2025-11-23T00:21:56.957973,100,50752,31.990469,35.911266,52.5,0,58-50752,11645,N/A
2025-11-23T00:21:56.957973,100,63240,32.001354,36.014027,197,0,58-63240,11649,N/A
2025-11-23T00:21:56.957973,100,98191,32.000126,36.015465,190.8,0,58-98191,10622,N/A
2025-11-23T00:21:56.957973,100,10975,31.999632,36.016132,197.68,0,58-10975,11649,N/A
2025-11-23T00:21:56.957973,100,48886,32.00026,36.015392,21.5,0,58-48886,11649,N/A
2025-11-23T00:21:56.957973,100,11523,32.000935,36.013863,197.6,0,58-11523,10612,N/A
2025-11-23T00:21:56.957973,100,11014,32.004826,36.014347,132.1,0,58-11014,10623,N/A
2025-11-23T00:21:56.957973,100,11724,32.000275,36.01534,0,0,58-11724,11648,N/A
2025-11-23T00:21:56.957973,100,40779,31.96065,35.95736,40.9,0,58-40779,11651,N/A
2025-11-23T00:21:56.957973,100,24926,31.999966,36.015114,232.1,0,58-24926,11653,N/A
2025-11-23T00:21:56.957973,100,05961,31.968212,35.96431,47.8,1,58-95961,11653,N/A
2025-11-23T00:21:56.957973,100,16863,31.999474,36.01395,111.99,1,58-16863,11653,N/A
2025-11-23T00:21:56.957973,100,50152,31.986507,35.897297,309.8,1,58-50152,11649,N/A
2025-11-23T00:21:56.957973,100,97599,31.992634,35.890064,309.89,1,58-97599,10622,N/A
2025-11-23T00:21:56.957973,100,10987,32.000244,36.01543,0,1,58-10987,11653,N/A
2025-11-23T00:21:56.957973,100,52302,31.964375,35.960926,34.79,1,58-52302,11653,N/A
2025-11-23T00:21:56.957973,100,21423,32.000317,36.01466,218.2,1,58-21423,11653,N/A
2025-11-23T00:21:56.957973,100,30732,32.004444,36.00834,359.4,1,58-30732,11653,N/A
2025-11-23T00:21:56.957973,100,95161,32.000343,36.014633,177.4,1,58-95161,11653,N/A
2025-11-23T00:21:56.957973,100,90702,32.021866,35.844257,43.9,1,58-90702,10613,N/A
2025-11-23T00:21:56.957973,100,10993,32.00027,36.014793,234.1,1,58-10993,11653,N/A
2025-11-23T00:21:56.957973,100,10981,31.999386,36.014343,0,1,58-10981,11651,N/A
2025-11-23T00:21:56.957973,100,11538,32.000355,36.014435,0,1,58-11538,11652,N/A
2025-11-23T00:21:56.957973,100,11520,32.000126,36.014256,298.39,1,58-11520,11653,N/A
2025-11-23T00:21:56.957973,100,93641,31.99996,36.015163,246.4,1,58-93641,11653,N/A
2025-11-23T00:21:56.957973,100,82779,31.963634,35.960278,36.1,1,58-82779,11653,N/A
2025-11-23T00:21:56.957973,100,10996,31.960546,35.956833,0,1,58-10996,11653,N/A
2025-11-23T00:21:56.957973,100,11544,31.961313,35.958122,0,1,58-11544,11653,N/A
2025-11-23T00:22:51.054150,99,32725,31.99941,36.014168,116.7,0,58-32725,10625,N/A
2025-11-23T00:22:51.054150,99,49451,31.973383,35.88643,188.2,0,58-49451,10627,N/A
2025-11-23T00:22:51.054150,99,96335,31.94514,35.927013,105.5,0,58-96335,10641,N/A
2025-11-23T00:22:51.054150,99,72129,31.944706,35.928158,106.5,0,58-72129,10641,N/A
2025-11-23T00:22:51.054150,99,45556,32.020844,35.84248,286.7,0,58-45556,10612,N/A
2025-11-23T00:22:51.054150,99,11005,32.00024,36.015,0,0,58-11005,10625,N/A
2025-11-23T00:22:51.054150,99,28732,32.021748,35.842438,58.6,0,58-28732,10612,N/A
2025-11-23T00:22:51.054150,99,66163,32.02123,35.84215,346.2,0,58-66163,10612,N/A
2025-11-23T00:22:51.054150,99,56867,32.020847,35.842632,289.3,0,58-56867,10612,N/A
2025-11-23T00:22:51.054150,99,25354,31.944778,35.92804,106.1,0,58-25354,10641,N/A
2025-11-23T00:22:51.054150,99,11649,32.022224,35.845154,72.31,0,58-11649,10612,N/A
2025-11-23T00:22:51.054150,99,11547,32.00016,36.01502,0,0,58-11547,10622,N/A
2025-11-23T00:22:51.054150,99,37113,32.02191,35.843987,70,0,58-37113,10612,N/A
2025-11-23T00:22:51.054150,99,11718,31.94541,35.928734,0,0,58-11718,10635,N/A
2025-11-23T00:22:51.054150,99,97202,32.01051,35.871017,344.5,1,58-97202,10621,N/A
2025-11-23T00:22:51.054150,99,22057,32.02126,35.842644,285.7,1,58-22057,10614,N/A
2025-11-23T00:22:51.054150,99,11670,32.00448,36.008205,0,1,58-11670,10636,N/A
2025-11-23T00:22:51.054150,99,11499,32.00014,36.015255,0,1,58-11499,10635,N/A
2025-11-23T00:22:51.054150,99,11526,32.0002,36.01552,0,1,58-11526,10622,N/A
2025-11-23T00:22:51.054150,99,73439,32.023087,35.848095,252.9,1,58-73439,10613,N/A
2025-11-23T00:22:51.054150,99,52827,31.94586,35.91979,285.5,1,58-52827,10643,N/A
2025-11-23T00:22:51.054150,99,11493,31.94533,35.928787,0,1,58-11493,10643,N/A
2025-11-23T00:22:51.054150,99,11496,32.00006,36.015587,192.2,1,58-11496,10642,N/A
2025-11-23T00:22:51.054150,100,50752,31.99337,35.91955,76.7,0,58-50752,11646,N/A
2025-11-23T00:22:51.054150,100,63240,32.001354,36.014027,197,0,58-63240,11649,N/A
2025-11-23T00:22:51.054150,100,98191,32.00009,36.015476,0,0,58-98191,10622,N/A
2025-11-23T00:22:51.054150,100,10975,31.999632,36.016132,197.68,0,58-10975,11649,N/A
2025-11-23T00:22:51.054150,100,48886,32.00026,36.015392,21.5,0,58-48886,11649,N/A
2025-11-23T00:22:51.054150,100,11523,32.000935,36.013863,197.6,0,58-11523,10612,N/A
2025-11-23T00:22:51.054150,100,11014,32.004826,36.014347,132.1,0,58-11014,10619,N/A
2025-11-23T00:22:51.054150,100,11724,32.000275,36.01534,0,0,58-11724,11648,N/A
2025-11-23T00:22:51.054150,100,40779,31.96065,35.95736,40.9,0,58-40779,11651,N/A
2025-11-23T00:22:51.054150,100,24926,31.999966,36.015114,232.1,0,58-24926,11653,N/A
2025-11-23T00:22:51.054150,100,05961,31.970642,35.96925,60.7,1,58-95961,11653,N/A
2025-11-23T00:22:51.054150,100,16863,31.999474,36.01395,111.99,1,58-16863,11653,N/A
2025-11-23T00:22:51.054150,100,50152,31.989216,35.894176,317.3,1,58-50152,10623,N/A
2025-11-23T00:22:51.054150,100,97599,31.992634,35.890064,309.89,1,58-97599,10622,N/A
2025-11-23T00:22:51.054150,100,10987,32.000244,36.01543,0,1,58-10987,11653,N/A
2025-11-23T00:22:51.054150,100,52302,31.964375,35.960926,34.79,1,58-52302,11653,N/A
2025-11-23T00:22:51.054150,100,21423,32.000317,36.01466,218.2,1,58-21423,11653,N/A
2025-11-23T00:22:51.054150,100,30732,32.004444,36.00834,359.4,1,58-30732,11653,N/A
2025-11-23T00:22:51.054150,100,95161,32.000343,36.014633,177.4,1,58-95161,11653,N/A
2025-11-23T00:22:51.054150,100,90702,32.021866,35.844257,43.9,1,58-90702,10613,N/A
2025-11-23T00:22:51.054150,100,10993,32.00027,36.014793,234.1,1,58-10993,11653,N/A
2025-11-23T00:22:51.054150,100,10981,31.999386,36.014343,0,1,58-10981,11651,N/A
2025-11-23T00:22:51.054150,100,11538,32.000355,36.014435,0,1,58-11538,11652,N/A
2025-11-23T00:22:51.054150,100,11520,32.000126,36.014256,298.39,1,58-11520,11653,N/A
2025-11-23T00:22:51.054150,100,93641,31.99996,36.015163,246.4,1,58-93641,11653,N/A
2025-11-23T00:22:51.054150,100,82779,31.963634,35.960278,36.1,1,58-82779,11653,N/A
2025-11-23T00:22:51.054150,100,10996,31.960546,35.956833,0,1,58-10996,11653,N/A
2025-11-23T00:22:51.054150,100,11544,31.961313,35.958122,0,1,58-11544,11653,N/A
2025-11-23T00:23:36.555938,99,32725,31.99941,36.014168,116.7,0,58-32725,10625,N/A
2025-11-23T00:23:36.555938,99,49451,31.969654,35.88634,174.6,0,58-49451,10627,N/A
2025-11-23T00:23:36.555938,99,96335,31.94514,35.927013,105.5,0,58-96335,10641,N/A
2025-11-23T00:23:36.555938,99,72129,31.944706,35.928158,106.5,0,58-72129,10641,N/A
2025-11-23T00:23:36.555938,99,45556,32.020844,35.84248,286.7,0,58-45556,10612,N/A
2025-11-23T00:23:36.555938,99,11005,32.00024,36.015,0,0,58-11005,10625,N/A
2025-11-23T00:23:36.555938,99,28732,32.021748,35.842438,58.6,0,58-28732,10612,N/A
2025-11-23T00:23:36.555938,99,66163,32.02123,35.84215,346.2,0,58-66163,10612,N/A
2025-11-23T00:23:36.555938,99,56867,32.020847,35.842632,289.3,0,58-56867,10612,N/A
2025-11-23T00:23:36.555938,99,25354,31.944778,35.92804,106.1,0,58-25354,10641,N/A
2025-11-23T00:23:36.555938,99,11649,32.022224,35.845154,72.31,0,58-11649,10612,N/A
2025-11-23T00:23:36.555938,99,11547,32.00016,36.01502,0,0,58-11547,10622,N/A
2025-11-23T00:23:36.555938,99,37113,32.02191,35.843987,70,0,58-37113,10612,N/A
2025-11-23T00:23:36.555938,99,11718,31.94541,35.928734,0,0,58-11718,10635,N/A
2025-11-23T00:23:36.555938,99,97202,32.01497,35.868366,320.8,1,58-97202,10617,N/A
2025-11-23T00:23:36.555938,99,22057,32.02126,35.842644,285.7,1,58-22057,10614,N/A
2025-11-23T00:23:36.555938,99,11670,32.00448,36.008205,0,1,58-11670,10636,N/A
2025-11-23T00:23:36.555938,99,11499,32.00014,36.015255,0,1,58-11499,10635,N/A
2025-11-23T00:23:36.555938,99,11526,32.0002,36.01552,0,1,58-11526,10622,N/A
2025-11-23T00:23:36.555938,99,73439,32.023087,35.848095,252.9,1,58-73439,10613,N/A
2025-11-23T00:23:36.555938,99,52827,31.94586,35.91979,285.5,1,58-52827,10643,N/A
2025-11-23T00:23:36.555938,99,11493,31.94533,35.928787,0,1,58-11493,10643,N/A
2025-11-23T00:23:36.555938,99,11496,32.00006,36.015587,192.2,1,58-11496,10642,N/A
2025-11-23T00:23:36.555938,100,50752,31.993666,35.925907,96.4,0,58-50752,11647,N/A
2025-11-23T00:23:36.555938,100,63240,32.001354,36.014027,197,0,58-63240,11649,N/A
2025-11-23T00:23:36.555938,100,98191,32.000126,36.015465,190.8,0,58-98191,10622,N/A
2025-11-23T00:23:36.555938,100,10975,31.999632,36.016132,197.68,0,58-10975,11649,N/A
2025-11-23T00:23:36.555938,100,48886,32.00026,36.015392,21.5,0,58-48886,11649,N/A
2025-11-23T00:23:36.555938,100,11523,32.000935,36.013863,197.6,0,58-11523,10612,N/A
2025-11-23T00:23:36.555938,100,11014,32.004826,36.014347,132.1,0,58-11014,10623,N/A
2025-11-23T00:23:36.555938,100,11724,32.000275,36.01534,0,0,58-11724,11648,N/A
2025-11-23T00:23:36.555938,100,40779,31.96065,35.95736,40.9,0,58-40779,11651,N/A
2025-11-23T00:23:36.555938,100,24926,31.999966,36.015114,232.1,0,58-24926,11653,N/A
2025-11-23T00:23:36.555938,100,05961,31.978691,35.97215,23.1,1,58-95961,11653,N/A
2025-11-23T00:23:36.555938,100,16863,31.999474,36.01395,111.99,1,58-16863,11653,N/A
2025-11-23T00:23:36.555938,100,50152,31.991741,35.89143,309.2,1,58-50152,10623,N/A
2025-11-23T00:23:36.555938,100,97599,31.992634,35.890064,309.89,1,58-97599,10622,N/A
2025-11-23T00:23:36.555938,100,10987,32.000244,36.01543,0,1,58-10987,11653,N/A
2025-11-23T00:23:36.555938,100,52302,31.964375,35.960926,34.79,1,58-52302,11653,N/A
2025-11-23T00:23:36.555938,100,21423,32.000317,36.01466,218.2,1,58-21423,11653,N/A
2025-11-23T00:23:36.555938,100,30732,32.004444,36.00834,359.4,1,58-30732,11653,N/A
2025-11-23T00:23:36.555938,100,95161,32.000343,36.014633,177.4,1,58-95161,11653,N/A
2025-11-23T00:23:36.555938,100,90702,32.021866,35.844257,43.9,1,58-90702,10613,N/A
2025-11-23T00:23:36.555938,100,10993,32.00027,36.014793,234.1,1,58-10993,11653,N/A
2025-11-23T00:23:36.555938,100,10981,31.999386,36.014343,0,1,58-10981,11651,N/A
2025-11-23T00:23:36.555938,100,11538,32.000355,36.014435,0,1,58-11538,11652,N/A
2025-11-23T00:23:36.555938,100,11520,32.000126,36.014256,298.39,1,58-11520,11653,N/A
2025-11-23T00:23:36.555938,100,93641,31.99996,36.015163,246.4,1,58-93641,11653,N/A
2025-11-23T00:23:36.555938,100,82779,31.963634,35.960278,36.1,1,58-82779,11653,N/A
2025-11-23T00:23:36.555938,100,10996,31.960546,35.956833,0,1,58-10996,11653,N/A
2025-11-23T00:23:36.555938,100,11544,31.961313,35.958122,0,1,58-11544,11653,N/A
2025-11-23T00:24:24.723689,99,32725,31.99941,36.014168,116.7,0,58-32725,10625,N/A
2025-11-23T00:24:24.723689,99,49451,31.96579,35.885258,222.8,0,58-49451,10640,N/A
2025-11-23T00:24:24.723689,99,96335,31.94514,35.927013,105.5,0,58-96335,10641,N/A
2025-11-23T00:24:24.723689,99,72129,31.944706,35.928158,106.5,0,58-72129,10641,N/A
2025-11-23T00:24:24.723689,99,45556,32.020844,35.84248,286.7,0,58-45556,10612,N/A
2025-11-23T00:24:24.723689,99,11005,32.00024,36.015,0,0,58-11005,10625,N/A
2025-11-23T00:24:24.723689,99,28732,32.021748,35.842438,58.6,0,58-28732,10612,N/A
2025-11-23T00:24:24.723689,99,66163,32.02123,35.84215,346.2,0,58-66163,10612,N/A
2025-11-23T00:24:24.723689,99,56867,32.020847,35.842632,289.3,0,58-56867,10612,N/A
2025-11-23T00:24:24.723689,99,25354,31.944778,35.92804,106.1,0,58-25354,10641,N/A
2025-11-23T00:24:24.723689,99,11649,32.022224,35.845154,72.31,0,58-11649,10612,N/A
2025-11-23T00:24:24.723689,99,11547,32.00016,36.01502,0,0,58-11547,10622,N/A
2025-11-23T00:24:24.723689,99,37113,32.02191,35.843987,70,0,58-37113,10612,N/A
2025-11-23T00:24:24.723689,99,11718,31.94541,35.928734,0,0,58-11718,10635,N/A
2025-11-23T00:24:24.723689,99,97202,32.018383,35.86515,317.2,1,58-97202,10615,N/A
2025-11-23T00:24:24.723689,99,22057,32.02126,35.842644,285.7,1,58-22057,10614,N/A
2025-11-23T00:24:24.723689,99,11670,32.00448,36.008205,0,1,58-11670,10636,N/A
2025-11-23T00:24:24.723689,99,11499,32.00014,36.015255,0,1,58-11499,10635,N/A
2025-11-23T00:24:24.723689,99,11526,32.0002,36.01552,0,1,58-11526,10622,N/A
2025-11-23T00:24:24.723689,99,73439,32.023087,35.848095,252.9,1,58-73439,10613,N/A
2025-11-23T00:24:24.723689,99,52827,31.94586,35.91979,285.5,1,58-52827,10643,N/A
2025-11-23T00:24:24.723689,99,11493,31.94533,35.928787,0,1,58-11493,10643,N/A
2025-11-23T00:24:24.723689,99,11496,32.00006,36.015587,192.2,1,58-11496,10642,N/A
2025-11-23T00:24:24.723689,100,50752,31.993605,35.926548,94.1,0,58-50752,11647,N/A
2025-11-23T00:24:24.723689,100,63240,32.001354,36.014027,197,0,58-63240,11649,N/A
2025-11-23T00:24:24.723689,100,98191,32.00009,36.015476,0,0,58-98191,10622,N/A
2025-11-23T00:24:24.723689,100,10975,31.999632,36.016132,197.68,0,58-10975,11649,N/A
2025-11-23T00:24:24.723689,100,48886,32.00026,36.015392,21.5,0,58-48886,11649,N/A
2025-11-23T00:24:24.723689,100,11523,32.000935,36.013863,197.6,0,58-11523,10612,N/A
2025-11-23T00:24:24.723689,100,11014,32.004826,36.014347,132.1,0,58-11014,10619,N/A
2025-11-23T00:24:24.723689,100,11724,32.000275,36.01534,0,0,58-11724,11648,N/A
2025-11-23T00:24:24.723689,100,40779,31.96065,35.95736,40.9,0,58-40779,11651,N/A
2025-11-23T00:24:24.723689,100,24926,31.999966,36.015114,232.1,0,58-24926,11653,N/A
2025-11-23T00:24:24.723689,100,05961,31.982227,35.975456,39,1,58-95961,11653,N/A
2025-11-23T00:24:24.723689,100,16863,31.999474,36.01395,111.99,1,58-16863,11653,N/A
2025-11-23T00:24:24.723689,100,50152,31.992706,35.88993,304.8,1,58-50152,10622,N/A
2025-11-23T00:24:24.723689,100,97599,31.992634,35.890064,309.89,1,58-97599,10622,N/A
2025-11-23T00:24:24.723689,100,10987,32.000244,36.01543,0,1,58-10987,11653,N/A
2025-11-23T00:24:24.723689,100,52302,31.964375,35.960926,34.79,1,58-52302,11653,N/A
2025-11-23T00:24:24.723689,100,21423,32.000317,36.01466,218.2,1,58-21423,11653,N/A
2025-11-23T00:24:24.723689,100,30732,32.004444,36.00834,359.4,1,58-30732,11651,N/A
2025-11-23T00:24:24.723689,100,95161,32.000343,36.014633,177.4,1,58-95161,11653,N/A
2025-11-23T00:24:24.723689,100,90702,32.021866,35.844257,43.9,1,58-90702,10613,N/A
2025-11-23T00:24:24.723689,100,10993,32.00027,36.014793,234.1,1,58-10993,11652,N/A
2025-11-23T00:24:24.723689,100,10981,31.999386,36.014343,0,1,58-10981,11653,N/A
2025-11-23T00:24:24.723689,100,11538,32.000355,36.014435,0,1,58-11538,11653,N/A
2025-11-23T00:24:24.723689,100,11520,32.000126,36.014256,298.39,1,58-11520,11653,N/A
2025-11-23T00:24:24.723689,100,93641,31.99996,36.015163,246.4,1,58-93641,11653,N/A
2025-11-23T00:24:24.723689,100,82779,31.963634,35.960278,36.1,1,58-82779,11653,N/A
2025-11-23T00:24:24.723689,100,10996,31.960546,35.956833,0,1,58-10996,11653,N/A
2025-11-23T00:24:24.723689,100,11544,31.961313,35.958122,0,1,58-11544,11653,N/A
2025-11-23T00:25:19.602443,99,32725,31.99941,36.014168,116.7,0,58-32725,10625,N/A
2025-11-23T00:25:19.602443,99,49451,31.962034,35.881927,212.2,0,58-49451,10640,N/A
2025-11-23T00:25:19.602443,99,96335,31.94514,35.927013,105.5,0,58-96335,10641,N/A
2025-11-23T00:25:19.602443,99,72129,31.944706,35.928158,106.5,0,58-72129,10641,N/A
2025-11-23T00:25:19.602443,99,45556,32.020844,35.84248,286.7,0,58-45556,10612,N/A
2025-11-23T00:25:19.602443,99,11005,32.00024,36.015,0,0,58-11005,10625,N/A
2025-11-23T00:25:19.602443,99,28732,32.021492,35.842632,46.1,0,58-28732,10612,N/A
2025-11-23T00:25:19.602443,99,66163,32.02123,35.84215,346.2,0,58-66163,10612,N/A
2025-11-23T00:25:19.602443,99,56867,32.020847,35.842632,289.3,0,58-56867,10612,N/A
2025-11-23T00:25:19.602443,99,25354,31.944778,35.92804,106.1,0,58-25354,10641,N/A
2025-11-23T00:25:19.602443,99,11649,32.022224,35.845154,72.31,0,58-11649,10612,N/A
2025-11-23T00:25:19.602443,99,11547,32.00016,36.01502,0,0,58-11547,10622,N/A
2025-11-23T00:25:19.602443,99,37113,32.02158,35.842438,0,0,58-37113,10612,N/A
2025-11-23T00:25:19.602443,99,11718,31.94541,35.928734,0,0,58-11718,10635,N/A
2025-11-23T00:25:19.602443,99,97202,32.02064,35.862553,313.5,1,58-97202,10615,N/A
2025-11-23T00:25:19.602443,99,22057,32.02126,35.842644,285.7,1,58-22057,10614,N/A
2025-11-23T00:25:19.602443,99,11670,32.00448,36.008205,0,1,58-11670,10636,N/A
2025-11-23T00:25:19.602443,99,11499,32.00014,36.015255,0,1,58-11499,10635,N/A
2025-11-23T00:25:19.602443,99,11526,32.0002,36.01552,0,1,58-11526,10622,N/A
2025-11-23T00:25:19.602443,99,73439,32.023087,35.848095,252.9,1,58-73439,10613,N/A
2025-11-23T00:25:19.602443,99,52827,31.94586,35.91979,285.5,1,58-52827,10643,N/A
2025-11-23T00:25:19.602443,99,11493,31.94533,35.928787,0,1,58-11493,10643,N/A
2025-11-23T00:25:19.602443,99,11496,32.00006,36.015587,192.2,1,58-11496,10642,N/A
2025-11-23T00:25:19.602443,100,50752,31.992277,35.93425,108.5,0,58-50752,11648,N/A
2025-11-23T00:25:19.602443,100,63240,32.001354,36.014027,197,0,58-63240,11649,N/A
2025-11-23T00:25:19.602443,100,98191,32.00009,36.015476,0,0,58-98191,10622,N/A
2025-11-23T00:25:19.602443,100,10975,31.999632,36.016132,197.68,0,58-10975,11649,N/A
2025-11-23T00:25:19.602443,100,48886,32.00026,36.015392,21.5,0,58-48886,11649,N/A
2025-11-23T00:25:19.602443,100,11523,32.000935,36.013863,197.6,0,58-11523,10612,N/A
2025-11-23T00:25:19.602443,100,11014,32.004826,36.014347,132.1,0,58-11014,10619,N/A
2025-11-23T00:25:19.602443,100,11724,32.000275,36.01534,0,0,58-11724,11648,N/A
2025-11-23T00:25:19.602443,100,40779,31.96065,35.95736,40.9,0,58-40779,11651,N/A
2025-11-23T00:25:19.602443,100,24926,31.999966,36.015114,232.1,0,58-24926,11653,N/A
2025-11-23T00:25:19.602443,100,05961,31.99078,35.979645,54.6,1,58-95961,11653,N/A
2025-11-23T00:25:19.602443,100,16863,31.999474,36.01395,111.99,1,58-16863,11653,N/A
2025-11-23T00:25:19.602443,100,50152,31.995537,35.88544,306.2,1,58-50152,10621,N/A
2025-11-23T00:25:19.602443,100,97599,31.992634,35.890064,309.89,1,58-97599,10622,N/A
2025-11-23T00:25:19.602443,100,10987,32.000244,36.01543,0,1,58-10987,11653,N/A
2025-11-23T00:25:19.602443,100,52302,31.964375,35.960926,34.79,1,58-52302,11653,N/A
2025-11-23T00:25:19.602443,100,21423,32.000317,36.01466,218.2,1,58-21423,11653,N/A
2025-11-23T00:25:19.602443,100,30732,32.004444,36.00834,359.4,1,58-30732,11651,N/A
2025-11-23T00:25:19.602443,100,95161,32.000343,36.014633,177.4,1,58-95161,11653,N/A
2025-11-23T00:25:19.602443,100,90702,32.021866,35.844257,43.9,1,58-90702,10613,N/A
2025-11-23T00:25:19.602443,100,10993,32.00027,36.014793,234.1,1,58-10993,11652,N/A
2025-11-23T00:25:19.602443,100,10981,31.999386,36.014343,0,1,58-10981,11653,N/A
2025-11-23T00:25:19.602443,100,11538,32.000355,36.014435,0,1,58-11538,11653,N/A
2025-11-23T00:25:19.602443,100,11520,32.000126,36.014256,298.39,1,58-11520,11653,N/A
2025-11-23T00:25:19.602443,100,93641,31.99996,36.015163,246.4,1,58-93641,11653,N/A
2025-11-23T00:25:19.602443,100,82779,31.963634,35.960278,36.1,1,58-82779,11653,N/A
2025-11-23T00:25:19.602443,100,10996,31.960546,35.956833,0,1,58-10996,11653,N/A
2025-11-23T00:25:19.602443,100,11544,31.961313,35.958122,0,1,58-11544,11653,N/A
2025-11-23T00:26:16.944981,99,32725,31.99941,36.014168,116.7,0,58-32725,10625,N/A
2025-11-23T00:26:16.944981,99,49451,31.957903,35.879272,124.5,0,58-49451,10630,N/A
2025-11-23T00:26:16.944981,99,96335,31.94514,35.927013,105.5,0,58-96335,10641,N/A
2025-11-23T00:26:16.944981,99,72129,31.944706,35.928158,106.5,0,58-72129,10641,N/A
2025-11-23T00:26:16.944981,99,45556,32.020844,35.84248,286.7,0,58-45556,10612,N/A
2025-11-23T00:26:16.944981,99,11005,32.00024,36.015,0,0,58-11005,10625,N/A
2025-11-23T00:26:16.944981,99,28732,32.021492,35.842632,46.1,0,58-28732,10612,N/A
2025-11-23T00:26:16.944981,99,66163,32.02123,35.84215,346.2,0,58-66163,10612,N/A
2025-11-23T00:26:16.944981,99,56867,32.020847,35.842632,289.3,0,58-56867,10612,N/A
2025-11-23T00:26:16.944981,99,25354,31.944778,35.92804,106.1,0,58-25354,10641,N/A
2025-11-23T00:26:16.944981,99,11649,32.022224,35.845154,72.31,0,58-11649,10612,N/A
2025-11-23T00:26:16.944981,99,11547,32.00016,36.01502,0,0,58-11547,10622,N/A
2025-11-23T00:26:16.944981,99,37113,32.02158,35.842438,0,0,58-37113,10612,N/A
2025-11-23T00:26:16.944981,99,11718,31.94541,35.928734,0,0,58-11718,10635,N/A
2025-11-23T00:26:16.944981,99,97202,32.02471,35.85403,251.5,1,58-97202,10615,N/A
2025-11-23T00:26:16.944981,99,22057,32.02126,35.842644,285.7,1,58-22057,10614,N/A
2025-11-23T00:26:16.944981,99,11670,32.00448,36.008205,0,1,58-11670,10636,N/A
2025-11-23T00:26:16.944981,99,11499,32.00014,36.015255,0,1,58-11499,10635,N/A
2025-11-23T00:26:16.944981,99,11526,32.0002,36.01552,0,1,58-11526,10622,N/A
2025-11-23T00:26:16.944981,99,73439,32.023087,35.848095,252.9,1,58-73439,10613,N/A
2025-11-23T00:26:16.944981,99,52827,31.94586,35.91979,285.5,1,58-52827,10643,N/A
2025-11-23T00:26:16.944981,99,11493,31.94533,35.928787,0,1,58-11493,10643,N/A
2025-11-23T00:26:16.944981,99,11496,32.00006,36.015587,192.2,1,58-11496,10642,N/A
2025-11-23T00:26:16.944981,100,50752,31.990114,35.942142,108.7,0,58-50752,11648,N/A
2025-11-23T00:26:16.944981,100,63240,32.001354,36.014027,197,0,58-63240,11649,N/A
2025-11-23T00:26:16.944981,100,98191,32.00009,36.015476,0,0,58-98191,10622,N/A
2025-11-23T00:26:16.944981,100,10975,31.999632,36.016132,197.68,0,58-10975,11649,N/A
2025-11-23T00:26:16.944981,100,48886,32.00026,36.015392,21.5,0,58-48886,11649,N/A
2025-11-23T00:26:16.944981,100,11523,32.000935,36.013863,197.6,0,58-11523,10612,N/A
2025-11-23T00:26:16.944981,100,11014,32.004826,36.014347,132.1,0,58-11014,10619,N/A
2025-11-23T00:26:16.944981,100,11724,32.000275,36.01534,0,0,58-11724,11648,N/A
2025-11-23T00:26:16.944981,100,40779,31.96065,35.95736,40.9,0,58-40779,11651,N/A
2025-11-23T00:26:16.944981,100,24926,31.999966,36.015114,232.1,0,58-24926,11653,N/A
2025-11-23T00:26:16.944981,100,05961,31.993355,35.98984,75.7,1,58-95961,11653,N/A
2025-11-23T00:26:16.944981,100,16863,31.999474,36.01395,111.99,1,58-16863,11653,N/A
2025-11-23T00:26:16.944981,100,50152,32.000126,35.878223,306.6,1,58-50152,10620,N/A
2025-11-23T00:26:16.944981,100,97599,31.992634,35.890064,309.89,1,58-97599,10622,N/A
2025-11-23T00:26:16.944981,100,10987,32.000244,36.01543,0,1,58-10987,11653,N/A
2025-11-23T00:26:16.944981,100,52302,31.964375,35.960926,34.79,1,58-52302,11653,N/A
2025-11-23T00:26:16.944981,100,21423,32.000317,36.01466,218.2,1,58-21423,11653,N/A
2025-11-23T00:26:16.944981,100,30732,32.004444,36.00834,359.4,1,58-30732,11653,N/A
2025-11-23T00:26:16.944981,100,95161,32.000343,36.014633,177.4,1,58-95161,11653,N/A
2025-11-23T00:26:16.944981,100,90702,32.021866,35.844257,43.9,1,58-90702,10613,N/A
2025-11-23T00:26:16.944981,100,10993,32.00027,36.014793,234.1,1,58-10993,11653,N/A
2025-11-23T00:26:16.944981,100,10981,31.999386,36.014343,0,1,58-10981,11651,N/A
2025-11-23T00:26:16.944981,100,11538,32.000355,36.014435,0,1,58-11538,11652,N/A
2025-11-23T00:26:16.944981,100,11520,32.000126,36.014256,298.39,1,58-11520,11653,N/A
2025-11-23T00:26:16.944981,100,93641,31.99996,36.015163,246.4,1,58-93641,11653,N/A
2025-11-23T00:26:16.944981,100,82779,31.963634,35.960278,36.1,1,58-82779,11653,N/A
2025-11-23T00:26:16.944981,100,10996,31.960546,35.956833,0,1,58-10996,11653,N/A
2025-11-23T00:26:16.944981,100,11544,31.961313,35.958122,0,1,58-11544,11653,N/A
2025-11-23T00:27:12.627083,99,32725,31.99941,36.014168,116.7,0,58-32725,10625,N/A
2025-11-23T00:27:12.627083,99,49451,31.956142,35.882534,123.4,0,58-49451,10630,N/A
2025-11-23T00:27:12.627083,99,96335,31.94514,35.927013,105.5,0,58-96335,10641,N/A
2025-11-23T00:27:12.627083,99,72129,31.944706,35.928158,106.5,0,58-72129,10641,N/A
2025-11-23T00:27:12.627083,99,45556,32.020844,35.84248,286.7,0,58-45556,10612,N/A
2025-11-23T00:27:12.627083,99,11005,32.00024,36.015,0,0,58-11005,10625,N/A
2025-11-23T00:27:12.627083,99,28732,32.021748,35.842438,58.6,0,58-28732,10612,N/A
2025-11-23T00:27:12.627083,99,66163,32.02123,35.84215,346.2,0,58-66163,10612,N/A
2025-11-23T00:27:12.627083,99,56867,32.020847,35.842632,289.3,0,58-56867,10612,N/A
2025-11-23T00:27:12.627083,99,25354,31.944778,35.92804,106.1,0,58-25354,10641,N/A
2025-11-23T00:27:12.627083,99,11649,32.022224,35.845154,72.31,0,58-11649,10612,N/A
2025-11-23T00:27:12.627083,99,11547,32.00016,36.01502,0,0,58-11547,10622,N/A
2025-11-23T00:27:12.627083,99,37113,32.02191,35.843987,70,0,58-37113,10612,N/A
2025-11-23T00:27:12.627083,99,11718,31.94541,35.928734,0,0,58-11718,10635,N/A
2025-11-23T00:27:12.627083,99,97202,32.023006,35.84786,250,1,58-97202,10613,N/A
2025-11-23T00:27:12.627083,99,22057,32.022793,35.84253,54.4,1,58-22057,10614,N/A
2025-11-23T00:27:12.627083,99,11670,32.00448,36.008205,0,1,58-11670,10636,N/A
2025-11-23T00:27:12.627083,99,11499,32.00014,36.015255,0,1,58-11499,10635,N/A
2025-11-23T00:27:12.627083,99,11526,32.0002,36.01552,0,1,58-11526,10622,N/A
2025-11-23T00:27:12.627083,99,73439,32.023087,35.848095,252.9,1,58-73439,10613,N/A
2025-11-23T00:27:12.627083,99,52827,31.94586,35.91979,285.5,1,58-52827,10643,N/A
2025-11-23T00:27:12.627083,99,11493,31.94533,35.928787,0,1,58-11493,10643,N/A
2025-11-23T00:27:12.627083,99,11496,32.00006,36.015587,192.2,1,58-11496,10642,N/A
2025-11-23T00:27:12.627083,100,50752,31.989517,35.944218,108.5,0,58-50752,11649,N/A
2025-11-23T00:27:12.627083,100,63240,32.001354,36.014027,197,0,58-63240,11649,N/A
2025-11-23T00:27:12.627083,100,98191,32.000126,36.015465,190.8,0,58-98191,10622,N/A
2025-11-23T00:27:12.627083,100,10975,31.999632,36.016132,197.68,0,58-10975,11649,N/A
2025-11-23T00:27:12.627083,100,48886,32.00026,36.015392,21.5,0,58-48886,11649,N/A
2025-11-23T00:27:12.627083,100,11523,32.000935,36.013863,197.6,0,58-11523,10612,N/A
2025-11-23T00:27:12.627083,100,11014,32.004826,36.014347,132.1,0,58-11014,10623,N/A
2025-11-23T00:27:12.627083,100,11724,32.000275,36.01534,0,0,58-11724,11648,N/A
2025-11-23T00:27:12.627083,100,40779,31.96065,35.95736,40.9,0,58-40779,11651,N/A
2025-11-23T00:27:12.627083,100,24926,31.999966,36.015114,232.1,0,58-24926,11653,N/A
2025-11-23T00:27:12.627083,100,05961,31.998905,35.997772,65.2,1,58-95961,11653,N/A
2025-11-23T00:27:12.627083,100,16863,31.999474,36.01395,111.99,1,58-16863,11653,N/A
2025-11-23T00:27:12.627083,100,50152,32.006138,35.872707,333.2,1,58-50152,10620,N/A
2025-11-23T00:27:12.627083,100,97599,31.992634,35.890064,309.89,1,58-97599,10622,N/A
2025-11-23T00:27:12.627083,100,10987,32.000244,36.01543,0,1,58-10987,11653,N/A
2025-11-23T00:27:12.627083,100,52302,31.964375,35.960926,34.79,1,58-52302,11653,N/A
2025-11-23T00:27:12.627083,100,21423,32.000317,36.01466,218.2,1,58-21423,11653,N/A
2025-11-23T00:27:12.627083,100,30732,32.004444,36.00834,359.4,1,58-30732,11653,N/A
2025-11-23T00:27:12.627083,100,95161,32.000343,36.014633,177.4,1,58-95161,11653,N/A
2025-11-23T00:27:12.627083,100,90702,32.021866,35.844257,43.9,1,58-90702,10613,N/A
2025-11-23T00:27:12.627083,100,10993,32.00027,36.014793,234.1,1,58-10993,11653,N/A
2025-11-23T00:27:12.627083,100,10981,31.999386,36.014343,0,1,58-10981,11651,N/A
2025-11-23T00:27:12.627083,100,11538,32.000355,36.014435,0,1,58-11538,11652,N/A
2025-11-23T00:27:12.627083,100,11520,32.000126,36.014256,298.39,1,58-11520,11653,N/A
2025-11-23T00:27:12.627083,100,93641,31.99996,36.015163,246.4,1,58-93641,11653,N/A
2025-11-23T00:27:12.627083,100,82779,31.963634,35.960278,36.1,1,58-82779,11653,N/A
2025-11-23T00:27:12.627083,100,10996,31.960546,35.956833,0,1,58-10996,11653,N/A
2025-11-23T00:27:12.627083,100,11544,31.961313,35.958122,0,1,58-11544,11653,N/A
2025-11-23T00:28:01.025854,99,32725,31.99941,36.014168,116.7,0,58-32725,10625,N/A
2025-11-23T00:28:01.025854,99,49451,31.95402,35.88777,114,0,58-49451,10631,N/A
2025-11-23T00:28:01.025854,99,96335,31.94514,35.927013,105.5,0,58-96335,10641,N/A
2025-11-23T00:28:01.025854,99,72129,31.944706,35.928158,106.5,0,58-72129,10641,N/A
2025-11-23T00:28:01.025854,99,45556,32.020844,35.84248,286.7,0,58-45556,10612,N/A
2025-11-23T00:28:01.025854,99,11005,32.00024,36.015,0,0,58-11005,10625,N/A
2025-11-23T00:28:01.025854,99,28732,32.021492,35.842632,46.1,0,58-28732,10612,N/A
2025-11-23T00:28:01.025854,99,66163,32.02123,35.84215,346.2,0,58-66163,10612,N/A
2025-11-23T00:28:01.025854,99,56867,32.020847,35.842632,289.3,0,58-56867,10612,N/A
2025-11-23T00:28:01.025854,99,25354,31.944778,35.92804,106.1,0,58-25354,10641,N/A
2025-11-23T00:28:01.025854,99,11649,32.022224,35.845154,72.31,0,58-11649,10612,N/A
2025-11-23T00:28:01.025854,99,11547,32.00016,36.01502,0,0,58-11547,10622,N/A
2025-11-23T00:28:01.025854,99,37113,32.02158,35.842438,0,0,58-37113,10612,N/A
2025-11-23T00:28:01.025854,99,11718,31.94541,35.928734,0,0,58-11718,10635,N/A
2025-11-23T00:28:01.025854,99,97202,32.022297,35.845093,252.1,1,58-97202,10613,N/A
2025-11-23T00:28:01.025854,99,22057,32.022232,35.842606,100.2,1,58-22057,10614,N/A
2025-11-23T00:28:01.025854,99,11670,32.00448,36.008205,0,1,58-11670,10636,N/A
2025-11-23T00:28:01.025854,99,11499,32.00014,36.015255,0,1,58-11499,10635,N/A
2025-11-23T00:28:01.025854,99,11526,32.0002,36.01552,0,1,58-11526,10622,N/A
2025-11-23T00:28:01.025854,99,73439,32.023087,35.848095,252.9,1,58-73439,10613,N/A
2025-11-23T00:28:01.025854,99,52827,31.94586,35.91979,285.5,1,58-52827,10643,N/A
2025-11-23T00:28:01.025854,99,11493,31.94533,35.928787,0,1,58-11493,10643,N/A
2025-11-23T00:28:01.025854,99,11496,32.00006,36.015587,192.2,1,58-11496,10642,N/A
2025-11-23T00:28:01.025854,100,50752,31.98996,35.94363,223.1,0,58-50752,11649,N/A
2025-11-23T00:28:01.025854,100,63240,32.001354,36.014027,197,0,58-63240,11649,N/A
2025-11-23T00:28:01.025854,100,98191,32.000126,36.015465,190.8,0,58-98191,10622,N/A
2025-11-23T00:28:01.025854,100,10975,31.999632,36.016132,197.68,0,58-10975,11649,N/A
2025-11-23T00:28:01.025854,100,48886,32.00026,36.015392,21.5,0,58-48886,11649,N/A
2025-11-23T00:28:01.025854,100,11523,32.000935,36.013863,197.6,0,58-11523,10612,N/A
2025-11-23T00:28:01.025854,100,11014,32.004826,36.014347,132.1,0,58-11014,10623,N/A
2025-11-23T00:28:01.025854,100,11724,32.000275,36.01534,0,0,58-11724,11648,N/A
2025-11-23T00:28:01.025854,100,40779,31.96065,35.95736,40.9,0,58-40779,11651,N/A
2025-11-23T00:28:01.025854,100,24926,31.999966,36.015114,232.1,0,58-24926,11653,N/A
2025-11-23T00:28:01.025854,100,05961,31.999262,35.998974,61.7,1,58-95961,11653,N/A
2025-11-23T00:28:01.025854,100,16863,31.999474,36.01395,111.99,1,58-16863,11653,N/A
2025-11-23T00:28:01.025854,100,50152,32.010654,35.870975,344,1,58-50152,10618,N/A
2025-11-23T00:28:01.025854,100,97599,31.992634,35.890064,309.89,1,58-97599,10622,N/A
2025-11-23T00:28:01.025854,100,10987,32.000244,36.01543,0,1,58-10987,11653,N/A
2025-11-23T00:28:01.025854,100,52302,31.964375,35.960926,34.79,1,58-52302,11653,N/A
2025-11-23T00:28:01.025854,100,21423,32.000317,36.01466,218.2,1,58-21423,11653,N/A
2025-11-23T00:28:01.025854,100,30732,32.004444,36.00834,359.4,1,58-30732,11653,N/A
2025-11-23T00:28:01.025854,100,95161,32.000343,36.014633,177.4,1,58-95161,11653,N/A
2025-11-23T00:28:01.025854,100,90702,32.021866,35.844257,43.9,1,58-90702,10613,N/A
2025-11-23T00:28:01.025854,100,10993,32.00027,36.014793,234.1,1,58-10993,11653,N/A
2025-11-23T00:28:01.025854,100,10981,31.999386,36.014343,0,1,58-10981,11651,N/A
2025-11-23T00:28:01.025854,100,11538,32.000355,36.014435,0,1,58-11538,11652,N/A
2025-11-23T00:28:01.025854,100,11520,32.000126,36.014256,298.39,1,58-11520,11653,N/A
2025-11-23T00:28:01.025854,100,93641,31.99996,36.015163,246.4,1,58-93641,11653,N/A
2025-11-23T00:28:01.025854,100,82779,31.963634,35.960278,36.1,1,58-82779,11653,N/A
2025-11-23T00:28:01.025854,100,10996,31.960546,35.956833,0,1,58-10996,11653,N/A
2025-11-23T00:28:01.025854,100,11544,31.961313,35.958122,0,1,58-11544,11653,N/A
2025-11-23T00:28:57.960630,99,97202,32.020817,35.842674,294.1,0,58-97202,10612,N/A
2025-11-23T00:28:57.960630,99,32725,31.99941,36.014168,116.7,0,58-32725,10625,N/A
2025-11-23T00:28:57.960630,99,49451,31.953245,35.889717,116.3,0,58-49451,10631,N/A
2025-11-23T00:28:57.960630,99,96335,31.94514,35.927013,105.5,0,58-96335,10641,N/A
2025-11-23T00:28:57.960630,99,72129,31.944706,35.928158,106.5,0,58-72129,10641,N/A
2025-11-23T00:28:57.960630,99,45556,32.020844,35.84248,286.7,0,58-45556,10612,N/A
2025-11-23T00:28:57.960630,99,11005,32.00024,36.015,0,0,58-11005,10625,N/A
2025-11-23T00:28:57.960630,99,28732,32.021492,35.842632,46.1,0,58-28732,10612,N/A
2025-11-23T00:28:57.960630,99,66163,32.02123,35.84215,346.2,0,58-66163,10612,N/A
2025-11-23T00:28:57.960630,99,56867,32.020847,35.842632,289.3,0,58-56867,10612,N/A
2025-11-23T00:28:57.960630,99,25354,31.944778,35.92804,106.1,0,58-25354,10641,N/A
2025-11-23T00:28:57.960630,99,11649,32.022224,35.845154,72.31,0,58-11649,10612,N/A
2025-11-23T00:28:57.960630,99,11547,32.00016,36.01502,0,0,58-11547,10622,N/A
2025-11-23T00:28:57.960630,99,37113,32.02158,35.842438,0,0,58-37113,10612,N/A
2025-11-23T00:28:57.960630,99,11718,31.94541,35.928734,0,0,58-11718,10635,N/A
2025-11-23T00:28:57.960630,99,22057,32.02329,35.84656,76.2,1,58-22057,10614,N/A
2025-11-23T00:28:57.960630,99,11670,32.00448,36.008205,0,1,58-11670,10636,N/A
2025-11-23T00:28:57.960630,99,11499,32.00014,36.015255,0,1,58-11499,10635,N/A
2025-11-23T00:28:57.960630,99,11526,32.0002,36.01552,0,1,58-11526,10622,N/A
2025-11-23T00:28:57.960630,99,73439,32.023087,35.848095,252.9,1,58-73439,10613,N/A
2025-11-23T00:28:57.960630,99,52827,31.94586,35.91979,285.5,1,58-52827,10643,N/A
2025-11-23T00:28:57.960630,99,11493,31.94533,35.928787,0,1,58-11493,10643,N/A
2025-11-23T00:28:57.960630,99,11496,32.00006,36.015587,192.2,1,58-11496,10642,N/A
2025-11-23T00:28:57.960630,100,50752,31.989964,35.94363,223.1,0,58-50752,11649,N/A
2025-11-23T00:28:57.960630,100,63240,32.001354,36.014027,197,0,58-63240,11649,N/A
2025-11-23T00:28:57.960630,100,98191,32.000126,36.015465,190.8,0,58-98191,10622,N/A
2025-11-23T00:28:57.960630,100,10975,31.999632,36.016132,197.68,0,58-10975,11649,N/A
2025-11-23T00:28:57.960630,100,48886,32.00026,36.015392,21.5,0,58-48886,11649,N/A
2025-11-23T00:28:57.960630,100,11523,32.000935,36.013863,197.6,0,58-11523,10612,N/A
2025-11-23T00:28:57.960630,100,11014,32.004826,36.014347,132.1,0,58-11014,10623,N/A
2025-11-23T00:28:57.960630,100,11724,32.000275,36.01534,0,0,58-11724,11648,N/A
2025-11-23T00:28:57.960630,100,40779,31.96065,35.95736,40.9,0,58-40779,11651,N/A
2025-11-23T00:28:57.960630,100,24926,31.999966,36.015114,232.1,0,58-24926,11653,N/A
2025-11-23T00:28:57.960630,100,05961,31.999262,35.998974,61.7,1,58-95961,11653,N/A
2025-11-23T00:28:57.960630,100,16863,31.999474,36.01395,111.99,1,58-16863,11653,N/A
2025-11-23T00:28:57.960630,100,50152,32.01538,35.868004,325.7,1,58-50152,10617,N/A
2025-11-23T00:28:57.960630,100,97599,31.992634,35.890064,309.89,1,58-97599,10622,N/A
2025-11-23T00:28:57.960630,100,10987,32.000244,36.01543,0,1,58-10987,11653,N/A
2025-11-23T00:28:57.960630,100,52302,31.964375,35.960926,34.79,1,58-52302,11653,N/A
2025-11-23T00:28:57.960630,100,21423,32.000317,36.01466,218.2,1,58-21423,11653,N/A
2025-11-23T00:28:57.960630,100,30732,32.004444,36.00834,359.4,1,58-30732,11651,N/A
2025-11-23T00:28:57.960630,100,95161,32.000343,36.014633,177.4,1,58-95161,11653,N/A
2025-11-23T00:28:57.960630,100,90702,32.021866,35.844257,43.9,1,58-90702,10613,N/A
2025-11-23T00:28:57.960630,100,10993,32.00027,36.014793,234.1,1,58-10993,11652,N/A
2025-11-23T00:28:57.960630,100,10981,31.999386,36.014343,0,1,58-10981,11653,N/A
2025-11-23T00:28:57.960630,100,11538,32.000355,36.014435,0,1,58-11538,11653,N/A
2025-11-23T00:28:57.960630,100,11520,32.000126,36.014256,298.39,1,58-11520,11653,N/A
2025-11-23T00:28:57.960630,100,93641,31.99996,36.015163,246.4,1,58-93641,11653,N/A
2025-11-23T00:28:57.960630,100,82779,31.963634,35.960278,36.1,1,58-82779,11653,N/A
2025-11-23T00:28:57.960630,100,10996,31.960546,35.956833,0,1,58-10996,11653,N/A
2025-11-23T00:28:57.960630,100,11544,31.961313,35.958122,0,1,58-11544,11653,N/A
2025-11-23T00:29:45.167192,99,97202,32.021717,35.842396,197.7,0,58-97202,10612,N/A
2025-11-23T00:29:45.167192,99,32725,31.99941,36.014168,116.7,0,58-32725,10625,N/A
2025-11-23T00:29:45.167192,99,49451,31.951725,35.894596,88.2,0,58-49451,10631,N/A
2025-11-23T00:29:45.167192,99,96335,31.94514,35.927013,105.5,0,58-96335,10641,N/A
2025-11-23T00:29:45.167192,99,72129,31.944706,35.928158,106.5,0,58-72129,10641,N/A
2025-11-23T00:29:45.167192,99,45556,32.020844,35.84248,286.7,0,58-45556,10612,N/A
2025-11-23T00:29:45.167192,99,11005,32.00024,36.015,0,0,58-11005,10625,N/A
2025-11-23T00:29:45.167192,99,28732,32.021492,35.842632,46.1,0,58-28732,10612,N/A
2025-11-23T00:29:45.167192,99,66163,32.02123,35.84215,346.2,0,58-66163,10612,N/A
2025-11-23T00:29:45.167192,99,56867,32.020847,35.842632,289.3,0,58-56867,10612,N/A
2025-11-23T00:29:45.167192,99,25354,31.944778,35.92804,106.1,0,58-25354,10641,N/A
2025-11-23T00:29:45.167192,99,11649,32.022224,35.845154,72.31,0,58-11649,10612,N/A
2025-11-23T00:29:45.167192,99,11547,32.00016,36.01502,0,0,58-11547,10622,N/A
2025-11-23T00:29:45.167192,99,37113,32.02158,35.842438,0,0,58-37113,10612,N/A
2025-11-23T00:29:45.167192,99,11718,31.94541,35.928734,0,0,58-11718,10635,N/A
2025-11-23T00:29:45.167192,99,11670,32.00448,36.008205,0,1,58-11670,10636,N/A
2025-11-23T00:29:45.167192,99,11499,32.00014,36.015255,0,1,58-11499,10635,N/A
2025-11-23T00:29:45.167192,99,11526,32.0002,36.01552,0,1,58-11526,10622,N/A
2025-11-23T00:29:45.167192,99,73439,32.023087,35.848095,252.9,1,58-73439,10613,N/A
2025-11-23T00:29:45.167192,99,52827,31.94586,35.91979,285.5,1,58-52827,10643,N/A
2025-11-23T00:29:45.167192,99,11493,31.94533,35.928787,0,1,58-11493,10643,N/A
2025-11-23T00:29:45.167192,99,11496,32.00006,36.015587,192.2,1,58-11496,10642,N/A
2025-11-23T00:29:45.167192,100,50752,31.987337,35.942997,194.2,0,58-50752,11649,N/A
2025-11-23T00:29:45.167192,100,63240,32.001354,36.014027,197,0,58-63240,11649,N/A
2025-11-23T00:29:45.167192,100,98191,32.00009,36.015476,0,0,58-98191,10622,N/A
2025-11-23T00:29:45.167192,100,10975,31.999632,36.016132,197.68,0,58-10975,11649,N/A
2025-11-23T00:29:45.167192,100,48886,32.00026,36.015392,21.5,0,58-48886,11649,N/A
2025-11-23T00:29:45.167192,100,11523,32.000935,36.013863,197.6,0,58-11523,10612,N/A
2025-11-23T00:29:45.167192,100,11014,32.004826,36.014347,132.1,0,58-11014,10619,N/A
2025-11-23T00:29:45.167192,100,11724,32.000275,36.01534,0,0,58-11724,11648,N/A
2025-11-23T00:29:45.167192,100,40779,31.96065,35.95736,40.9,0,58-40779,11651,N/A
2025-11-23T00:29:45.167192,100,24926,31.999966,36.015114,232.1,0,58-24926,11653,N/A
2025-11-23T00:29:45.167192,100,05961,31.999264,35.99897,61.7,1,58-95961,11653,N/A
2025-11-23T00:29:45.167192,100,16863,31.999474,36.01395,111.99,1,58-16863,11653,N/A
2025-11-23T00:29:45.167192,100,50152,32.018337,35.865215,316.3,1,58-50152,10615,N/A
2025-11-23T00:29:45.167192,100,97599,31.992634,35.890064,309.89,1,58-97599,10622,N/A
2025-11-23T00:29:45.167192,100,10987,32.000244,36.01543,0,1,58-10987,11653,N/A
2025-11-23T00:29:45.167192,100,52302,31.964375,35.960926,34.79,1,58-52302,11653,N/A
2025-11-23T00:29:45.167192,100,21423,32.000317,36.01466,218.2,1,58-21423,11653,N/A
2025-11-23T00:29:45.167192,100,30732,32.004444,36.00834,359.4,1,58-30732,11651,N/A
2025-11-23T00:29:45.167192,100,95161,32.000343,36.014633,177.4,1,58-95161,11653,N/A
2025-11-23T00:29:45.167192,100,90702,32.021866,35.844257,43.9,1,58-90702,10613,N/A
2025-11-23T00:29:45.167192,100,10993,32.00027,36.014793,234.1,1,58-10993,11652,N/A
2025-11-23T00:29:45.167192,100,10981,31.999386,36.014343,0,1,58-10981,11653,N/A
2025-11-23T00:29:45.167192,100,11538,32.000355,36.014435,0,1,58-11538,11653,N/A
2025-11-23T00:29:45.167192,100,11520,32.000126,36.014256,298.39,1,58-11520,11653,N/A
2025-11-23T00:29:45.167192,100,93641,31.99996,36.015163,246.4,1,58-93641,11653,N/A
2025-11-23T00:29:45.167192,100,82779,31.963634,35.960278,36.1,1,58-82779,11653,N/A
2025-11-23T00:29:45.167192,100,10996,31.960546,35.956833,0,1,58-10996,11653,N/A
2025-11-23T00:29:45.167192,100,11544,31.961313,35.958122,0,1,58-11544,11653,N/A
2025-11-23T00:30:32.510146,99,97202,32.02239,35.84553,72.2,0,58-97202,10612,N/A
2025-11-23T00:30:32.510146,99,32725,31.99941,36.014168,116.7,0,58-32725,10625,N/A
2025-11-23T00:30:32.510146,99,49451,31.948273,35.903534,145.5,0,58-49451,10631,N/A
2025-11-23T00:30:32.510146,99,96335,31.94514,35.927013,105.5,0,58-96335,10641,N/A
2025-11-23T00:30:32.510146,99,72129,31.944706,35.928158,106.5,0,58-72129,10641,N/A
2025-11-23T00:30:32.510146,99,45556,32.020844,35.84248,286.7,0,58-45556,10612,N/A
2025-11-23T00:30:32.510146,99,11005,32.00024,36.015,0,0,58-11005,10625,N/A
2025-11-23T00:30:32.510146,99,28732,32.021492,35.842632,46.1,0,58-28732,10612,N/A
2025-11-23T00:30:32.510146,99,66163,32.02123,35.84215,346.2,0,58-66163,10612,N/A
2025-11-23T00:30:32.510146,99,56867,32.020847,35.842632,289.3,0,58-56867,10612,N/A
2025-11-23T00:30:32.510146,99,25354,31.944778,35.92804,106.1,0,58-25354,10641,N/A
2025-11-23T00:30:32.510146,99,11649,32.022224,35.845154,72.31,0,58-11649,10612,N/A
2025-11-23T00:30:32.510146,99,11547,32.00016,36.01502,0,0,58-11547,10622,N/A
2025-11-23T00:30:32.510146,99,37113,32.02158,35.842438,0,0,58-37113,10612,N/A
2025-11-23T00:30:32.510146,99,11718,31.94541,35.928734,0,0,58-11718,10635,N/A
2025-11-23T00:30:32.510146,99,22057,32.024513,35.8518,74.4,1,58-22057,10614,N/A
2025-11-23T00:30:32.510146,99,11670,32.00448,36.008205,0,1,58-11670,10636,N/A
2025-11-23T00:30:32.510146,99,11499,32.00014,36.015255,0,1,58-11499,10635,N/A
2025-11-23T00:30:32.510146,99,11526,32.0002,36.01552,0,1,58-11526,10622,N/A
2025-11-23T00:30:32.510146,99,73439,32.023087,35.848095,252.9,1,58-73439,10613,N/A
2025-11-23T00:30:32.510146,99,52827,31.94586,35.91979,285.5,1,58-52827,10643,N/A
2025-11-23T00:30:32.510146,99,11493,31.94533,35.928787,0,1,58-11493,10643,N/A
2025-11-23T00:30:32.510146,99,11496,32.00006,36.015587,192.2,1,58-11496,10642,N/A
2025-11-23T00:30:32.510146,100,50752,31.986458,35.942604,193.2,0,58-50752,11649,N/A
2025-11-23T00:30:32.510146,100,63240,32.001354,36.014027,197,0,58-63240,11649,N/A
2025-11-23T00:30:32.510146,100,98191,32.000126,36.015465,190.8,0,58-98191,10622,N/A
2025-11-23T00:30:32.510146,100,10975,31.999632,36.016132,197.68,0,58-10975,11649,N/A
2025-11-23T00:30:32.510146,100,48886,32.00026,36.015392,21.5,0,58-48886,11649,N/A
2025-11-23T00:30:32.510146,100,11523,32.000935,36.013863,197.6,0,58-11523,10612,N/A
2025-11-23T00:30:32.510146,100,11014,32.004826,36.014347,132.1,0,58-11014,10623,N/A
2025-11-23T00:30:32.510146,100,11724,32.000275,36.01534,0,0,58-11724,11648,N/A
2025-11-23T00:30:32.510146,100,40779,31.96065,35.95736,40.9,0,58-40779,11651,N/A
2025-11-23T00:30:32.510146,100,24926,31.999966,36.015114,232.1,0,58-24926,11653,N/A
2025-11-23T00:30:32.510146,100,05961,31.999264,35.998974,61.7,1,58-95961,11653,N/A
2025-11-23T00:30:32.510146,100,16863,31.999474,36.01395,111.99,1,58-16863,11653,N/A
2025-11-23T00:30:32.510146,100,50152,32.01957,35.863873,314.2,1,58-50152,10615,N/A
2025-11-23T00:30:32.510146,100,97599,31.992634,35.890064,309.89,1,58-97599,10622,N/A
2025-11-23T00:30:32.510146,100,10987,32.000244,36.01543,0,1,58-10987,11653,N/A
2025-11-23T00:30:32.510146,100,52302,31.964375,35.960926,34.79,1,58-52302,11653,N/A
2025-11-23T00:30:32.510146,100,21423,32.000317,36.01466,218.2,1,58-21423,11653,N/A
2025-11-23T00:30:32.510146,100,30732,32.004444,36.00834,359.4,1,58-30732,11653,N/A
2025-11-23T00:30:32.510146,100,95161,32.000343,36.014633,177.4,1,58-95161,11653,N/A
2025-11-23T00:30:32.510146,100,90702,32.021866,35.844257,43.9,1,58-90702,10613,N/A
2025-11-23T00:30:32.510146,100,10993,32.00027,36.014793,234.1,1,58-10993,11653,N/A
2025-11-23T00:30:32.510146,100,10981,31.999386,36.014343,0,1,58-10981,11651,N/A
2025-11-23T00:30:32.510146,100,11538,32.000355,36.014435,0,1,58-11538,11652,N/A
2025-11-23T00:30:32.510146,100,11520,32.000126,36.014256,298.39,1,58-11520,11653,N/A
2025-11-23T00:30:32.510146,100,93641,31.99996,36.015163,246.4,1,58-93641,11653,N/A
2025-11-23T00:30:32.510146,100,82779,31.963634,35.960278,36.1,1,58-82779,11653,N/A
2025-11-23T00:30:32.510146,100,10996,31.960546,35.956833,0,1,58-10996,11653,N/A
2025-11-23T00:30:32.510146,100,11544,31.961313,35.958122,0,1,58-11544,11653,N/A
2025-11-23T00:31:36.529760,99,22057,32.01915,35.864563,136.6,0,58-22057,11675,N/A
2025-11-23T00:31:36.529760,99,97202,32.024628,35.854652,83.5,0,58-97202,11675,N/A
2025-11-23T00:31:36.529760,99,32725,31.99941,36.014168,116.7,0,58-32725,10625,N/A
2025-11-23T00:31:36.529760,99,49451,31.945492,35.906765,128.9,0,58-49451,10631,N/A
2025-11-23T00:31:36.529760,99,96335,31.94514,35.927013,105.5,0,58-96335,10641,N/A
2025-11-23T00:31:36.529760,99,72129,31.944706,35.928158,106.5,0,58-72129,10641,N/A
2025-11-23T00:31:36.529760,99,45556,32.020844,35.84248,286.7,0,58-45556,10612,N/A
2025-11-23T00:31:36.529760,99,11005,32.00024,36.015,0,0,58-11005,10625,N/A
2025-11-23T00:31:36.529760,99,28732,32.021748,35.842438,58.6,0,58-28732,10612,N/A
2025-11-23T00:31:36.529760,99,66163,32.02123,35.84215,346.2,0,58-66163,10612,N/A
2025-11-23T00:31:36.529760,99,56867,32.020847,35.842632,289.3,0,58-56867,10612,N/A
2025-11-23T00:31:36.529760,99,25354,31.944778,35.92804,106.1,0,58-25354,10641,N/A
2025-11-23T00:31:36.529760,99,11649,32.022224,35.845154,72.31,0,58-11649,10612,N/A
2025-11-23T00:31:36.529760,99,11547,32.00016,36.01502,0,0,58-11547,10622,N/A
2025-11-23T00:31:36.529760,99,37113,32.02191,35.843987,70,0,58-37113,10612,N/A
2025-11-23T00:31:36.529760,99,11718,31.94541,35.928734,0,0,58-11718,10635,N/A
2025-11-23T00:31:36.529760,99,11670,32.00448,36.008205,0,1,58-11670,10636,N/A
2025-11-23T00:31:36.529760,99,11499,32.00014,36.015255,0,1,58-11499,10635,N/A
2025-11-23T00:31:36.529760,99,11526,32.0002,36.01552,0,1,58-11526,10622,N/A
2025-11-23T00:31:36.529760,99,73439,32.023087,35.848095,252.9,1,58-73439,10613,N/A
2025-11-23T00:31:36.529760,99,52827,31.94586,35.91979,285.5,1,58-52827,10643,N/A
2025-11-23T00:31:36.529760,99,11493,31.94533,35.928787,0,1,58-11493,10643,N/A
2025-11-23T00:31:36.529760,99,11496,32.00006,36.015587,192.2,1,58-11496,10642,N/A
2025-11-23T00:31:36.529760,100,50752,31.981636,35.940712,200.9,0,58-50752,11649,N/A
2025-11-23T00:31:36.529760,100,63240,32.001354,36.014027,197,0,58-63240,11649,N/A
2025-11-23T00:31:36.529760,100,98191,32.00009,36.015476,0,0,58-98191,10622,N/A
2025-11-23T00:31:36.529760,100,10975,31.999632,36.016132,197.68,0,58-10975,11649,N/A
2025-11-23T00:31:36.529760,100,48886,32.00026,36.015392,21.5,0,58-48886,11649,N/A
2025-11-23T00:31:36.529760,100,11523,32.000935,36.013863,197.6,0,58-11523,10612,N/A
2025-11-23T00:31:36.529760,100,11014,32.004826,36.014347,132.1,0,58-11014,10619,N/A
2025-11-23T00:31:36.529760,100,11724,32.000275,36.01534,0,0,58-11724,11648,N/A
2025-11-23T00:31:36.529760,100,40779,31.96065,35.95736,40.9,0,58-40779,11651,N/A
2025-11-23T00:31:36.529760,100,24926,31.999966,36.015114,232.1,0,58-24926,11653,N/A
2025-11-23T00:31:36.529760,100,05961,31.998919,36.005318,107.6,1,58-95961,11653,N/A
2025-11-23T00:31:36.529760,100,16863,31.999474,36.01395,111.99,1,58-16863,11653,N/A
2025-11-23T00:31:36.529760,100,50152,32.024494,35.85687,287.39,1,58-50152,10615,N/A
2025-11-23T00:31:36.529760,100,97599,31.992634,35.890064,309.89,1,58-97599,10622,N/A
2025-11-23T00:31:36.529760,100,10987,32.000244,36.01543,0,1,58-10987,11653,N/A
2025-11-23T00:31:36.529760,100,52302,31.964375,35.960926,34.79,1,58-52302,11653,N/A
2025-11-23T00:31:36.529760,100,21423,32.000317,36.01466,218.2,1,58-21423,11653,N/A
2025-11-23T00:31:36.529760,100,30732,32.004444,36.00834,359.4,1,58-30732,11651,N/A
2025-11-23T00:31:36.529760,100,95161,32.000343,36.014633,177.4,1,58-95161,11653,N/A
2025-11-23T00:31:36.529760,100,90702,32.021866,35.844257,43.9,1,58-90702,10613,N/A
2025-11-23T00:31:36.529760,100,10993,32.00027,36.014793,234.1,1,58-10993,11652,N/A
2025-11-23T00:31:36.529760,100,10981,31.999386,36.014343,0,1,58-10981,11653,N/A
2025-11-23T00:31:36.529760,100,11538,32.000355,36.014435,0,1,58-11538,11653,N/A
2025-11-23T00:31:36.529760,100,11520,32.000126,36.014256,298.39,1,58-11520,11653,N/A
2025-11-23T00:31:36.529760,100,93641,31.99996,36.015163,246.4,1,58-93641,11653,N/A
2025-11-23T00:31:36.529760,100,82779,31.963634,35.960278,36.1,1,58-82779,11653,N/A
2025-11-23T00:31:36.529760,100,10996,31.960546,35.956833,0,1,58-10996,11653,N/A
2025-11-23T00:31:36.529760,100,11544,31.961313,35.958122,0,1,58-11544,11653,N/A
2025-11-23T00:32:31.976051,99,22057,32.01472,35.868755,140.1,0,58-22057,10614,N/A
2025-11-23T00:32:31.976051,99,97202,32.019726,35.863567,135.6,0,58-97202,10616,N/A
2025-11-23T00:32:31.976051,99,32725,31.99941,36.014168,116.7,0,58-32725,10625,N/A
2025-11-23T00:32:31.976051,99,49451,31.94547,35.907185,50,0,58-49451,10631,N/A
2025-11-23T00:32:31.976051,99,96335,31.94514,35.927013,105.5,0,58-96335,10641,N/A
2025-11-23T00:32:31.976051,99,72129,31.944706,35.928158,106.5,0,58-72129,10641,N/A
2025-11-23T00:32:31.976051,99,45556,32.020844,35.84248,286.7,0,58-45556,10612,N/A
2025-11-23T00:32:31.976051,99,11005,32.00024,36.015,0,0,58-11005,10625,N/A
2025-11-23T00:32:31.976051,99,28732,32.021492,35.842632,46.1,0,58-28732,10612,N/A
2025-11-23T00:32:31.976051,99,66163,32.02123,35.84215,346.2,0,58-66163,10612,N/A
2025-11-23T00:32:31.976051,99,56867,32.020847,35.842632,289.3,0,58-56867,10612,N/A
2025-11-23T00:32:31.976051,99,25354,31.944778,35.92804,106.1,0,58-25354,10641,N/A
2025-11-23T00:32:31.976051,99,11649,32.022224,35.845154,72.31,0,58-11649,10612,N/A
2025-11-23T00:32:31.976051,99,11547,32.00016,36.01502,0,0,58-11547,10622,N/A
2025-11-23T00:32:31.976051,99,37113,32.02158,35.842438,0,0,58-37113,10612,N/A
2025-11-23T00:32:31.976051,99,11718,31.94541,35.928734,0,0,58-11718,10635,N/A
2025-11-23T00:32:31.976051,99,11670,32.00448,36.008205,0,1,58-11670,10636,N/A
2025-11-23T00:32:31.976051,99,11499,32.00014,36.015255,0,1,58-11499,10635,N/A
2025-11-23T00:32:31.976051,99,11526,32.0002,36.01552,0,1,58-11526,10622,N/A
2025-11-23T00:32:31.976051,99,73439,32.023087,35.848095,252.9,1,58-73439,10613,N/A
2025-11-23T00:32:31.976051,99,52827,31.94586,35.91979,285.5,1,58-52827,10643,N/A
2025-11-23T00:32:31.976051,99,11493,31.94533,35.928787,0,1,58-11493,10643,N/A
2025-11-23T00:32:31.976051,99,11496,32.00006,36.015587,192.2,1,58-11496,10642,N/A
2025-11-23T00:32:31.976051,100,50752,31.980606,35.940258,198,0,58-50752,11650,N/A
2025-11-23T00:32:31.976051,100,63240,32.001354,36.014027,197,0,58-63240,11649,N/A
2025-11-23T00:32:31.976051,100,98191,32.000126,36.015465,190.8,0,58-98191,10622,N/A
2025-11-23T00:32:31.976051,100,10975,31.999632,36.016132,197.68,0,58-10975,11649,N/A
2025-11-23T00:32:31.976051,100,48886,32.00026,36.015392,21.5,0,58-48886,11649,N/A
2025-11-23T00:32:31.976051,100,11523,32.000935,36.013863,197.6,0,58-11523,10612,N/A
2025-11-23T00:32:31.976051,100,11014,32.004826,36.014347,132.1,0,58-11014,10623,N/A
2025-11-23T00:32:31.976051,100,11724,32.000275,36.01534,0,0,58-11724,11648,N/A
2025-11-23T00:32:31.976051,100,40779,31.96065,35.95736,40.9,0,58-40779,11651,N/A
2025-11-23T00:32:31.976051,100,24926,31.999966,36.015114,232.1,0,58-24926,11653,N/A
2025-11-23T00:32:31.976051,100,05961,31.999699,36.005707,19.7,1,58-95961,11653,N/A
2025-11-23T00:32:31.976051,100,16863,31.999474,36.01395,111.99,1,58-16863,11653,N/A
2025-11-23T00:32:31.976051,100,50152,32.024017,35.85136,251.2,1,58-50152,10615,N/A
2025-11-23T00:32:31.976051,100,97599,31.992634,35.890064,309.89,1,58-97599,10622,N/A
2025-11-23T00:32:31.976051,100,10987,32.000244,36.01543,0,1,58-10987,11653,N/A
2025-11-23T00:32:31.976051,100,52302,31.964375,35.960926,34.79,1,58-52302,11653,N/A
2025-11-23T00:32:31.976051,100,21423,32.000317,36.01466,218.2,1,58-21423,11653,N/A
2025-11-23T00:32:31.976051,100,30732,32.004444,36.00834,359.4,1,58-30732,11651,N/A
2025-11-23T00:32:31.976051,100,95161,32.000343,36.014633,177.4,1,58-95161,11653,N/A
2025-11-23T00:32:31.976051,100,90702,32.021866,35.844257,43.9,1,58-90702,10613,N/A
2025-11-23T00:32:31.976051,100,10993,32.00027,36.014793,234.1,1,58-10993,11652,N/A
2025-11-23T00:32:31.976051,100,10981,31.999386,36.014343,0,1,58-10981,11653,N/A
2025-11-23T00:32:31.976051,100,11538,32.000355,36.014435,0,1,58-11538,11653,N/A
2025-11-23T00:32:31.976051,100,11520,32.000126,36.014256,298.39,1,58-11520,11653,N/A
2025-11-23T00:32:31.976051,100,93641,31.99996,36.015163,246.4,1,58-93641,11653,N/A
2025-11-23T00:32:31.976051,100,82779,31.963634,35.960278,36.1,1,58-82779,11653,N/A
2025-11-23T00:32:31.976051,100,10996,31.960546,35.956833,0,1,58-10996,11653,N/A
2025-11-23T00:32:31.976051,100,11544,31.961313,35.958122,0,1,58-11544,11653,N/A
2025-11-23T00:33:20.314031,99,22057,32.008667,35.87182,163.3,0,58-22057,10614,N/A
2025-11-23T00:33:20.314031,99,97202,32.018482,35.86497,138,0,58-97202,11671,N/A
2025-11-23T00:33:20.314031,99,32725,31.99941,36.014168,116.7,0,58-32725,10625,N/A
2025-11-23T00:33:20.314031,99,49451,31.947134,35.910797,63.9,0,58-49451,10631,N/A
2025-11-23T00:33:20.314031,99,96335,31.94514,35.927013,105.5,0,58-96335,10641,N/A
2025-11-23T00:33:20.314031,99,72129,31.944706,35.928158,106.5,0,58-72129,10641,N/A
2025-11-23T00:33:20.314031,99,45556,32.020844,35.84248,286.7,0,58-45556,10612,N/A
2025-11-23T00:33:20.314031,99,11005,32.00024,36.015,0,0,58-11005,10625,N/A
2025-11-23T00:33:20.314031,99,28732,32.021492,35.842632,46.1,0,58-28732,10612,N/A
2025-11-23T00:33:20.314031,99,66163,32.02123,35.84215,346.2,0,58-66163,10612,N/A
2025-11-23T00:33:20.314031,99,56867,32.020847,35.842632,289.3,0,58-56867,10612,N/A
2025-11-23T00:33:20.314031,99,25354,31.944778,35.92804,106.1,0,58-25354,10641,N/A
2025-11-23T00:33:20.314031,99,11649,32.022224,35.845154,72.31,0,58-11649,10612,N/A
2025-11-23T00:33:20.314031,99,11547,32.00016,36.01502,0,0,58-11547,10622,N/A
2025-11-23T00:33:20.314031,99,37113,32.02158,35.842438,0,0,58-37113,10612,N/A
2025-11-23T00:33:20.314031,99,11718,31.94541,35.928734,0,0,58-11718,10635,N/A
2025-11-23T00:33:20.314031,99,11670,32.00448,36.008205,0,1,58-11670,10636,N/A
2025-11-23T00:33:20.314031,99,11499,32.00014,36.015255,0,1,58-11499,10635,N/A
2025-11-23T00:33:20.314031,99,11526,32.0002,36.01552,0,1,58-11526,10622,N/A
2025-11-23T00:33:20.314031,99,73439,32.023087,35.848095,252.9,1,58-73439,10613,N/A
2025-11-23T00:33:20.314031,99,52827,31.94586,35.91979,285.5,1,58-52827,10643,N/A
2025-11-23T00:33:20.314031,99,11493,31.94533,35.928787,0,1,58-11493,10643,N/A
2025-11-23T00:33:20.314031,99,11496,32.00006,36.015587,192.2,1,58-11496,10642,N/A
2025-11-23T00:33:20.314031,100,50752,31.977604,35.93899,195.8,0,58-50752,11650,N/A
2025-11-23T00:33:20.314031,100,63240,32.001354,36.014027,197,0,58-63240,11649,N/A
2025-11-23T00:33:20.314031,100,98191,32.00009,36.015476,0,0,58-98191,10622,N/A
2025-11-23T00:33:20.314031,100,10975,31.999632,36.016132,197.68,0,58-10975,11649,N/A
2025-11-23T00:33:20.314031,100,48886,32.00026,36.015392,21.5,0,58-48886,11649,N/A
2025-11-23T00:33:20.314031,100,11523,32.000935,36.013863,197.6,0,58-11523,10612,N/A
2025-11-23T00:33:20.314031,100,11014,32.004826,36.014347,132.1,0,58-11014,10619,N/A
2025-11-23T00:33:20.314031,100,11724,32.000275,36.01534,0,0,58-11724,11648,N/A
2025-11-23T00:33:20.314031,100,40779,31.96065,35.95736,40.9,0,58-40779,11651,N/A
2025-11-23T00:33:20.314031,100,24926,31.999966,36.015114,232.1,0,58-24926,11653,N/A
2025-11-23T00:33:20.314031,100,05961,32.005142,36.00822,348.2,1,58-95961,11653,N/A
2025-11-23T00:33:20.314031,100,16863,31.999474,36.01395,111.99,1,58-16863,11653,N/A
2025-11-23T00:33:20.314031,100,50152,32.022068,35.844147,248.5,1,58-50152,10615,N/A
2025-11-23T00:33:20.314031,100,97599,31.992634,35.890064,309.89,1,58-97599,10622,N/A
2025-11-23T00:33:20.314031,100,10987,32.000244,36.01543,0,1,58-10987,11653,N/A
2025-11-23T00:33:20.314031,100,52302,31.964375,35.960926,34.79,1,58-52302,11653,N/A
2025-11-23T00:33:20.314031,100,21423,32.000317,36.01466,218.2,1,58-21423,11653,N/A
2025-11-23T00:33:20.314031,100,30732,32.004444,36.00834,359.4,1,58-30732,11653,N/A
2025-11-23T00:33:20.314031,100,95161,32.000343,36.014633,177.4,1,58-95161,11653,N/A
2025-11-23T00:33:20.314031,100,90702,32.021866,35.844257,43.9,1,58-90702,10613,N/A
2025-11-23T00:33:20.314031,100,10993,32.00027,36.014793,234.1,1,58-10993,11653,N/A
2025-11-23T00:33:20.314031,100,10981,31.999386,36.014343,0,1,58-10981,11651,N/A
2025-11-23T00:33:20.314031,100,11538,32.000355,36.014435,0,1,58-11538,11652,N/A
2025-11-23T00:33:20.314031,100,11520,32.000126,36.014256,298.39,1,58-11520,11653,N/A
2025-11-23T00:33:20.314031,100,93641,31.99996,36.015163,246.4,1,58-93641,11653,N/A
2025-11-23T00:33:20.314031,100,82779,31.963634,35.960278,36.1,1,58-82779,11653,N/A
2025-11-23T00:33:20.314031,100,10996,31.960546,35.956833,0,1,58-10996,11653,N/A
2025-11-23T00:33:20.314031,100,11544,31.961313,35.958122,0,1,58-11544,11653,N/A
2025-11-23T00:34:10.445198,99,22057,32.005676,35.873154,152.9,0,58-22057,11675,N/A
2025-11-23T00:34:10.445198,99,97202,32.010254,35.870975,163,0,58-97202,11671,N/A
2025-11-23T00:34:10.445198,99,32725,31.99941,36.014168,116.7,0,58-32725,10625,N/A
2025-11-23T00:34:10.445198,99,49451,31.947931,35.915733,125,0,58-49451,10635,N/A
2025-11-23T00:34:10.445198,99,96335,31.94514,35.927013,105.5,0,58-96335,10641,N/A
2025-11-23T00:34:10.445198,99,72129,31.944706,35.928158,106.5,0,58-72129,10641,N/A
2025-11-23T00:34:10.445198,99,45556,32.020844,35.84248,286.7,0,58-45556,10612,N/A
2025-11-23T00:34:10.445198,99,11005,32.00024,36.015,0,0,58-11005,10625,N/A
2025-11-23T00:34:10.445198,99,28732,32.021748,35.842438,58.6,0,58-28732,10612,N/A
2025-11-23T00:34:10.445198,99,66163,32.02123,35.84215,346.2,0,58-66163,10612,N/A
2025-11-23T00:34:10.445198,99,56867,32.020847,35.842632,289.3,0,58-56867,10612,N/A
2025-11-23T00:34:10.445198,99,25354,31.944778,35.92804,106.1,0,58-25354,10641,N/A
2025-11-23T00:34:10.445198,99,11649,32.022224,35.845154,72.31,0,58-11649,10612,N/A
2025-11-23T00:34:10.445198,99,11547,32.00016,36.01502,0,0,58-11547,10622,N/A
2025-11-23T00:34:10.445198,99,37113,32.02191,35.843987,70,0,58-37113,10612,N/A
2025-11-23T00:34:10.445198,99,11718,31.94541,35.928734,0,0,58-11718,10635,N/A
2025-11-23T00:34:10.445198,99,11670,32.00448,36.008205,0,1,58-11670,10636,N/A
2025-11-23T00:34:10.445198,99,11499,32.00014,36.015255,0,1,58-11499,10635,N/A
2025-11-23T00:34:10.445198,99,11526,32.0002,36.01552,0,1,58-11526,10622,N/A
2025-11-23T00:34:10.445198,99,73439,32.023087,35.848095,252.9,1,58-73439,10613,N/A
2025-11-23T00:34:10.445198,99,52827,31.94586,35.91979,285.5,1,58-52827,10643,N/A
2025-11-23T00:34:10.445198,99,11493,31.94533,35.928787,0,1,58-11493,10643,N/A
2025-11-23T00:34:10.445198,99,11496,32.00006,36.015587,192.2,1,58-11496,10642,N/A
2025-11-23T00:34:10.445198,100,50152,32.020767,35.842773,291.7,0,58-50152,10612,N/A
2025-11-23T00:34:10.445198,100,50752,31.97302,35.93857,183.5,0,58-50752,11651,N/A
2025-11-23T00:34:10.445198,100,63240,32.001354,36.014027,197,0,58-63240,11649,N/A
2025-11-23T00:34:10.445198,100,98191,32.000126,36.015465,190.8,0,58-98191,10622,N/A
2025-11-23T00:34:10.445198,100,10975,31.999632,36.016132,197.68,0,58-10975,11649,N/A
2025-11-23T00:34:10.445198,100,48886,32.00026,36.015392,21.5,0,58-48886,11649,N/A
2025-11-23T00:34:10.445198,100,11523,32.000935,36.013863,197.6,0,58-11523,10612,N/A
2025-11-23T00:34:10.445198,100,11014,32.004826,36.014347,132.1,0,58-11014,10623,N/A
2025-11-23T00:34:10.445198,100,11724,32.000275,36.01534,0,0,58-11724,11648,N/A
2025-11-23T00:34:10.445198,100,40779,31.96065,35.95736,40.9,0,58-40779,11651,N/A
2025-11-23T00:34:10.445198,100,24926,31.999966,36.015114,232.1,0,58-24926,11653,N/A
2025-11-23T00:34:10.445198,100,05961,32.00478,36.014366,138.9,1,58-95961,11653,N/A
2025-11-23T00:34:10.445198,100,16863,31.999474,36.01395,111.99,1,58-16863,11653,N/A
2025-11-23T00:34:10.445198,100,97599,31.992634,35.890064,309.89,1,58-97599,10622,N/A
2025-11-23T00:34:10.445198,100,10987,32.000244,36.01543,0,1,58-10987,11653,N/A
2025-11-23T00:34:10.445198,100,52302,31.964375,35.960926,34.79,1,58-52302,11653,N/A
2025-11-23T00:34:10.445198,100,21423,32.000317,36.01466,218.2,1,58-21423,11653,N/A
2025-11-23T00:34:10.445198,100,30732,32.004444,36.00834,359.4,1,58-30732,11651,N/A
2025-11-23T00:34:10.445198,100,95161,32.000343,36.014633,177.4,1,58-95161,11653,N/A
2025-11-23T00:34:10.445198,100,90702,32.021866,35.844257,43.9,1,58-90702,10613,N/A
2025-11-23T00:34:10.445198,100,10993,32.00027,36.014793,234.1,1,58-10993,11652,N/A
2025-11-23T00:34:10.445198,100,10981,31.999386,36.014343,0,1,58-10981,11653,N/A
2025-11-23T00:34:10.445198,100,11538,32.000355,36.014435,0,1,58-11538,11653,N/A
2025-11-23T00:34:10.445198,100,11520,32.000126,36.014256,298.39,1,58-11520,11653,N/A
2025-11-23T00:34:10.445198,100,93641,31.99996,36.015163,246.4,1,58-93641,11653,N/A
2025-11-23T00:34:10.445198,100,82779,31.963634,35.960278,36.1,1,58-82779,11653,N/A
2025-11-23T00:34:10.445198,100,10996,31.960546,35.956833,0,1,58-10996,11653,N/A
2025-11-23T00:34:10.445198,100,11544,31.961313,35.958122,0,1,58-11544,11653,N/A
2025-11-23T00:35:01.145394,99,22057,32.000168,35.87853,126.8,0,58-22057,11675,N/A
2025-11-23T00:35:01.145394,99,97202,32.00599,35.87267,154.1,0,58-97202,11671,N/A
2025-11-23T00:35:01.145394,99,32725,31.99941,36.014168,116.7,0,58-32725,10625,N/A
2025-11-23T00:35:01.145394,99,49451,31.945782,35.920177,105.1,0,58-49451,10635,N/A
2025-11-23T00:35:01.145394,99,96335,31.94514,35.927013,105.5,0,58-96335,10641,N/A
2025-11-23T00:35:01.145394,99,72129,31.944706,35.928158,106.5,0,58-72129,10641,N/A
2025-11-23T00:35:01.145394,99,45556,32.020844,35.84248,286.7,0,58-45556,10612,N/A
2025-11-23T00:35:01.145394,99,11005,32.00024,36.015,0,0,58-11005,10625,N/A
2025-11-23T00:35:01.145394,99,28732,32.021748,35.842438,58.6,0,58-28732,10612,N/A
2025-11-23T00:35:01.145394,99,66163,32.02123,35.84215,346.2,0,58-66163,10612,N/A
2025-11-23T00:35:01.145394,99,56867,32.020847,35.842632,289.3,0,58-56867,10612,N/A
2025-11-23T00:35:01.145394,99,25354,31.944778,35.92804,106.1,0,58-25354,10641,N/A
2025-11-23T00:35:01.145394,99,11649,32.022224,35.845154,72.31,0,58-11649,10612,N/A
2025-11-23T00:35:01.145394,99,11547,32.00016,36.01502,0,0,58-11547,10622,N/A
2025-11-23T00:35:01.145394,99,37113,32.02191,35.843987,70,0,58-37113,10612,N/A
2025-11-23T00:35:01.145394,99,11718,31.94541,35.928734,0,0,58-11718,10635,N/A
2025-11-23T00:35:01.145394,99,11670,32.00448,36.008205,0,1,58-11670,10636,N/A
2025-11-23T00:35:01.145394,99,11499,32.00014,36.015255,0,1,58-11499,10635,N/A
2025-11-23T00:35:01.145394,99,11526,32.0002,36.01552,0,1,58-11526,10622,N/A
2025-11-23T00:35:01.145394,99,73439,32.023087,35.848095,252.9,1,58-73439,10613,N/A
2025-11-23T00:35:01.145394,99,52827,31.94586,35.91979,285.5,1,58-52827,10643,N/A
2025-11-23T00:35:01.145394,99,11493,31.94533,35.928787,0,1,58-11493,10643,N/A
2025-11-23T00:35:01.145394,99,11496,32.00006,36.015587,192.2,1,58-11496,10642,N/A
2025-11-23T00:35:01.145394,100,50152,32.02078,35.842712,282.3,0,58-50152,10612,N/A
2025-11-23T00:35:01.145394,100,50752,31.972189,35.938522,183.5,0,58-50752,11651,N/A
2025-11-23T00:35:01.145394,100,63240,32.001354,36.014027,197,0,58-63240,11649,N/A
2025-11-23T00:35:01.145394,100,98191,32.00009,36.015476,0,0,58-98191,10622,N/A
2025-11-23T00:35:01.145394,100,10975,31.999632,36.016132,197.68,0,58-10975,11649,N/A
2025-11-23T00:35:01.145394,100,48886,32.00026,36.015392,21.5,0,58-48886,11649,N/A
2025-11-23T00:35:01.145394,100,11523,32.000935,36.013863,197.6,0,58-11523,10612,N/A
2025-11-23T00:35:01.145394,100,11014,32.004826,36.014347,132.1,0,58-11014,10619,N/A
2025-11-23T00:35:01.145394,100,11724,32.000275,36.01534,0,0,58-11724,11648,N/A
2025-11-23T00:35:01.145394,100,40779,31.96065,35.95736,40.9,0,58-40779,11651,N/A
2025-11-23T00:35:01.145394,100,24926,31.999966,36.015114,232.1,0,58-24926,11653,N/A
2025-11-23T00:35:01.145394,100,05961,32.002773,36.01458,197.8,1,58-95961,11653,N/A
2025-11-23T00:35:01.145394,100,16863,31.999474,36.01395,111.99,1,58-16863,11653,N/A
2025-11-23T00:35:01.145394,100,97599,31.992634,35.890064,309.89,1,58-97599,10622,N/A
2025-11-23T00:35:01.145394,100,10987,32.000244,36.01543,0,1,58-10987,11653,N/A
2025-11-23T00:35:01.145394,100,52302,31.964375,35.960926,34.79,1,58-52302,11653,N/A
2025-11-23T00:35:01.145394,100,21423,32.000317,36.01466,218.2,1,58-21423,11653,N/A
2025-11-23T00:35:01.145394,100,30732,32.004444,36.00834,359.4,1,58-30732,11651,N/A
2025-11-23T00:35:01.145394,100,95161,32.000343,36.014633,177.4,1,58-95161,11653,N/A
2025-11-23T00:35:01.145394,100,90702,32.021866,35.844257,43.9,1,58-90702,10613,N/A
2025-11-23T00:35:01.145394,100,10993,32.00027,36.014793,234.1,1,58-10993,11652,N/A
2025-11-23T00:35:01.145394,100,10981,31.999386,36.014343,0,1,58-10981,11653,N/A
2025-11-23T00:35:01.145394,100,11538,32.000355,36.014435,0,1,58-11538,11653,N/A
2025-11-23T00:35:01.145394,100,11520,32.000126,36.014256,298.39,1,58-11520,11653,N/A
2025-11-23T00:35:01.145394,100,93641,31.99996,36.015163,246.4,1,58-93641,11653,N/A
2025-11-23T00:35:01.145394,100,82779,31.963634,35.960278,36.1,1,58-82779,11653,N/A
2025-11-23T00:35:01.145394,100,10996,31.960546,35.956833,0,1,58-10996,11653,N/A
2025-11-23T00:35:01.145394,100,11544,31.961313,35.958122,0,1,58-11544,11653,N/A
2025-11-23T00:35:53.930488,99,22057,31.996191,35.88487,127.6,0,58-22057,11675,N/A
2025-11-23T00:35:53.930488,99,97202,31.999249,35.879494,125.5,0,58-97202,11671,N/A
2025-11-23T00:35:53.930488,99,32725,31.99941,36.014168,116.7,0,58-32725,10625,N/A
2025-11-23T00:35:53.930488,99,49451,31.946259,35.92472,80.09,0,58-49451,10635,N/A
2025-11-23T00:35:53.930488,99,96335,31.94514,35.927013,105.5,0,58-96335,10641,N/A
2025-11-23T00:35:53.930488,99,72129,31.944706,35.928158,106.5,0,58-72129,10641,N/A
2025-11-23T00:35:53.930488,99,45556,32.020844,35.84248,286.7,0,58-45556,10612,N/A
2025-11-23T00:35:53.930488,99,11005,32.00024,36.015,0,0,58-11005,10625,N/A
2025-11-23T00:35:53.930488,99,28732,32.021748,35.842438,58.6,0,58-28732,10612,N/A
2025-11-23T00:35:53.930488,99,66163,32.02123,35.84215,346.2,0,58-66163,10612,N/A
2025-11-23T00:35:53.930488,99,56867,32.020847,35.842632,289.3,0,58-56867,10612,N/A
2025-11-23T00:35:53.930488,99,25354,31.944778,35.92804,106.1,0,58-25354,10641,N/A
2025-11-23T00:35:53.930488,99,11649,32.022224,35.845154,72.31,0,58-11649,10612,N/A
2025-11-23T00:35:53.930488,99,11547,32.00016,36.01502,0,0,58-11547,10622,N/A
2025-11-23T00:35:53.930488,99,37113,32.02191,35.843987,70,0,58-37113,10612,N/A
2025-11-23T00:35:53.930488,99,11718,31.94541,35.928734,0,0,58-11718,10635,N/A
2025-11-23T00:35:53.930488,99,11670,32.00448,36.008205,0,1,58-11670,10636,N/A
2025-11-23T00:35:53.930488,99,11499,32.00014,36.015255,0,1,58-11499,10635,N/A
2025-11-23T00:35:53.930488,99,11526,32.0002,36.01552,0,1,58-11526,10622,N/A
2025-11-23T00:35:53.930488,99,73439,32.023087,35.848095,252.9,1,58-73439,10613,N/A
2025-11-23T00:35:53.930488,99,52827,31.94586,35.91979,285.5,1,58-52827,10643,N/A
2025-11-23T00:35:53.930488,99,11493,31.94533,35.928787,0,1,58-11493,10643,N/A
2025-11-23T00:35:53.930488,99,11496,32.00006,36.015587,192.2,1,58-11496,10642,N/A
2025-11-23T00:35:53.930488,100,50152,32.021305,35.842907,78.5,0,58-50152,10612,N/A
2025-11-23T00:35:53.930488,100,50752,31.97136,35.93908,120,0,58-50752,11651,N/A
2025-11-23T00:35:53.930488,100,63240,32.001354,36.014027,197,0,58-63240,11649,N/A
2025-11-23T00:35:53.930488,100,98191,32.00009,36.015476,0,0,58-98191,10622,N/A
2025-11-23T00:35:53.930488,100,10975,31.999632,36.016132,197.68,0,58-10975,11649,N/A
2025-11-23T00:35:53.930488,100,48886,32.00026,36.015392,21.5,0,58-48886,11649,N/A
2025-11-23T00:35:53.930488,100,11523,32.000935,36.013863,197.6,0,58-11523,10612,N/A
2025-11-23T00:35:53.930488,100,11014,32.004826,36.014347,132.1,0,58-11014,10619,N/A
2025-11-23T00:35:53.930488,100,11724,32.000275,36.01534,0,0,58-11724,11648,N/A
2025-11-23T00:35:53.930488,100,40779,31.96065,35.95736,40.9,0,58-40779,11651,N/A
2025-11-23T00:35:53.930488,100,24926,31.999966,36.015114,232.1,0,58-24926,11653,N/A
2025-11-23T00:35:53.930488,100,05961,32.0004,36.013657,193.6,1,58-95961,11653,N/A
2025-11-23T00:35:53.930488,100,16863,32.000065,36.01559,0,1,58-16863,11653,N/A
2025-11-23T00:35:53.930488,100,97599,31.992634,35.890064,309.89,1,58-97599,10622,N/A
2025-11-23T00:35:53.930488,100,10987,32.000244,36.01543,0,1,58-10987,11653,N/A
2025-11-23T00:35:53.930488,100,52302,31.964375,35.960926,34.79,1,58-52302,11653,N/A
2025-11-23T00:35:53.930488,100,21423,32.000317,36.01466,218.2,1,58-21423,11653,N/A
2025-11-23T00:35:53.930488,100,30732,32.004444,36.00834,359.4,1,58-30732,11653,N/A
2025-11-23T00:35:53.930488,100,95161,32.000343,36.014633,177.4,1,58-95161,11653,N/A
2025-11-23T00:35:53.930488,100,90702,32.021866,35.844257,43.9,1,58-90702,10613,N/A
2025-11-23T00:35:53.930488,100,10993,32.00027,36.014793,234.1,1,58-10993,11653,N/A
2025-11-23T00:35:53.930488,100,10981,31.999386,36.014343,0,1,58-10981,11651,N/A
2025-11-23T00:35:53.930488,100,11538,32.000355,36.014435,0,1,58-11538,11652,N/A
2025-11-23T00:35:53.930488,100,11520,32.000126,36.014256,298.39,1,58-11520,11653,N/A
2025-11-23T00:35:53.930488,100,93641,31.99996,36.015163,246.4,1,58-93641,11653,N/A
2025-11-23T00:35:53.930488,100,82779,31.963634,35.960278,36.1,1,58-82779,11653,N/A
2025-11-23T00:35:53.930488,100,10996,31.960546,35.956833,0,1,58-10996,11653,N/A
2025-11-23T00:35:53.930488,100,11544,31.961313,35.958122,0,1,58-11544,11653,N/A
2025-11-23T00:36:39.844008,99,22057,31.994164,35.887962,125.8,0,58-22057,10614,N/A
2025-11-23T00:36:39.844008,99,97202,31.994043,35.88778,126,0,58-97202,11671,N/A
2025-11-23T00:36:39.844008,99,32725,31.99941,36.014168,116.7,0,58-32725,10625,N/A
2025-11-23T00:36:39.844008,99,49451,31.946272,35.9268,100.3,0,58-49451,10635,N/A
2025-11-23T00:36:39.844008,99,96335,31.94514,35.927013,105.5,0,58-96335,10641,N/A
2025-11-23T00:36:39.844008,99,72129,31.944706,35.928158,106.5,0,58-72129,10641,N/A
2025-11-23T00:36:39.844008,99,45556,32.020844,35.84248,286.7,0,58-45556,10612,N/A
2025-11-23T00:36:39.844008,99,11005,32.00024,36.015,0,0,58-11005,10625,N/A
2025-11-23T00:36:39.844008,99,28732,32.021492,35.842632,46.1,0,58-28732,10612,N/A
2025-11-23T00:36:39.844008,99,66163,32.02123,35.84215,346.2,0,58-66163,10612,N/A
2025-11-23T00:36:39.844008,99,56867,32.020847,35.842632,289.3,0,58-56867,10612,N/A
2025-11-23T00:36:39.844008,99,25354,31.944778,35.92804,106.1,0,58-25354,10641,N/A
2025-11-23T00:36:39.844008,99,11649,32.022224,35.845154,72.31,0,58-11649,10612,N/A
2025-11-23T00:36:39.844008,99,11547,32.00016,36.01502,0,0,58-11547,10622,N/A
2025-11-23T00:36:39.844008,99,37113,32.02158,35.842438,0,0,58-37113,10612,N/A
2025-11-23T00:36:39.844008,99,11718,31.94541,35.928734,0,0,58-11718,10635,N/A
2025-11-23T00:36:39.844008,99,11670,32.00448,36.008205,0,1,58-11670,10636,N/A
2025-11-23T00:36:39.844008,99,11499,32.00014,36.015255,0,1,58-11499,10635,N/A
2025-11-23T00:36:39.844008,99,11526,32.0002,36.01552,0,1,58-11526,10622,N/A
2025-11-23T00:36:39.844008,99,73439,32.023087,35.848095,252.9,1,58-73439,10613,N/A
2025-11-23T00:36:39.844008,99,52827,31.94586,35.91979,285.5,1,58-52827,10643,N/A
2025-11-23T00:36:39.844008,99,11493,31.94533,35.928787,0,1,58-11493,10643,N/A
2025-11-23T00:36:39.844008,99,11496,32.00006,36.015587,192.2,1,58-11496,10642,N/A
2025-11-23T00:36:39.844008,100,50152,32.02132,35.843094,93.4,0,58-50152,10612,N/A
2025-11-23T00:36:39.844008,100,50752,31.967411,35.949085,122.7,0,58-50752,11651,N/A
2025-11-23T00:36:39.844008,100,63240,32.001354,36.014027,197,0,58-63240,11649,N/A
2025-11-23T00:36:39.844008,100,98191,32.000126,36.015465,190.8,0,58-98191,10622,N/A
2025-11-23T00:36:39.844008,100,10975,31.999632,36.016132,197.68,0,58-10975,11649,N/A
2025-11-23T00:36:39.844008,100,48886,32.00026,36.015392,21.5,0,58-48886,11649,N/A
2025-11-23T00:36:39.844008,100,11523,32.000935,36.013863,197.6,0,58-11523,10612,N/A
2025-11-23T00:36:39.844008,100,11014,32.004826,36.014347,132.1,0,58-11014,10623,N/A
2025-11-23T00:36:39.844008,100,11724,32.000275,36.01534,0,0,58-11724,11648,N/A
2025-11-23T00:36:39.844008,100,40779,31.96065,35.95736,40.9,0,58-40779,11651,N/A
2025-11-23T00:36:39.844008,100,24926,31.999966,36.015114,232.1,0,58-24926,11653,N/A
2025-11-23T00:36:39.844008,100,05961,31.999493,36.013668,146.9,1,58-95961,11653,N/A
2025-11-23T00:36:39.844008,100,16863,32.000065,36.01559,0,1,58-16863,11653,N/A
2025-11-23T00:36:39.844008,100,97599,31.992634,35.890064,309.89,1,58-97599,10622,N/A
2025-11-23T00:36:39.844008,100,10987,32.000244,36.01543,0,1,58-10987,11653,N/A
2025-11-23T00:36:39.844008,100,52302,31.964375,35.960926,34.79,1,58-52302,11653,N/A
2025-11-23T00:36:39.844008,100,21423,32.000317,36.01466,218.2,1,58-21423,11653,N/A
2025-11-23T00:36:39.844008,100,30732,32.004444,36.00834,359.4,1,58-30732,11653,N/A
2025-11-23T00:36:39.844008,100,95161,32.000343,36.014633,177.4,1,58-95161,11653,N/A
2025-11-23T00:36:39.844008,100,90702,32.021866,35.844257,43.9,1,58-90702,10613,N/A
2025-11-23T00:36:39.844008,100,10993,32.00027,36.014793,234.1,1,58-10993,11653,N/A
2025-11-23T00:36:39.844008,100,10981,31.999386,36.014343,0,1,58-10981,11651,N/A
2025-11-23T00:36:39.844008,100,11538,32.000355,36.014435,0,1,58-11538,11652,N/A
2025-11-23T00:36:39.844008,100,11520,32.000126,36.014256,298.39,1,58-11520,11653,N/A
2025-11-23T00:36:39.844008,100,93641,31.99996,36.015163,246.4,1,58-93641,11653,N/A
2025-11-23T00:36:39.844008,100,82779,31.963634,35.960278,36.1,1,58-82779,11653,N/A
2025-11-23T00:36:39.844008,100,10996,31.960546,35.956833,0,1,58-10996,11653,N/A
2025-11-23T00:36:39.844008,100,11544,31.961313,35.958122,0,1,58-11544,11653,N/A
2025-11-23T00:37:33.930368,99,22057,31.98943,35.894413,138.5,0,58-22057,11675,N/A
2025-11-23T00:37:33.930368,99,97202,31.987661,35.89569,138.6,0,58-97202,11671,N/A
2025-11-23T00:37:33.930368,99,32725,31.99941,36.014168,116.7,0,58-32725,10625,N/A
2025-11-23T00:37:33.930368,99,49451,31.946272,35.9268,100.3,0,58-49451,10635,N/A
2025-11-23T00:37:33.930368,99,96335,31.94514,35.927013,105.5,0,58-96335,10641,N/A
2025-11-23T00:37:33.930368,99,72129,31.944706,35.928158,106.5,0,58-72129,10641,N/A
2025-11-23T00:37:33.930368,99,45556,32.020844,35.84248,286.7,0,58-45556,10612,N/A
2025-11-23T00:37:33.930368,99,11005,32.00024,36.015,0,0,58-11005,10625,N/A
2025-11-23T00:37:33.930368,99,28732,32.021748,35.842438,58.6,0,58-28732,10612,N/A
2025-11-23T00:37:33.930368,99,66163,32.02123,35.84215,346.2,0,58-66163,10612,N/A
2025-11-23T00:37:33.930368,99,56867,32.020847,35.842632,289.3,0,58-56867,10612,N/A
2025-11-23T00:37:33.930368,99,25354,31.944778,35.92804,106.1,0,58-25354,10641,N/A
2025-11-23T00:37:33.930368,99,11649,32.022224,35.845154,72.31,0,58-11649,10612,N/A
2025-11-23T00:37:33.930368,99,11547,32.00016,36.01502,0,0,58-11547,10622,N/A
2025-11-23T00:37:33.930368,99,37113,32.02191,35.843987,70,0,58-37113,10612,N/A
2025-11-23T00:37:33.930368,99,11718,31.94541,35.928734,0,0,58-11718,10635,N/A
2025-11-23T00:37:33.930368,99,11670,32.00448,36.008205,0,1,58-11670,10636,N/A
2025-11-23T00:37:33.930368,99,11499,32.00014,36.015255,0,1,58-11499,10635,N/A
2025-11-23T00:37:33.930368,99,11526,32.0002,36.01552,0,1,58-11526,10622,N/A
2025-11-23T00:37:33.930368,99,73439,32.023087,35.848095,252.9,1,58-73439,10613,N/A
2025-11-23T00:37:33.930368,99,52827,31.94586,35.91979,285.5,1,58-52827,10643,N/A
2025-11-23T00:37:33.930368,99,11493,31.94533,35.928787,0,1,58-11493,10643,N/A
2025-11-23T00:37:33.930368,99,11496,32.00006,36.015587,192.2,1,58-11496,10642,N/A
2025-11-23T00:37:33.930368,100,50152,32.021313,35.842613,86.2,0,58-50152,10612,N/A
2025-11-23T00:37:33.930368,100,50752,31.9647,35.953583,113,0,58-50752,11651,N/A
2025-11-23T00:37:33.930368,100,63240,32.001354,36.014027,197,0,58-63240,11649,N/A
2025-11-23T00:37:33.930368,100,98191,32.00009,36.015476,0,0,58-98191,10622,N/A
2025-11-23T00:37:33.930368,100,10975,31.999632,36.016132,197.68,0,58-10975,11649,N/A
2025-11-23T00:37:33.930368,100,48886,32.00026,36.015392,21.5,0,58-48886,11649,N/A
2025-11-23T00:37:33.930368,100,11523,32.000935,36.013863,197.6,0,58-11523,10612,N/A
2025-11-23T00:37:33.930368,100,11014,32.004826,36.014347,132.1,0,58-11014,10619,N/A
2025-11-23T00:37:33.930368,100,11724,32.000275,36.01534,0,0,58-11724,11648,N/A
2025-11-23T00:37:33.930368,100,40779,31.96065,35.95736,40.9,0,58-40779,11651,N/A
2025-11-23T00:37:33.930368,100,24926,31.999966,36.015114,232.1,0,58-24926,11653,N/A
2025-11-23T00:37:33.930368,100,05961,31.999298,36.014313,111.8,1,58-95961,11653,N/A
2025-11-23T00:37:33.930368,100,16863,32.000065,36.01559,0,1,58-16863,11653,N/A
2025-11-23T00:37:33.930368,100,97599,31.992634,35.890064,309.89,1,58-97599,10622,N/A
2025-11-23T00:37:33.930368,100,10987,32.000244,36.01543,0,1,58-10987,11653,N/A
2025-11-23T00:37:33.930368,100,52302,31.964375,35.960926,34.79,1,58-52302,11653,N/A
2025-11-23T00:37:33.930368,100,21423,32.000317,36.01466,218.2,1,58-21423,11653,N/A
2025-11-23T00:37:33.930368,100,30732,32.004444,36.00834,359.4,1,58-30732,11651,N/A
2025-11-23T00:37:33.930368,100,95161,32.000343,36.014633,177.4,1,58-95161,11653,N/A
2025-11-23T00:37:33.930368,100,90702,32.021866,35.844257,43.9,1,58-90702,10613,N/A
2025-11-23T00:37:33.930368,100,10993,32.00027,36.014793,234.1,1,58-10993,11652,N/A
2025-11-23T00:37:33.930368,100,10981,31.999386,36.014343,0,1,58-10981,11653,N/A
2025-11-23T00:37:33.930368,100,11538,32.000355,36.014435,0,1,58-11538,11653,N/A
2025-11-23T00:37:33.930368,100,11520,32.000126,36.014256,298.39,1,58-11520,11653,N/A
2025-11-23T00:37:33.930368,100,93641,31.99996,36.015163,246.4,1,58-93641,11653,N/A
2025-11-23T00:37:33.930368,100,82779,31.963634,35.960278,36.1,1,58-82779,11653,N/A
2025-11-23T00:37:33.930368,100,10996,31.960546,35.956833,0,1,58-10996,11653,N/A
2025-11-23T00:37:33.930368,100,11544,31.961313,35.958122,0,1,58-11544,11653,N/A
2025-11-23T00:38:28.962152,99,22057,31.987442,35.901577,74.8,0,58-22057,10614,N/A
2025-11-23T00:38:28.962152,99,97202,31.986343,35.89911,57.5,0,58-97202,11671,N/A
2025-11-23T00:38:28.962152,99,32725,31.99941,36.014168,116.7,0,58-32725,10625,N/A
2025-11-23T00:38:28.962152,99,96335,31.94514,35.927013,105.5,0,58-96335,10641,N/A
2025-11-23T00:38:28.962152,99,72129,31.944706,35.928158,106.5,0,58-72129,10641,N/A
2025-11-23T00:38:28.962152,99,45556,32.020844,35.84248,286.7,0,58-45556,10612,N/A
2025-11-23T00:38:28.962152,99,11005,32.00024,36.015,0,0,58-11005,10625,N/A
2025-11-23T00:38:28.962152,99,28732,32.021492,35.842632,46.1,0,58-28732,10612,N/A
2025-11-23T00:38:28.962152,99,66163,32.02123,35.84215,346.2,0,58-66163,10612,N/A
2025-11-23T00:38:28.962152,99,56867,32.020847,35.842632,289.3,0,58-56867,10612,N/A
2025-11-23T00:38:28.962152,99,25354,31.944778,35.92804,106.1,0,58-25354,10641,N/A
2025-11-23T00:38:28.962152,99,11649,32.022224,35.845154,72.31,0,58-11649,10612,N/A
2025-11-23T00:38:28.962152,99,11547,32.00016,36.01502,0,0,58-11547,10622,N/A
2025-11-23T00:38:28.962152,99,37113,32.02158,35.842438,0,0,58-37113,10612,N/A
2025-11-23T00:38:28.962152,99,11718,31.94541,35.928734,0,0,58-11718,10635,N/A
2025-11-23T00:38:28.962152,99,49451,31.94553,35.928677,41.2,1,58-49451,10643,N/A
2025-11-23T00:38:28.962152,99,11670,32.00448,36.008205,0,1,58-11670,10636,N/A
2025-11-23T00:38:28.962152,99,11499,32.00014,36.015255,0,1,58-11499,10635,N/A
2025-11-23T00:38:28.962152,99,11526,32.0002,36.01552,0,1,58-11526,10622,N/A
2025-11-23T00:38:28.962152,99,73439,32.023087,35.848095,252.9,1,58-73439,10613,N/A
2025-11-23T00:38:28.962152,99,52827,31.94586,35.91979,285.5,1,58-52827,10643,N/A
2025-11-23T00:38:28.962152,99,11493,31.94533,35.928787,0,1,58-11493,10643,N/A
2025-11-23T00:38:28.962152,99,11496,32.00006,36.015587,192.2,1,58-11496,10642,N/A
2025-11-23T00:38:28.962152,100,50152,32.02294,35.84792,71.4,0,58-50152,10613,N/A
2025-11-23T00:38:28.962152,100,50752,31.960073,35.95742,258.7,0,58-50752,11651,N/A
2025-11-23T00:38:28.962152,100,63240,32.001354,36.014027,197,0,58-63240,11649,N/A
2025-11-23T00:38:28.962152,100,98191,32.000126,36.015465,190.8,0,58-98191,10622,N/A
2025-11-23T00:38:28.962152,100,10975,31.999632,36.016132,197.68,0,58-10975,11649,N/A
2025-11-23T00:38:28.962152,100,48886,32.00026,36.015392,21.5,0,58-48886,11649,N/A
2025-11-23T00:38:28.962152,100,11523,32.000935,36.013863,197.6,0,58-11523,10612,N/A
2025-11-23T00:38:28.962152,100,11014,32.004826,36.014347,132.1,0,58-11014,10623,N/A
2025-11-23T00:38:28.962152,100,11724,32.000275,36.01534,0,0,58-11724,11648,N/A
2025-11-23T00:38:28.962152,100,40779,31.96065,35.95736,40.9,0,58-40779,11651,N/A
2025-11-23T00:38:28.962152,100,24926,31.999966,36.015114,232.1,0,58-24926,11653,N/A
2025-11-23T00:38:28.962152,100,50752,31.961367,35.958195,30.7,1,58-50752,11653,N/A
2025-11-23T00:38:28.962152,100,05961,31.999304,36.014328,111.8,1,58-95961,11653,N/A
2025-11-23T00:38:28.962152,100,16863,32.000065,36.01559,0,1,58-16863,11653,N/A
2025-11-23T00:38:28.962152,100,97599,31.992634,35.890064,309.89,1,58-97599,10622,N/A
2025-11-23T00:38:28.962152,100,10987,32.000244,36.01543,0,1,58-10987,11653,N/A
2025-11-23T00:38:28.962152,100,52302,31.964375,35.960926,34.79,1,58-52302,11653,N/A
2025-11-23T00:38:28.962152,100,21423,32.000317,36.01466,218.2,1,58-21423,11653,N/A
2025-11-23T00:38:28.962152,100,30732,32.004444,36.00834,359.4,1,58-30732,11653,N/A
2025-11-23T00:38:28.962152,100,95161,32.000343,36.014633,177.4,1,58-95161,11653,N/A
2025-11-23T00:38:28.962152,100,90702,32.021866,35.844257,43.9,1,58-90702,10613,N/A
2025-11-23T00:38:28.962152,100,10993,32.00027,36.014793,234.1,1,58-10993,11653,N/A
2025-11-23T00:38:28.962152,100,10981,31.999386,36.014343,0,1,58-10981,11651,N/A
2025-11-23T00:38:28.962152,100,11538,32.000355,36.014435,0,1,58-11538,11652,N/A
2025-11-23T00:38:28.962152,100,11520,32.000126,36.014256,298.39,1,58-11520,11653,N/A
2025-11-23T00:38:28.962152,100,93641,31.99996,36.015163,246.4,1,58-93641,11653,N/A
2025-11-23T00:38:28.962152,100,82779,31.963634,35.960278,36.1,1,58-82779,11653,N/A
2025-11-23T00:38:28.962152,100,10996,31.960546,35.956833,0,1,58-10996,11653,N/A
2025-11-23T00:38:28.962152,100,11544,31.961313,35.958122,0,1,58-11544,11653,N/A
2025-11-23T00:39:23.929736,99,22057,31.989693,35.910164,53,0,58-22057,11675,N/A
2025-11-23T00:39:23.929736,99,97202,31.989292,35.909554,54,0,58-97202,11671,N/A
2025-11-23T00:39:23.929736,99,32725,31.99941,36.014168,116.7,0,58-32725,10625,N/A
2025-11-23T00:39:23.929736,99,96335,31.94514,35.927013,105.5,0,58-96335,10641,N/A
2025-11-23T00:39:23.929736,99,72129,31.944706,35.928158,106.5,0,58-72129,10641,N/A
2025-11-23T00:39:23.929736,99,45556,32.020844,35.84248,286.7,0,58-45556,10612,N/A
2025-11-23T00:39:23.929736,99,11005,32.00024,36.015,0,0,58-11005,10625,N/A
2025-11-23T00:39:23.929736,99,28732,32.021748,35.842438,58.6,0,58-28732,10612,N/A
2025-11-23T00:39:23.929736,99,66163,32.02123,35.84215,346.2,0,58-66163,10612,N/A
2025-11-23T00:39:23.929736,99,56867,32.020847,35.842632,289.3,0,58-56867,10612,N/A
2025-11-23T00:39:23.929736,99,25354,31.944778,35.92804,106.1,0,58-25354,10641,N/A
2025-11-23T00:39:23.929736,99,11649,32.022224,35.845154,72.31,0,58-11649,10612,N/A
2025-11-23T00:39:23.929736,99,11547,32.00016,36.01502,0,0,58-11547,10622,N/A
2025-11-23T00:39:23.929736,99,37113,32.02191,35.843987,70,0,58-37113,10612,N/A
2025-11-23T00:39:23.929736,99,11718,31.94541,35.928734,0,0,58-11718,10635,N/A
2025-11-23T00:39:23.929736,99,49451,31.946053,35.92815,294.1,1,58-49451,10643,N/A
2025-11-23T00:39:23.929736,99,11670,32.00448,36.008205,0,1,58-11670,10636,N/A
2025-11-23T00:39:23.929736,99,11499,32.00014,36.015255,0,1,58-11499,10635,N/A
2025-11-23T00:39:23.929736,99,11526,32.0002,36.01552,0,1,58-11526,10622,N/A
2025-11-23T00:39:23.929736,99,73439,32.023087,35.848095,252.9,1,58-73439,10613,N/A
2025-11-23T00:39:23.929736,99,52827,31.94586,35.91979,285.5,1,58-52827,10643,N/A
2025-11-23T00:39:23.929736,99,11493,31.94533,35.928787,0,1,58-11493,10643,N/A
2025-11-23T00:39:23.929736,99,11496,32.00006,36.015587,192.2,1,58-11496,10642,N/A
2025-11-23T00:39:23.929736,100,50152,32.025917,35.856003,51.1,0,58-50152,10613,N/A
2025-11-23T00:39:23.929736,100,50752,31.960073,35.95742,258.7,0,58-50752,11651,N/A
2025-11-23T00:39:23.929736,100,63240,32.001354,36.014027,197,0,58-63240,11649,N/A
2025-11-23T00:39:23.929736,100,98191,32.000126,36.015465,190.8,0,58-98191,10622,N/A
2025-11-23T00:39:23.929736,100,10975,31.999632,36.016132,197.68,0,58-10975,11649,N/A
2025-11-23T00:39:23.929736,100,48886,32.00026,36.015392,21.5,0,58-48886,11649,N/A
2025-11-23T00:39:23.929736,100,11523,32.000935,36.013863,197.6,0,58-11523,10612,N/A
2025-11-23T00:39:23.929736,100,11014,32.004826,36.014347,132.1,0,58-11014,10623,N/A
2025-11-23T00:39:23.929736,100,11724,32.000275,36.01534,0,0,58-11724,11648,N/A
2025-11-23T00:39:23.929736,100,40779,31.96065,35.95736,40.9,0,58-40779,11651,N/A
2025-11-23T00:39:23.929736,100,24926,31.999966,36.015114,232.1,0,58-24926,11653,N/A
2025-11-23T00:39:23.929736,100,50752,31.961367,35.958195,30.7,1,58-50752,11653,N/A
2025-11-23T00:39:23.929736,100,05961,31.999306,36.014336,111.8,1,58-95961,11653,N/A
2025-11-23T00:39:23.929736,100,16863,32.000065,36.01559,0,1,58-16863,11653,N/A
2025-11-23T00:39:23.929736,100,97599,31.992634,35.890064,309.89,1,58-97599,10622,N/A
2025-11-23T00:39:23.929736,100,10987,32.000244,36.01543,0,1,58-10987,11653,N/A
2025-11-23T00:39:23.929736,100,52302,31.964375,35.960926,34.79,1,58-52302,11653,N/A
2025-11-23T00:39:23.929736,100,21423,32.000317,36.01466,218.2,1,58-21423,11653,N/A
2025-11-23T00:39:23.929736,100,30732,32.004444,36.00834,359.4,1,58-30732,11653,N/A
2025-11-23T00:39:23.929736,100,95161,32.000343,36.014633,177.4,1,58-95161,11653,N/A
2025-11-23T00:39:23.929736,100,90702,32.021866,35.844257,43.9,1,58-90702,10613,N/A
2025-11-23T00:39:23.929736,100,10993,32.00027,36.014793,234.1,1,58-10993,11653,N/A
2025-11-23T00:39:23.929736,100,10981,31.999386,36.014343,0,1,58-10981,11651,N/A
2025-11-23T00:39:23.929736,100,11538,32.000355,36.014435,0,1,58-11538,11652,N/A
2025-11-23T00:39:23.929736,100,11520,32.000126,36.014256,298.39,1,58-11520,11653,N/A
2025-11-23T00:39:23.929736,100,93641,31.99996,36.015163,246.4,1,58-93641,11653,N/A
2025-11-23T00:39:23.929736,100,82779,31.963634,35.960278,36.1,1,58-82779,11653,N/A
2025-11-23T00:39:23.929736,100,10996,31.960546,35.956833,0,1,58-10996,11653,N/A
2025-11-23T00:39:23.929736,100,11544,31.961313,35.958122,0,1,58-11544,11653,N/A
2025-11-23T00:40:25.032298,99,22057,31.993145,35.918056,72.8,0,58-22057,11675,N/A
2025-11-23T00:40:25.032298,99,97202,31.993141,35.918846,75.09,0,58-97202,11671,N/A
2025-11-23T00:40:25.032298,99,32725,31.99941,36.014168,116.7,0,58-32725,10625,N/A
2025-11-23T00:40:25.032298,99,96335,31.94514,35.927013,105.5,0,58-96335,10641,N/A
2025-11-23T00:40:25.032298,99,72129,31.944706,35.928158,106.5,0,58-72129,10641,N/A
2025-11-23T00:40:25.032298,99,45556,32.020844,35.84248,286.7,0,58-45556,10612,N/A
2025-11-23T00:40:25.032298,99,11005,32.00024,36.015,0,0,58-11005,10625,N/A
2025-11-23T00:40:25.032298,99,28732,32.021748,35.842438,58.6,0,58-28732,10612,N/A
2025-11-23T00:40:25.032298,99,66163,32.02123,35.84215,346.2,0,58-66163,10612,N/A
2025-11-23T00:40:25.032298,99,56867,32.020847,35.842632,289.3,0,58-56867,10612,N/A
2025-11-23T00:40:25.032298,99,25354,31.944778,35.92804,106.1,0,58-25354,10641,N/A
2025-11-23T00:40:25.032298,99,11649,32.022224,35.845154,72.31,0,58-11649,10612,N/A
2025-11-23T00:40:25.032298,99,11547,32.00016,36.01502,0,0,58-11547,10622,N/A
2025-11-23T00:40:25.032298,99,37113,32.02191,35.843987,70,0,58-37113,10612,N/A
2025-11-23T00:40:25.032298,99,11718,31.94541,35.928734,0,0,58-11718,10635,N/A
2025-11-23T00:40:25.032298,99,49451,31.946053,35.92815,294.1,1,58-49451,10643,N/A
2025-11-23T00:40:25.032298,99,11670,32.00448,36.008205,0,1,58-11670,10636,N/A
2025-11-23T00:40:25.032298,99,11499,32.00014,36.015255,0,1,58-11499,10635,N/A
2025-11-23T00:40:25.032298,99,11526,32.0002,36.01552,0,1,58-11526,10622,N/A
2025-11-23T00:40:25.032298,99,73439,32.023087,35.848095,252.9,1,58-73439,10613,N/A
2025-11-23T00:40:25.032298,99,52827,31.94586,35.91979,285.5,1,58-52827,10643,N/A
2025-11-23T00:40:25.032298,99,11493,31.94533,35.928787,0,1,58-11493,10643,N/A
2025-11-23T00:40:25.032298,99,11496,32.00006,36.015587,192.2,1,58-11496,10642,N/A
2025-11-23T00:40:25.032298,100,50152,32.02873,35.863445,87.6,0,58-50152,10613,N/A
2025-11-23T00:40:25.032298,100,63240,32.001354,36.014027,197,0,58-63240,11649,N/A
2025-11-23T00:40:25.032298,100,98191,32.000126,36.015465,190.8,0,58-98191,10622,N/A
2025-11-23T00:40:25.032298,100,10975,31.999632,36.016132,197.68,0,58-10975,11649,N/A
2025-11-23T00:40:25.032298,100,48886,32.00026,36.015392,21.5,0,58-48886,11649,N/A
2025-11-23T00:40:25.032298,100,11523,32.000935,36.013863,197.6,0,58-11523,10612,N/A
2025-11-23T00:40:25.032298,100,11014,32.004826,36.014347,132.1,0,58-11014,10623,N/A
2025-11-23T00:40:25.032298,100,11724,32.000275,36.01534,0,0,58-11724,11648,N/A
2025-11-23T00:40:25.032298,100,40779,31.96065,35.95736,40.9,0,58-40779,11651,N/A
2025-11-23T00:40:25.032298,100,24926,31.999966,36.015114,232.1,0,58-24926,11653,N/A
2025-11-23T00:40:25.032298,100,50752,31.963205,35.959923,36.5,1,58-50752,11653,N/A
2025-11-23T00:40:25.032298,100,05961,31.999306,36.014336,111.8,1,58-95961,11653,N/A
2025-11-23T00:40:25.032298,100,16863,32.000065,36.01559,0,1,58-16863,11653,N/A
2025-11-23T00:40:25.032298,100,97599,31.992634,35.890064,309.89,1,58-97599,10622,N/A
2025-11-23T00:40:25.032298,100,10987,32.000244,36.01543,0,1,58-10987,11653,N/A
2025-11-23T00:40:25.032298,100,52302,31.964375,35.960926,34.79,1,58-52302,11653,N/A
2025-11-23T00:40:25.032298,100,21423,32.000317,36.01466,218.2,1,58-21423,11653,N/A
2025-11-23T00:40:25.032298,100,30732,32.004444,36.00834,359.4,1,58-30732,11653,N/A
2025-11-23T00:40:25.032298,100,95161,32.000343,36.014633,177.4,1,58-95161,11653,N/A
2025-11-23T00:40:25.032298,100,90702,32.021866,35.844257,43.9,1,58-90702,10613,N/A
2025-11-23T00:40:25.032298,100,10993,32.00027,36.014793,234.1,1,58-10993,11653,N/A
2025-11-23T00:40:25.032298,100,10981,31.999386,36.014343,0,1,58-10981,11651,N/A
2025-11-23T00:40:25.032298,100,11538,32.000355,36.014435,0,1,58-11538,11652,N/A
2025-11-23T00:40:25.032298,100,11520,32.000126,36.014256,298.39,1,58-11520,11653,N/A
2025-11-23T00:40:25.032298,100,93641,31.99996,36.015163,246.4,1,58-93641,11653,N/A
2025-11-23T00:40:25.032298,100,82779,31.963634,35.960278,36.1,1,58-82779,11653,N/A
2025-11-23T00:40:25.032298,100,10996,31.960546,35.956833,0,1,58-10996,11653,N/A
2025-11-23T00:40:25.032298,100,11544,31.961313,35.958122,0,1,58-11544,11653,N/A
2025-11-23T00:41:12.109178,99,22057,31.994095,35.922802,86.4,0,58-22057,10614,N/A
2025-11-23T00:41:12.109178,99,97202,31.993158,35.931328,102.6,0,58-97202,11671,N/A
2025-11-23T00:41:12.109178,99,32725,31.99941,36.014168,116.7,0,58-32725,10625,N/A
2025-11-23T00:41:12.109178,99,96335,31.94514,35.927013,105.5,0,58-96335,10641,N/A
2025-11-23T00:41:12.109178,99,72129,31.944706,35.928158,106.5,0,58-72129,10641,N/A
2025-11-23T00:41:12.109178,99,45556,32.020844,35.84248,286.7,0,58-45556,10612,N/A
2025-11-23T00:41:12.109178,99,11005,32.00024,36.015,0,0,58-11005,10625,N/A
2025-11-23T00:41:12.109178,99,28732,32.021492,35.842632,46.1,0,58-28732,10612,N/A
2025-11-23T00:41:12.109178,99,66163,32.02123,35.84215,346.2,0,58-66163,10612,N/A
2025-11-23T00:41:12.109178,99,56867,32.020847,35.842632,289.3,0,58-56867,10612,N/A
2025-11-23T00:41:12.109178,99,25354,31.944778,35.92804,106.1,0,58-25354,10641,N/A
2025-11-23T00:41:12.109178,99,11649,32.022224,35.845154,72.31,0,58-11649,10612,N/A
2025-11-23T00:41:12.109178,99,11547,32.00016,36.01502,0,0,58-11547,10622,N/A
2025-11-23T00:41:12.109178,99,37113,32.02158,35.842438,0,0,58-37113,10612,N/A
2025-11-23T00:41:12.109178,99,11718,31.94541,35.928734,0,0,58-11718,10635,N/A
2025-11-23T00:41:12.109178,99,49451,31.946053,35.92815,294.1,1,58-49451,10643,N/A
2025-11-23T00:41:12.109178,99,11670,32.00448,36.008205,0,1,58-11670,10636,N/A
2025-11-23T00:41:12.109178,99,11499,32.00014,36.015255,0,1,58-11499,10635,N/A
2025-11-23T00:41:12.109178,99,11526,32.0002,36.01552,0,1,58-11526,10622,N/A
2025-11-23T00:41:12.109178,99,73439,32.023087,35.848095,252.9,1,58-73439,10613,N/A
2025-11-23T00:41:12.109178,99,52827,31.94586,35.91979,285.5,1,58-52827,10643,N/A
2025-11-23T00:41:12.109178,99,11493,31.94533,35.928787,0,1,58-11493,10643,N/A
2025-11-23T00:41:12.109178,99,11496,32.00006,36.015587,192.2,1,58-11496,10642,N/A
2025-11-23T00:41:12.109178,100,50152,32.02868,35.868523,81.59,0,58-50152,10613,N/A
2025-11-23T00:41:12.109178,100,63240,32.001354,36.014027,197,0,58-63240,11649,N/A
2025-11-23T00:41:12.109178,100,98191,32.00009,36.015476,0,0,58-98191,10622,N/A
2025-11-23T00:41:12.109178,100,10975,31.999632,36.016132,197.68,0,58-10975,11649,N/A
2025-11-23T00:41:12.109178,100,48886,32.00026,36.015392,21.5,0,58-48886,11649,N/A
2025-11-23T00:41:12.109178,100,11523,32.000935,36.013863,197.6,0,58-11523,10612,N/A
2025-11-23T00:41:12.109178,100,11014,32.004826,36.014347,132.1,0,58-11014,10619,N/A
2025-11-23T00:41:12.109178,100,11724,32.000275,36.01534,0,0,58-11724,11648,N/A
2025-11-23T00:41:12.109178,100,40779,31.96065,35.95736,40.9,0,58-40779,11651,N/A
2025-11-23T00:41:12.109178,100,24926,31.999966,36.015114,232.1,0,58-24926,11653,N/A
2025-11-23T00:41:12.109178,100,50752,31.969706,35.967087,63,1,58-50752,11651,N/A
2025-11-23T00:41:12.109178,100,05961,31.999426,36.01535,107.3,1,58-95961,11653,N/A
2025-11-23T00:41:12.109178,100,16863,32.000065,36.01559,0,1,58-16863,11653,N/A
2025-11-23T00:41:12.109178,100,97599,31.992634,35.890064,309.89,1,58-97599,10622,N/A
2025-11-23T00:41:12.109178,100,10987,32.000244,36.01543,0,1,58-10987,11653,N/A
2025-11-23T00:41:12.109178,100,52302,31.964375,35.960926,34.79,1,58-52302,11653,N/A
2025-11-23T00:41:12.109178,100,21423,32.000317,36.01466,218.2,1,58-21423,11653,N/A
2025-11-23T00:41:12.109178,100,30732,32.004444,36.00834,359.4,1,58-30732,11651,N/A
2025-11-23T00:41:12.109178,100,95161,32.000343,36.014633,177.4,1,58-95161,11653,N/A
2025-11-23T00:41:12.109178,100,90702,32.021866,35.844257,43.9,1,58-90702,10613,N/A
2025-11-23T00:41:12.109178,100,10993,32.00027,36.014793,234.1,1,58-10993,11652,N/A
2025-11-23T00:41:12.109178,100,10981,31.999386,36.014343,0,1,58-10981,11653,N/A
2025-11-23T00:41:12.109178,100,11538,32.000355,36.014435,0,1,58-11538,11653,N/A
2025-11-23T00:41:12.109178,100,11520,32.000126,36.014256,298.39,1,58-11520,11653,N/A
2025-11-23T00:41:12.109178,100,93641,31.99996,36.015163,246.4,1,58-93641,11653,N/A
2025-11-23T00:41:12.109178,100,82779,31.963634,35.960278,36.1,1,58-82779,11653,N/A
2025-11-23T00:41:12.109178,100,10996,31.960546,35.956833,0,1,58-10996,11653,N/A
2025-11-23T00:41:12.109178,100,11544,31.961313,35.958122,0,1,58-11544,11653,N/A
2025-11-23T00:42:06.781014,99,22057,31.992752,35.932922,111,0,58-22057,10614,N/A
2025-11-23T00:42:06.781014,99,97202,31.989693,35.943466,106.4,0,58-97202,11671,N/A
2025-11-23T00:42:06.781014,99,32725,31.99941,36.014168,116.7,0,58-32725,10625,N/A
2025-11-23T00:42:06.781014,99,96335,31.94514,35.927013,105.5,0,58-96335,10641,N/A
2025-11-23T00:42:06.781014,99,72129,31.944706,35.928158,106.5,0,58-72129,10641,N/A
2025-11-23T00:42:06.781014,99,45556,32.020844,35.84248,286.7,0,58-45556,10612,N/A
2025-11-23T00:42:06.781014,99,11005,32.00024,36.015,0,0,58-11005,10625,N/A
2025-11-23T00:42:06.781014,99,28732,32.021492,35.842632,46.1,0,58-28732,10612,N/A
2025-11-23T00:42:06.781014,99,66163,32.02123,35.84215,346.2,0,58-66163,10612,N/A
2025-11-23T00:42:06.781014,99,56867,32.020847,35.842632,289.3,0,58-56867,10612,N/A
2025-11-23T00:42:06.781014,99,25354,31.944778,35.92804,106.1,0,58-25354,10641,N/A
2025-11-23T00:42:06.781014,99,11649,32.022224,35.845154,72.31,0,58-11649,10612,N/A
2025-11-23T00:42:06.781014,99,11547,32.00016,36.01502,0,0,58-11547,10622,N/A
2025-11-23T00:42:06.781014,99,37113,32.02158,35.842438,0,0,58-37113,10612,N/A
2025-11-23T00:42:06.781014,99,11718,31.94541,35.928734,0,0,58-11718,10635,N/A
2025-11-23T00:42:06.781014,99,49451,31.946053,35.92815,294.1,1,58-49451,10643,N/A
2025-11-23T00:42:06.781014,99,11670,32.00448,36.008205,0,1,58-11670,10636,N/A
2025-11-23T00:42:06.781014,99,11499,32.00014,36.015255,0,1,58-11499,10635,N/A
2025-11-23T00:42:06.781014,99,11526,32.0002,36.01552,0,1,58-11526,10622,N/A
2025-11-23T00:42:06.781014,99,73439,32.023087,35.848095,252.9,1,58-73439,10613,N/A
2025-11-23T00:42:06.781014,99,52827,31.94586,35.91979,285.5,1,58-52827,10643,N/A
2025-11-23T00:42:06.781014,99,11493,31.94533,35.928787,0,1,58-11493,10643,N/A
2025-11-23T00:42:06.781014,99,11496,32.00006,36.015587,192.2,1,58-11496,10642,N/A
2025-11-23T00:42:06.781014,100,50152,32.02927,35.871002,68.9,0,58-50152,10613,N/A
2025-11-23T00:42:06.781014,100,63240,32.001354,36.014027,197,0,58-63240,11649,N/A
2025-11-23T00:42:06.781014,100,98191,32.000126,36.015465,190.8,0,58-98191,10622,N/A
2025-11-23T00:42:06.781014,100,10975,31.999632,36.016132,197.68,0,58-10975,11649,N/A
2025-11-23T00:42:06.781014,100,48886,32.00026,36.015392,21.5,0,58-48886,11649,N/A
2025-11-23T00:42:06.781014,100,11523,32.000935,36.013863,197.6,0,58-11523,10612,N/A
2025-11-23T00:42:06.781014,100,11014,32.004826,36.014347,132.1,0,58-11014,10623,N/A
2025-11-23T00:42:06.781014,100,11724,32.000275,36.01534,0,0,58-11724,11648,N/A
2025-11-23T00:42:06.781014,100,40779,31.96065,35.95736,40.9,0,58-40779,11651,N/A
2025-11-23T00:42:06.781014,100,24926,31.999966,36.015114,232.1,0,58-24926,11653,N/A
2025-11-23T00:42:06.781014,100,50752,31.977793,35.971832,8.6,1,58-50752,11653,N/A
2025-11-23T00:42:06.781014,100,05961,32.000305,36.015625,291.89,1,58-95961,11653,N/A
2025-11-23T00:42:06.781014,100,16863,32.000065,36.01559,0,1,58-16863,11653,N/A
2025-11-23T00:42:06.781014,100,97599,31.992634,35.890064,309.89,1,58-97599,10622,N/A
2025-11-23T00:42:06.781014,100,10987,32.000244,36.01543,0,1,58-10987,11653,N/A
2025-11-23T00:42:06.781014,100,52302,31.964375,35.960926,34.79,1,58-52302,11653,N/A
2025-11-23T00:42:06.781014,100,21423,32.000317,36.01466,218.2,1,58-21423,11653,N/A
2025-11-23T00:42:06.781014,100,30732,32.004444,36.00834,359.4,1,58-30732,11653,N/A
2025-11-23T00:42:06.781014,100,95161,32.000343,36.014633,177.4,1,58-95161,11653,N/A
2025-11-23T00:42:06.781014,100,90702,32.021866,35.844257,43.9,1,58-90702,10613,N/A
2025-11-23T00:42:06.781014,100,10993,32.00027,36.014793,234.1,1,58-10993,11653,N/A
2025-11-23T00:42:06.781014,100,10981,31.999386,36.014343,0,1,58-10981,11651,N/A
2025-11-23T00:42:06.781014,100,11538,32.000355,36.014435,0,1,58-11538,11652,N/A
2025-11-23T00:42:06.781014,100,11520,32.000126,36.014256,298.39,1,58-11520,11653,N/A
2025-11-23T00:42:06.781014,100,93641,31.99996,36.015163,246.4,1,58-93641,11653,N/A
2025-11-23T00:42:06.781014,100,82779,31.963634,35.960278,36.1,1,58-82779,11653,N/A
2025-11-23T00:42:06.781014,100,10996,31.960546,35.956833,0,1,58-10996,11653,N/A
2025-11-23T00:42:06.781014,100,11544,31.961313,35.958122,0,1,58-11544,11653,N/A
2025-11-23T00:43:04.111558,99,22057,31.990131,35.942165,107.7,0,58-22057,10614,N/A
2025-11-23T00:43:04.111558,99,97202,31.988195,35.949287,92.1,0,58-97202,11671,N/A
2025-11-23T00:43:04.111558,99,32725,31.99941,36.014168,116.7,0,58-32725,10625,N/A
2025-11-23T00:43:04.111558,99,96335,31.94514,35.927013,105.5,0,58-96335,10641,N/A
2025-11-23T00:43:04.111558,99,72129,31.944706,35.928158,106.5,0,58-72129,10641,N/A
2025-11-23T00:43:04.111558,99,45556,32.020844,35.84248,286.7,0,58-45556,10612,N/A
2025-11-23T00:43:04.111558,99,11005,32.00024,36.015,0,0,58-11005,10625,N/A
2025-11-23T00:43:04.111558,99,28732,32.021492,35.842632,46.1,0,58-28732,10612,N/A
2025-11-23T00:43:04.111558,99,66163,32.02123,35.84215,346.2,0,58-66163,10612,N/A
2025-11-23T00:43:04.111558,99,56867,32.020847,35.842632,289.3,0,58-56867,10612,N/A
2025-11-23T00:43:04.111558,99,25354,31.944778,35.92804,106.1,0,58-25354,10641,N/A
2025-11-23T00:43:04.111558,99,11649,32.022224,35.845154,72.31,0,58-11649,10612,N/A
2025-11-23T00:43:04.111558,99,11547,32.00016,36.01502,0,0,58-11547,10622,N/A
2025-11-23T00:43:04.111558,99,37113,32.02158,35.842438,0,0,58-37113,10612,N/A
2025-11-23T00:43:04.111558,99,11718,31.94541,35.928734,0,0,58-11718,10635,N/A
2025-11-23T00:43:04.111558,99,49451,31.946053,35.92815,294.1,1,58-49451,10643,N/A
2025-11-23T00:43:04.111558,99,11670,32.00448,36.008205,0,1,58-11670,10636,N/A
2025-11-23T00:43:04.111558,99,11499,32.00014,36.015255,0,1,58-11499,10635,N/A
2025-11-23T00:43:04.111558,99,11526,32.0002,36.01552,0,1,58-11526,10622,N/A
2025-11-23T00:43:04.111558,99,73439,32.023087,35.848095,252.9,1,58-73439,10613,N/A
2025-11-23T00:43:04.111558,99,52827,31.94586,35.91979,285.5,1,58-52827,10643,N/A
2025-11-23T00:43:04.111558,99,11493,31.94533,35.928787,0,1,58-11493,10643,N/A
2025-11-23T00:43:04.111558,99,11496,32.00006,36.015587,192.2,1,58-11496,10642,N/A
2025-11-23T00:43:04.111558,100,50152,32.031136,35.877064,68.5,0,58-50152,10613,N/A
2025-11-23T00:43:04.111558,100,63240,32.001354,36.014027,197,0,58-63240,11649,N/A
2025-11-23T00:43:04.111558,100,98191,32.00009,36.015476,0,0,58-98191,10622,N/A
2025-11-23T00:43:04.111558,100,10975,31.999632,36.016132,197.68,0,58-10975,11649,N/A
2025-11-23T00:43:04.111558,100,48886,32.00026,36.015392,21.5,0,58-48886,11649,N/A
2025-11-23T00:43:04.111558,100,11523,32.000935,36.013863,197.6,0,58-11523,10612,N/A
2025-11-23T00:43:04.111558,100,11014,32.004826,36.014347,132.1,0,58-11014,10619,N/A
2025-11-23T00:43:04.111558,100,11724,32.000275,36.01534,0,0,58-11724,11648,N/A
2025-11-23T00:43:04.111558,100,40779,31.96065,35.95736,40.9,0,58-40779,11651,N/A
2025-11-23T00:43:04.111558,100,24926,31.999966,36.015114,232.1,0,58-24926,11653,N/A
2025-11-23T00:43:04.111558,100,50752,31.986572,35.976856,13.1,1,58-50752,11651,N/A
2025-11-23T00:43:04.111558,100,05961,32.00031,36.015423,31.1,1,58-95961,11653,N/A
2025-11-23T00:43:04.111558,100,16863,32.000065,36.01559,0,1,58-16863,11653,N/A
2025-11-23T00:43:04.111558,100,97599,31.992634,35.890064,309.89,1,58-97599,10622,N/A
2025-11-23T00:43:04.111558,100,10987,32.000244,36.01543,0,1,58-10987,11653,N/A
2025-11-23T00:43:04.111558,100,52302,31.964375,35.960926,34.79,1,58-52302,11653,N/A
2025-11-23T00:43:04.111558,100,21423,32.000317,36.01466,218.2,1,58-21423,11653,N/A
2025-11-23T00:43:04.111558,100,30732,32.004444,36.00834,359.4,1,58-30732,11651,N/A
2025-11-23T00:43:04.111558,100,95161,32.000343,36.014633,177.4,1,58-95161,11653,N/A
2025-11-23T00:43:04.111558,100,90702,32.021866,35.844257,43.9,1,58-90702,10613,N/A
2025-11-23T00:43:04.111558,100,10993,32.00027,36.014793,234.1,1,58-10993,11652,N/A
2025-11-23T00:43:04.111558,100,10981,31.999386,36.014343,0,1,58-10981,11653,N/A
2025-11-23T00:43:04.111558,100,11538,32.000355,36.014435,0,1,58-11538,11653,N/A
2025-11-23T00:43:04.111558,100,11520,32.000126,36.014256,298.39,1,58-11520,11653,N/A
2025-11-23T00:43:04.111558,100,93641,31.99996,36.015163,246.4,1,58-93641,11653,N/A
2025-11-23T00:43:04.111558,100,82779,31.963634,35.960278,36.1,1,58-82779,11653,N/A
2025-11-23T00:43:04.111558,100,10996,31.960546,35.956833,0,1,58-10996,11653,N/A
2025-11-23T00:43:04.111558,100,11544,31.961313,35.958122,0,1,58-11544,11653,N/A
2025-11-23T00:43:58.308377,99,22057,31.988543,35.94961,84.6,0,58-22057,11675,N/A
2025-11-23T00:43:58.308377,99,97202,31.988073,35.961926,108.3,0,58-97202,11671,N/A
2025-11-23T00:43:58.308377,99,32725,31.99941,36.014168,116.7,0,58-32725,10625,N/A
2025-11-23T00:43:58.308377,99,96335,31.94514,35.927013,105.5,0,58-96335,10641,N/A
2025-11-23T00:43:58.308377,99,72129,31.944706,35.928158,106.5,0,58-72129,10641,N/A
2025-11-23T00:43:58.308377,99,45556,32.020844,35.84248,286.7,0,58-45556,10612,N/A
2025-11-23T00:43:58.308377,99,11005,32.00024,36.015,0,0,58-11005,10625,N/A
2025-11-23T00:43:58.308377,99,28732,32.021748,35.842438,58.6,0,58-28732,10612,N/A
2025-11-23T00:43:58.308377,99,66163,32.02123,35.84215,346.2,0,58-66163,10612,N/A
2025-11-23T00:43:58.308377,99,56867,32.020847,35.842632,289.3,0,58-56867,10612,N/A
2025-11-23T00:43:58.308377,99,25354,31.944778,35.92804,106.1,0,58-25354,10641,N/A
2025-11-23T00:43:58.308377,99,11649,32.022224,35.845154,72.31,0,58-11649,10612,N/A
2025-11-23T00:43:58.308377,99,11547,32.00016,36.01502,0,0,58-11547,10622,N/A
2025-11-23T00:43:58.308377,99,37113,32.02191,35.843987,70,0,58-37113,10612,N/A
2025-11-23T00:43:58.308377,99,11718,31.94541,35.928734,0,0,58-11718,10635,N/A
2025-11-23T00:43:58.308377,99,49451,31.946053,35.92815,294.1,1,58-49451,10643,N/A
2025-11-23T00:43:58.308377,99,11670,32.00448,36.008205,0,1,58-11670,10636,N/A
2025-11-23T00:43:58.308377,99,11499,32.00014,36.015255,0,1,58-11499,10635,N/A
2025-11-23T00:43:58.308377,99,11526,32.0002,36.01552,0,1,58-11526,10622,N/A
2025-11-23T00:43:58.308377,99,73439,32.023087,35.848095,252.9,1,58-73439,10613,N/A
2025-11-23T00:43:58.308377,99,52827,31.94586,35.91979,285.5,1,58-52827,10643,N/A
2025-11-23T00:43:58.308377,99,11493,31.94533,35.928787,0,1,58-11493,10643,N/A
2025-11-23T00:43:58.308377,99,11496,32.00006,36.015587,192.2,1,58-11496,10642,N/A
2025-11-23T00:43:58.308377,100,50152,32.031097,35.87711,68.9,0,58-50152,10613,N/A
2025-11-23T00:43:58.308377,100,63240,32.001354,36.014027,197,0,58-63240,11649,N/A
2025-11-23T00:43:58.308377,100,98191,32.000126,36.015465,190.8,0,58-98191,10622,N/A
2025-11-23T00:43:58.308377,100,10975,31.999632,36.016132,197.68,0,58-10975,11649,N/A
2025-11-23T00:43:58.308377,100,48886,32.00026,36.015392,21.5,0,58-48886,11649,N/A
2025-11-23T00:43:58.308377,100,11523,32.000935,36.013863,197.6,0,58-11523,10612,N/A
2025-11-23T00:43:58.308377,100,11014,32.004826,36.014347,132.1,0,58-11014,10623,N/A
2025-11-23T00:43:58.308377,100,11724,32.000275,36.01534,0,0,58-11724,11648,N/A
2025-11-23T00:43:58.308377,100,40779,31.96065,35.95736,40.9,0,58-40779,11651,N/A
2025-11-23T00:43:58.308377,100,24926,31.999966,36.015114,232.1,0,58-24926,11653,N/A
2025-11-23T00:43:58.308377,100,50752,31.990814,35.979694,54.4,1,58-50752,11653,N/A
2025-11-23T00:43:58.308377,100,05961,32.000305,36.015427,31.1,1,58-95961,11653,N/A
2025-11-23T00:43:58.308377,100,16863,32.000065,36.01559,0,1,58-16863,11653,N/A
2025-11-23T00:43:58.308377,100,97599,31.992634,35.890064,309.89,1,58-97599,10622,N/A
2025-11-23T00:43:58.308377,100,10987,32.000244,36.01543,0,1,58-10987,11653,N/A
2025-11-23T00:43:58.308377,100,52302,31.964375,35.960926,34.79,1,58-52302,11653,N/A
2025-11-23T00:43:58.308377,100,21423,32.000317,36.01466,218.2,1,58-21423,11653,N/A
2025-11-23T00:43:58.308377,100,30732,32.004444,36.00834,359.4,1,58-30732,11653,N/A
2025-11-23T00:43:58.308377,100,95161,32.000343,36.014633,177.4,1,58-95161,11653,N/A
2025-11-23T00:43:58.308377,100,90702,32.021866,35.844257,43.9,1,58-90702,10613,N/A
2025-11-23T00:43:58.308377,100,10993,32.00027,36.014793,234.1,1,58-10993,11653,N/A
2025-11-23T00:43:58.308377,100,10981,31.999386,36.014343,0,1,58-10981,11651,N/A
2025-11-23T00:43:58.308377,100,11538,32.000355,36.014435,0,1,58-11538,11652,N/A
2025-11-23T00:43:58.308377,100,11520,32.000126,36.014256,298.39,1,58-11520,11653,N/A
2025-11-23T00:43:58.308377,100,93641,31.99996,36.015163,246.4,1,58-93641,11653,N/A
2025-11-23T00:43:58.308377,100,82779,31.963634,35.960278,36.1,1,58-82779,11653,N/A
2025-11-23T00:43:58.308377,100,10996,31.960546,35.956833,0,1,58-10996,11653,N/A
2025-11-23T00:43:58.308377,100,11544,31.961313,35.958122,0,1,58-11544,11653,N/A
2025-11-23T00:44:53.860189,99,22057,31.98851,35.951595,99.4,0,58-22057,10614,N/A
2025-11-23T00:44:53.860189,99,97202,31.98755,35.97285,61.7,0,58-97202,11671,N/A
2025-11-23T00:44:53.860189,99,32725,31.99941,36.014168,116.7,0,58-32725,10625,N/A
2025-11-23T00:44:53.860189,99,96335,31.94514,35.927013,105.5,0,58-96335,10641,N/A
2025-11-23T00:44:53.860189,99,72129,31.944706,35.928158,106.5,0,58-72129,10641,N/A
2025-11-23T00:44:53.860189,99,45556,32.020844,35.84248,286.7,0,58-45556,10612,N/A
2025-11-23T00:44:53.860189,99,11005,32.00024,36.015,0,0,58-11005,10625,N/A
2025-11-23T00:44:53.860189,99,28732,32.021492,35.842632,46.1,0,58-28732,10612,N/A
2025-11-23T00:44:53.860189,99,66163,32.02123,35.84215,346.2,0,58-66163,10612,N/A
2025-11-23T00:44:53.860189,99,56867,32.020847,35.842632,289.3,0,58-56867,10612,N/A
2025-11-23T00:44:53.860189,99,25354,31.944778,35.92804,106.1,0,58-25354,10641,N/A
2025-11-23T00:44:53.860189,99,11649,32.022224,35.845154,72.31,0,58-11649,10612,N/A
2025-11-23T00:44:53.860189,99,11547,32.00016,36.01502,0,0,58-11547,10622,N/A
2025-11-23T00:44:53.860189,99,37113,32.02158,35.842438,0,0,58-37113,10612,N/A
2025-11-23T00:44:53.860189,99,11718,31.94541,35.928734,0,0,58-11718,10635,N/A
2025-11-23T00:44:53.860189,99,49451,31.946053,35.92815,294.1,1,58-49451,10643,N/A
2025-11-23T00:44:53.860189,99,11670,32.00448,36.008205,0,1,58-11670,10636,N/A
2025-11-23T00:44:53.860189,99,11499,32.00014,36.015255,0,1,58-11499,10635,N/A
2025-11-23T00:44:53.860189,99,11526,32.0002,36.01552,0,1,58-11526,10622,N/A
2025-11-23T00:44:53.860189,99,73439,32.023087,35.848095,252.9,1,58-73439,10613,N/A
2025-11-23T00:44:53.860189,99,52827,31.94586,35.91979,285.5,1,58-52827,10643,N/A
2025-11-23T00:44:53.860189,99,11493,31.94533,35.928787,0,1,58-11493,10643,N/A
2025-11-23T00:44:53.860189,99,11496,32.00006,36.015587,192.2,1,58-11496,10642,N/A
2025-11-23T00:44:53.860189,100,50152,32.03171,35.880238,85.8,0,58-50152,10613,N/A
2025-11-23T00:44:53.860189,100,63240,32.001354,36.014027,197,0,58-63240,11649,N/A
2025-11-23T00:44:53.860189,100,98191,32.00009,36.015476,0,0,58-98191,10622,N/A
2025-11-23T00:44:53.860189,100,10975,31.999632,36.016132,197.68,0,58-10975,11649,N/A
2025-11-23T00:44:53.860189,100,48886,32.00026,36.015392,21.5,0,58-48886,11649,N/A
2025-11-23T00:44:53.860189,100,11523,32.000935,36.013863,197.6,0,58-11523,10612,N/A
2025-11-23T00:44:53.860189,100,11014,32.004826,36.014347,132.1,0,58-11014,10619,N/A
2025-11-23T00:44:53.860189,100,11724,32.000275,36.01534,0,0,58-11724,11648,N/A
2025-11-23T00:44:53.860189,100,40779,31.96065,35.95736,40.9,0,58-40779,11651,N/A
2025-11-23T00:44:53.860189,100,24926,31.999966,36.015114,232.1,0,58-24926,11653,N/A
2025-11-23T00:44:53.860189,100,50752,31.99363,35.99076,68.3,1,58-50752,11651,N/A
2025-11-23T00:44:53.860189,100,05961,32.00031,36.015427,31.1,1,58-95961,11653,N/A
2025-11-23T00:44:53.860189,100,16863,32.000065,36.01559,0,1,58-16863,11653,N/A
2025-11-23T00:44:53.860189,100,97599,31.992634,35.890064,309.89,1,58-97599,10622,N/A
2025-11-23T00:44:53.860189,100,10987,32.000244,36.01543,0,1,58-10987,11653,N/A
2025-11-23T00:44:53.860189,100,52302,31.964375,35.960926,34.79,1,58-52302,11653,N/A
2025-11-23T00:44:53.860189,100,21423,32.000317,36.01466,218.2,1,58-21423,11653,N/A
2025-11-23T00:44:53.860189,100,30732,32.004444,36.00834,359.4,1,58-30732,11651,N/A
2025-11-23T00:44:53.860189,100,95161,32.000343,36.014633,177.4,1,58-95161,11653,N/A
2025-11-23T00:44:53.860189,100,90702,32.021866,35.844257,43.9,1,58-90702,10613,N/A
2025-11-23T00:44:53.860189,100,10993,32.00027,36.014793,234.1,1,58-10993,11652,N/A
2025-11-23T00:44:53.860189,100,10981,31.999386,36.014343,0,1,58-10981,11653,N/A
2025-11-23T00:44:53.860189,100,11538,32.000355,36.014435,0,1,58-11538,11653,N/A
2025-11-23T00:44:53.860189,100,11520,32.000126,36.014256,298.39,1,58-11520,11653,N/A
2025-11-23T00:44:53.860189,100,93641,31.99996,36.015163,246.4,1,58-93641,11653,N/A
2025-11-23T00:44:53.860189,100,82779,31.963634,35.960278,36.1,1,58-82779,11653,N/A
2025-11-23T00:44:53.860189,100,10996,31.960546,35.956833,0,1,58-10996,11653,N/A
2025-11-23T00:44:53.860189,100,11544,31.961313,35.958122,0,1,58-11544,11653,N/A
2025-11-23T00:45:43.982587,99,22057,31.988506,35.951607,99.4,0,58-22057,11675,N/A
2025-11-23T00:45:43.982587,99,97202,31.992117,35.983246,76.59,0,58-97202,11671,N/A
2025-11-23T00:45:43.982587,99,32725,31.99941,36.014168,116.7,0,58-32725,10625,N/A
2025-11-23T00:45:43.982587,99,96335,31.94514,35.927013,105.5,0,58-96335,10641,N/A
2025-11-23T00:45:43.982587,99,72129,31.944706,35.928158,106.5,0,58-72129,10641,N/A
2025-11-23T00:45:43.982587,99,45556,32.020844,35.84248,286.7,0,58-45556,10612,N/A
2025-11-23T00:45:43.982587,99,11005,32.00024,36.015,0,0,58-11005,10625,N/A
2025-11-23T00:45:43.982587,99,28732,32.021748,35.842438,58.6,0,58-28732,10612,N/A
2025-11-23T00:45:43.982587,99,66163,32.02123,35.84215,346.2,0,58-66163,10612,N/A
2025-11-23T00:45:43.982587,99,56867,32.020847,35.842632,289.3,0,58-56867,10612,N/A
2025-11-23T00:45:43.982587,99,25354,31.944778,35.92804,106.1,0,58-25354,10641,N/A
2025-11-23T00:45:43.982587,99,11649,32.022224,35.845154,72.31,0,58-11649,10612,N/A
2025-11-23T00:45:43.982587,99,11547,32.00016,36.01502,0,0,58-11547,10622,N/A
2025-11-23T00:45:43.982587,99,37113,32.02191,35.843987,70,0,58-37113,10612,N/A
2025-11-23T00:45:43.982587,99,11718,31.94541,35.928734,0,0,58-11718,10635,N/A
2025-11-23T00:45:43.982587,99,49451,31.946053,35.92815,294.1,1,58-49451,10643,N/A
2025-11-23T00:45:43.982587,99,11670,32.00448,36.008205,0,1,58-11670,10636,N/A
2025-11-23T00:45:43.982587,99,11499,32.00014,36.015255,0,1,58-11499,10635,N/A
2025-11-23T00:45:43.982587,99,11526,32.0002,36.01552,0,1,58-11526,10622,N/A
2025-11-23T00:45:43.982587,99,73439,32.023087,35.848095,252.9,1,58-73439,10613,N/A
2025-11-23T00:45:43.982587,99,52827,31.94586,35.91979,285.5,1,58-52827,10643,N/A
2025-11-23T00:45:43.982587,99,11493,31.94533,35.928787,0,1,58-11493,10643,N/A
2025-11-23T00:45:43.982587,99,11496,32.00006,36.015587,192.2,1,58-11496,10642,N/A
2025-11-23T00:45:43.982587,100,50152,32.03172,35.881577,88.2,0,58-50152,10613,N/A
2025-11-23T00:45:43.982587,100,63240,32.001354,36.014027,197,0,58-63240,11649,N/A
2025-11-23T00:45:43.982587,100,98191,32.000126,36.015465,190.8,0,58-98191,10622,N/A
2025-11-23T00:45:43.982587,100,10975,31.999632,36.016132,197.68,0,58-10975,11649,N/A
2025-11-23T00:45:43.982587,100,48886,32.00026,36.015392,21.5,0,58-48886,11649,N/A
2025-11-23T00:45:43.982587,100,11523,32.000935,36.013863,197.6,0,58-11523,10612,N/A
2025-11-23T00:45:43.982587,100,11014,32.004826,36.014347,132.1,0,58-11014,10623,N/A
2025-11-23T00:45:43.982587,100,11724,32.000275,36.01534,0,0,58-11724,11648,N/A
2025-11-23T00:45:43.982587,100,40779,31.96065,35.95736,40.9,0,58-40779,11651,N/A
2025-11-23T00:45:43.982587,100,24926,31.999966,36.015114,232.1,0,58-24926,11653,N/A
2025-11-23T00:45:43.982587,100,50752,31.999508,35.99976,78.7,1,58-50752,11653,N/A
2025-11-23T00:45:43.982587,100,05961,32.00031,36.015427,31.1,1,58-95961,11653,N/A
2025-11-23T00:45:43.982587,100,16863,32.000065,36.01559,0,1,58-16863,11653,N/A
2025-11-23T00:45:43.982587,100,97599,31.992634,35.890064,309.89,1,58-97599,10622,N/A
2025-11-23T00:45:43.982587,100,10987,32.000244,36.01543,0,1,58-10987,11653,N/A
2025-11-23T00:45:43.982587,100,52302,31.964375,35.960926,34.79,1,58-52302,11653,N/A
2025-11-23T00:45:43.982587,100,21423,32.000317,36.01466,218.2,1,58-21423,11653,N/A
2025-11-23T00:45:43.982587,100,30732,32.004444,36.00834,359.4,1,58-30732,11653,N/A
2025-11-23T00:45:43.982587,100,95161,32.000343,36.014633,177.4,1,58-95161,11653,N/A
2025-11-23T00:45:43.982587,100,90702,32.021866,35.844257,43.9,1,58-90702,10613,N/A
2025-11-23T00:45:43.982587,100,10993,32.00027,36.014793,234.1,1,58-10993,11653,N/A
2025-11-23T00:45:43.982587,100,10981,31.999386,36.014343,0,1,58-10981,11651,N/A
2025-11-23T00:45:43.982587,100,11538,32.000355,36.014435,0,1,58-11538,11652,N/A
2025-11-23T00:45:43.982587,100,11520,32.000126,36.014256,298.39,1,58-11520,11653,N/A
2025-11-23T00:45:43.982587,100,93641,31.99996,36.015163,246.4,1,58-93641,11653,N/A
2025-11-23T00:45:43.982587,100,82779,31.963634,35.960278,36.1,1,58-82779,11653,N/A
2025-11-23T00:45:43.982587,100,10996,31.960546,35.956833,0,1,58-10996,11653,N/A
2025-11-23T00:45:43.982587,100,11544,31.961313,35.958122,0,1,58-11544,11653,N/A
2025-11-23T00:46:32.380712,99,22057,31.98848,35.95164,99.4,0,58-22057,11675,N/A
2025-11-23T00:46:32.380712,99,97202,31.993185,35.988804,78.2,0,58-97202,11671,N/A
2025-11-23T00:46:32.380712,99,32725,31.99941,36.014168,116.7,0,58-32725,10625,N/A
2025-11-23T00:46:32.380712,99,96335,31.94514,35.927013,105.5,0,58-96335,10641,N/A
2025-11-23T00:46:32.380712,99,72129,31.944706,35.928158,106.5,0,58-72129,10641,N/A
2025-11-23T00:46:32.380712,99,45556,32.020844,35.84248,286.7,0,58-45556,10612,N/A
2025-11-23T00:46:32.380712,99,11005,32.00024,36.015,0,0,58-11005,10625,N/A
2025-11-23T00:46:32.380712,99,28732,32.021748,35.842438,58.6,0,58-28732,10612,N/A
2025-11-23T00:46:32.380712,99,66163,32.02123,35.84215,346.2,0,58-66163,10612,N/A
2025-11-23T00:46:32.380712,99,56867,32.020847,35.842632,289.3,0,58-56867,10612,N/A
2025-11-23T00:46:32.380712,99,25354,31.944778,35.92804,106.1,0,58-25354,10641,N/A
2025-11-23T00:46:32.380712,99,11649,32.022224,35.845154,72.31,0,58-11649,10612,N/A
2025-11-23T00:46:32.380712,99,11547,32.00016,36.01502,0,0,58-11547,10622,N/A
2025-11-23T00:46:32.380712,99,37113,32.02191,35.843987,70,0,58-37113,10612,N/A
2025-11-23T00:46:32.380712,99,11718,31.94541,35.928734,0,0,58-11718,10635,N/A
2025-11-23T00:46:32.380712,99,49451,31.946053,35.92815,294.1,1,58-49451,10643,N/A
2025-11-23T00:46:32.380712,99,11670,32.00448,36.008205,0,1,58-11670,10636,N/A
2025-11-23T00:46:32.380712,99,11499,32.00014,36.015255,0,1,58-11499,10635,N/A
2025-11-23T00:46:32.380712,99,11526,32.0002,36.01552,0,1,58-11526,10622,N/A
2025-11-23T00:46:32.380712,99,73439,32.023087,35.848095,252.9,1,58-73439,10613,N/A
2025-11-23T00:46:32.380712,99,52827,31.94586,35.91979,285.5,1,58-52827,10643,N/A
2025-11-23T00:46:32.380712,99,11493,31.94533,35.928787,0,1,58-11493,10643,N/A
2025-11-23T00:46:32.380712,99,11496,32.00006,36.015587,192.2,1,58-11496,10642,N/A
2025-11-23T00:46:32.380712,100,50152,32.03135,35.88421,104.7,0,58-50152,10613,N/A
2025-11-23T00:46:32.380712,100,63240,32.001354,36.014027,197,0,58-63240,11649,N/A
2025-11-23T00:46:32.380712,100,98191,32.000126,36.015465,190.8,0,58-98191,10622,N/A
2025-11-23T00:46:32.380712,100,10975,31.999632,36.016132,197.68,0,58-10975,11649,N/A
2025-11-23T00:46:32.380712,100,48886,32.00026,36.015392,21.5,0,58-48886,11649,N/A
2025-11-23T00:46:32.380712,100,11523,32.000935,36.013863,197.6,0,58-11523,10612,N/A
2025-11-23T00:46:32.380712,100,11014,32.004826,36.014347,132.1,0,58-11014,10623,N/A
2025-11-23T00:46:32.380712,100,11724,32.000275,36.01534,0,0,58-11724,11648,N/A
2025-11-23T00:46:32.380712,100,40779,31.96065,35.95736,40.9,0,58-40779,11651,N/A
2025-11-23T00:46:32.380712,100,24926,31.999966,36.015114,232.1,0,58-24926,11653,N/A
2025-11-23T00:46:32.380712,100,50752,31.999659,36.005688,18.6,1,58-50752,11653,N/A
2025-11-23T00:46:32.380712,100,05961,32.00031,36.015427,31.1,1,58-95961,11653,N/A
2025-11-23T00:46:32.380712,100,16863,32.000065,36.01559,0,1,58-16863,11653,N/A
2025-11-23T00:46:32.380712,100,97599,31.992634,35.890064,309.89,1,58-97599,10622,N/A
2025-11-23T00:46:32.380712,100,10987,32.000244,36.01543,0,1,58-10987,11653,N/A
2025-11-23T00:46:32.380712,100,52302,31.964375,35.960926,34.79,1,58-52302,11653,N/A
2025-11-23T00:46:32.380712,100,21423,32.000317,36.01466,218.2,1,58-21423,11653,N/A
2025-11-23T00:46:32.380712,100,30732,32.004444,36.00834,359.4,1,58-30732,11653,N/A
2025-11-23T00:46:32.380712,100,95161,32.000343,36.014633,177.4,1,58-95161,11653,N/A
2025-11-23T00:46:32.380712,100,90702,32.021866,35.844257,43.9,1,58-90702,10613,N/A
2025-11-23T00:46:32.380712,100,10993,32.00027,36.014793,234.1,1,58-10993,11653,N/A
2025-11-23T00:46:32.380712,100,10981,31.999386,36.014343,0,1,58-10981,11651,N/A
2025-11-23T00:46:32.380712,100,11538,32.000355,36.014435,0,1,58-11538,11652,N/A
2025-11-23T00:46:32.380712,100,11520,32.000126,36.014256,298.39,1,58-11520,11653,N/A
2025-11-23T00:46:32.380712,100,93641,31.99996,36.015163,246.4,1,58-93641,11653,N/A
2025-11-23T00:46:32.380712,100,82779,31.963634,35.960278,36.1,1,58-82779,11653,N/A
2025-11-23T00:46:32.380712,100,10996,31.960546,35.956833,0,1,58-10996,11653,N/A
2025-11-23T00:46:32.380712,100,11544,31.961313,35.958122,0,1,58-11544,11653,N/A
2025-11-23T00:47:17.754303,99,22057,31.988564,35.952587,81.2,0,58-22057,11675,N/A
2025-11-23T00:47:17.754303,99,97202,31.99907,35.998123,66.5,0,58-97202,11671,N/A
2025-11-23T00:47:17.754303,99,32725,31.99941,36.014168,116.7,0,58-32725,10625,N/A
2025-11-23T00:47:17.754303,99,96335,31.94514,35.927013,105.5,0,58-96335,10641,N/A
2025-11-23T00:47:17.754303,99,72129,31.944706,35.928158,106.5,0,58-72129,10641,N/A
2025-11-23T00:47:17.754303,99,45556,32.020844,35.84248,286.7,0,58-45556,10612,N/A
2025-11-23T00:47:17.754303,99,11005,32.00024,36.015,0,0,58-11005,10625,N/A
2025-11-23T00:47:17.754303,99,28732,32.021748,35.842438,58.6,0,58-28732,10612,N/A
2025-11-23T00:47:17.754303,99,66163,32.02123,35.84215,346.2,0,58-66163,10612,N/A
2025-11-23T00:47:17.754303,99,56867,32.020847,35.842632,289.3,0,58-56867,10612,N/A
2025-11-23T00:47:17.754303,99,25354,31.944778,35.92804,106.1,0,58-25354,10641,N/A
2025-11-23T00:47:17.754303,99,11649,32.022224,35.845154,72.31,0,58-11649,10612,N/A
2025-11-23T00:47:17.754303,99,11547,32.00016,36.01502,0,0,58-11547,10622,N/A
2025-11-23T00:47:17.754303,99,37113,32.02191,35.843987,70,0,58-37113,10612,N/A
2025-11-23T00:47:17.754303,99,11718,31.94541,35.928734,0,0,58-11718,10635,N/A
2025-11-23T00:47:17.754303,99,49451,31.946053,35.92815,294.1,1,58-49451,10643,N/A
2025-11-23T00:47:17.754303,99,11670,32.00448,36.008205,0,1,58-11670,10636,N/A
2025-11-23T00:47:17.754303,99,11499,32.00014,36.015255,0,1,58-11499,10635,N/A
2025-11-23T00:47:17.754303,99,11526,32.0002,36.01552,0,1,58-11526,10622,N/A
2025-11-23T00:47:17.754303,99,73439,32.023087,35.848095,252.9,1,58-73439,10613,N/A
2025-11-23T00:47:17.754303,99,52827,31.94586,35.91979,285.5,1,58-52827,10643,N/A
2025-11-23T00:47:17.754303,99,11493,31.94533,35.928787,0,1,58-11493,10643,N/A
2025-11-23T00:47:17.754303,99,11496,32.00006,36.015587,192.2,1,58-11496,10642,N/A
2025-11-23T00:47:17.754303,100,50152,32.02852,35.89268,100.6,0,58-50152,10613,N/A
2025-11-23T00:47:17.754303,100,63240,32.001354,36.014027,197,0,58-63240,11649,N/A
2025-11-23T00:47:17.754303,100,98191,32.000126,36.015465,190.8,0,58-98191,10622,N/A
2025-11-23T00:47:17.754303,100,10975,31.999632,36.016132,197.68,0,58-10975,11649,N/A
2025-11-23T00:47:17.754303,100,48886,32.00026,36.015392,21.5,0,58-48886,11649,N/A
2025-11-23T00:47:17.754303,100,11523,32.000935,36.013863,197.6,0,58-11523,10612,N/A
2025-11-23T00:47:17.754303,100,11014,32.004826,36.014347,132.1,0,58-11014,10623,N/A
2025-11-23T00:47:17.754303,100,11724,32.000275,36.01534,0,0,58-11724,11648,N/A
2025-11-23T00:47:17.754303,100,40779,31.96065,35.95736,40.9,0,58-40779,11651,N/A
2025-11-23T00:47:17.754303,100,24926,31.999966,36.015114,232.1,0,58-24926,11653,N/A
2025-11-23T00:47:17.754303,100,50752,32.002594,36.007984,25,1,58-50752,11653,N/A
2025-11-23T00:47:17.754303,100,05961,32.00031,36.01543,31.1,1,58-95961,11653,N/A
2025-11-23T00:47:17.754303,100,16863,32.000065,36.01559,0,1,58-16863,11653,N/A
2025-11-23T00:47:17.754303,100,97599,31.992634,35.890064,309.89,1,58-97599,10622,N/A
2025-11-23T00:47:17.754303,100,10987,32.000244,36.01543,0,1,58-10987,11653,N/A
2025-11-23T00:47:17.754303,100,52302,31.964375,35.960926,34.79,1,58-52302,11653,N/A
2025-11-23T00:47:17.754303,100,21423,32.000317,36.01466,218.2,1,58-21423,11653,N/A
2025-11-23T00:47:17.754303,100,30732,32.004444,36.00834,359.4,1,58-30732,11653,N/A
2025-11-23T00:47:17.754303,100,95161,32.000343,36.014633,177.4,1,58-95161,11653,N/A
2025-11-23T00:47:17.754303,100,90702,32.021866,35.844257,43.9,1,58-90702,10613,N/A
2025-11-23T00:47:17.754303,100,10993,32.00027,36.014793,234.1,1,58-10993,11653,N/A
2025-11-23T00:47:17.754303,100,10981,31.999386,36.014343,0,1,58-10981,11651,N/A
2025-11-23T00:47:17.754303,100,11538,32.000355,36.014435,0,1,58-11538,11652,N/A
2025-11-23T00:47:17.754303,100,11520,32.000126,36.014256,298.39,1,58-11520,11653,N/A
2025-11-23T00:47:17.754303,100,93641,31.99996,36.015163,246.4,1,58-93641,11653,N/A
2025-11-23T00:47:17.754303,100,82779,31.963634,35.960278,36.1,1,58-82779,11653,N/A
2025-11-23T00:47:17.754303,100,10996,31.960546,35.956833,0,1,58-10996,11653,N/A
2025-11-23T00:47:17.754303,100,11544,31.961313,35.958122,0,1,58-11544,11653,N/A
2025-11-23T00:48:02.222574,99,22057,31.987982,35.96163,108.3,0,58-22057,10614,N/A
2025-11-23T00:48:02.222574,99,97202,31.999277,36.00396,106.3,0,58-97202,11671,N/A
2025-11-23T00:48:02.222574,99,32725,31.99941,36.014168,116.7,0,58-32725,10625,N/A
2025-11-23T00:48:02.222574,99,96335,31.94514,35.927013,105.5,0,58-96335,10641,N/A
2025-11-23T00:48:02.222574,99,72129,31.944706,35.928158,106.5,0,58-72129,10641,N/A
2025-11-23T00:48:02.222574,99,45556,32.020844,35.84248,286.7,0,58-45556,10612,N/A
2025-11-23T00:48:02.222574,99,11005,32.00024,36.015,0,0,58-11005,10625,N/A
2025-11-23T00:48:02.222574,99,28732,32.021492,35.842632,46.1,0,58-28732,10612,N/A
2025-11-23T00:48:02.222574,99,66163,32.02123,35.84215,346.2,0,58-66163,10612,N/A
2025-11-23T00:48:02.222574,99,56867,32.020847,35.842632,289.3,0,58-56867,10612,N/A
2025-11-23T00:48:02.222574,99,25354,31.944778,35.92804,106.1,0,58-25354,10641,N/A
2025-11-23T00:48:02.222574,99,11649,32.022224,35.845154,72.31,0,58-11649,10612,N/A
2025-11-23T00:48:02.222574,99,11547,32.00016,36.01502,0,0,58-11547,10622,N/A
2025-11-23T00:48:02.222574,99,37113,32.02158,35.842438,0,0,58-37113,10612,N/A
2025-11-23T00:48:02.222574,99,11718,31.94541,35.928734,0,0,58-11718,10635,N/A
2025-11-23T00:48:02.222574,99,49451,31.946053,35.92815,294.1,1,58-49451,10643,N/A
2025-11-23T00:48:02.222574,99,11670,32.00448,36.008205,0,1,58-11670,10636,N/A
2025-11-23T00:48:02.222574,99,11499,32.00014,36.015255,0,1,58-11499,10635,N/A
2025-11-23T00:48:02.222574,99,11526,32.0002,36.01552,0,1,58-11526,10622,N/A
2025-11-23T00:48:02.222574,99,73439,32.023087,35.848095,252.9,1,58-73439,10613,N/A
2025-11-23T00:48:02.222574,99,52827,31.94586,35.91979,285.5,1,58-52827,10643,N/A
2025-11-23T00:48:02.222574,99,11493,31.94533,35.928787,0,1,58-11493,10643,N/A
2025-11-23T00:48:02.222574,99,11496,32.00006,36.015587,192.2,1,58-11496,10642,N/A
2025-11-23T00:48:02.222574,100,50152,32.0279,35.89733,98.2,0,58-50152,10613,N/A
2025-11-23T00:48:02.222574,100,63240,32.001354,36.014027,197,0,58-63240,11649,N/A
2025-11-23T00:48:02.222574,100,98191,32.000126,36.015465,190.8,0,58-98191,10622,N/A
2025-11-23T00:48:02.222574,100,10975,31.999632,36.016132,197.68,0,58-10975,11649,N/A
2025-11-23T00:48:02.222574,100,48886,32.00026,36.015392,21.5,0,58-48886,11649,N/A
2025-11-23T00:48:02.222574,100,11523,32.000935,36.013863,197.6,0,58-11523,10612,N/A
2025-11-23T00:48:02.222574,100,11014,32.004826,36.014347,132.1,0,58-11014,10623,N/A
2025-11-23T00:48:02.222574,100,11724,32.000275,36.01534,0,0,58-11724,11648,N/A
2025-11-23T00:48:02.222574,100,40779,31.96065,35.95736,40.9,0,58-40779,11651,N/A
2025-11-23T00:48:02.222574,100,24926,31.999966,36.015114,232.1,0,58-24926,11653,N/A
2025-11-23T00:48:02.222574,100,50752,32.005714,36.010284,103.5,1,58-50752,11653,N/A
2025-11-23T00:48:02.222574,100,05961,32.00031,36.01543,31.1,1,58-95961,11653,N/A
2025-11-23T00:48:02.222574,100,16863,32.000065,36.01559,0,1,58-16863,11653,N/A
2025-11-23T00:48:02.222574,100,97599,31.992634,35.890064,309.89,1,58-97599,10622,N/A
2025-11-23T00:48:02.222574,100,10987,32.000244,36.01543,0,1,58-10987,11653,N/A
2025-11-23T00:48:02.222574,100,52302,31.964375,35.960926,34.79,1,58-52302,11653,N/A
2025-11-23T00:48:02.222574,100,21423,32.000317,36.01466,218.2,1,58-21423,11653,N/A
2025-11-23T00:48:02.222574,100,30732,32.004444,36.00834,359.4,1,58-30732,11653,N/A
2025-11-23T00:48:02.222574,100,95161,32.000343,36.014633,177.4,1,58-95161,11653,N/A
2025-11-23T00:48:02.222574,100,90702,32.021866,35.844257,43.9,1,58-90702,10613,N/A
2025-11-23T00:48:02.222574,100,10993,32.00027,36.014793,234.1,1,58-10993,11653,N/A
2025-11-23T00:48:02.222574,100,10981,31.999386,36.014343,0,1,58-10981,11651,N/A
2025-11-23T00:48:02.222574,100,11538,32.000355,36.014435,0,1,58-11538,11652,N/A
2025-11-23T00:48:02.222574,100,11520,32.000126,36.014256,298.39,1,58-11520,11653,N/A
2025-11-23T00:48:02.222574,100,93641,31.99996,36.015163,246.4,1,58-93641,11653,N/A
2025-11-23T00:48:02.222574,100,82779,31.963634,35.960278,36.1,1,58-82779,11653,N/A
2025-11-23T00:48:02.222574,100,10996,31.960546,35.956833,0,1,58-10996,11653,N/A
2025-11-23T00:48:02.222574,100,11544,31.961313,35.958122,0,1,58-11544,11653,N/A
2025-11-23T00:48:57.144366,99,22057,31.987293,35.971603,66.9,0,58-22057,11675,N/A
2025-11-23T00:48:57.144366,99,97202,32.002926,36.008102,19,0,58-97202,11671,N/A
2025-11-23T00:48:57.144366,99,32725,31.99941,36.014168,116.7,0,58-32725,10625,N/A
2025-11-23T00:48:57.144366,99,96335,31.94514,35.927013,105.5,0,58-96335,10641,N/A
2025-11-23T00:48:57.144366,99,72129,31.944706,35.928158,106.5,0,58-72129,10641,N/A
2025-11-23T00:48:57.144366,99,45556,32.020844,35.84248,286.7,0,58-45556,10612,N/A
2025-11-23T00:48:57.144366,99,11005,32.00024,36.015,0,0,58-11005,10625,N/A
2025-11-23T00:48:57.144366,99,28732,32.021748,35.842438,58.6,0,58-28732,10612,N/A
2025-11-23T00:48:57.144366,99,66163,32.02123,35.84215,346.2,0,58-66163,10612,N/A
2025-11-23T00:48:57.144366,99,56867,32.020847,35.842632,289.3,0,58-56867,10612,N/A
2025-11-23T00:48:57.144366,99,25354,31.944778,35.92804,106.1,0,58-25354,10641,N/A
2025-11-23T00:48:57.144366,99,11649,32.022224,35.845154,72.31,0,58-11649,10612,N/A
2025-11-23T00:48:57.144366,99,11547,32.00016,36.01502,0,0,58-11547,10622,N/A
2025-11-23T00:48:57.144366,99,37113,32.02191,35.843987,70,0,58-37113,10612,N/A
2025-11-23T00:48:57.144366,99,11718,31.94541,35.928734,0,0,58-11718,10635,N/A
2025-11-23T00:48:57.144366,99,49451,31.946053,35.92815,294.1,1,58-49451,10643,N/A
2025-11-23T00:48:57.144366,99,11670,32.00448,36.008205,0,1,58-11670,10636,N/A
2025-11-23T00:48:57.144366,99,11499,32.00014,36.015255,0,1,58-11499,10635,N/A
2025-11-23T00:48:57.144366,99,11526,32.0002,36.01552,0,1,58-11526,10622,N/A
2025-11-23T00:48:57.144366,99,73439,32.023087,35.848095,252.9,1,58-73439,10613,N/A
2025-11-23T00:48:57.144366,99,52827,31.94586,35.91979,285.5,1,58-52827,10643,N/A
2025-11-23T00:48:57.144366,99,11493,31.94533,35.928787,0,1,58-11493,10643,N/A
2025-11-23T00:48:57.144366,99,11496,32.00006,36.015587,192.2,1,58-11496,10642,N/A
2025-11-23T00:48:57.144366,100,50152,32.02766,35.907097,90.9,0,58-50152,10613,N/A
2025-11-23T00:48:57.144366,100,63240,32.001354,36.014027,197,0,58-63240,11649,N/A
2025-11-23T00:48:57.144366,100,98191,32.000126,36.015465,190.8,0,58-98191,10622,N/A
2025-11-23T00:48:57.144366,100,10975,31.999632,36.016132,197.68,0,58-10975,11649,N/A
2025-11-23T00:48:57.144366,100,48886,32.00026,36.015392,21.5,0,58-48886,11649,N/A
2025-11-23T00:48:57.144366,100,11523,32.000935,36.013863,197.6,0,58-11523,10612,N/A
2025-11-23T00:48:57.144366,100,11014,32.004826,36.014347,132.1,0,58-11014,10623,N/A
2025-11-23T00:48:57.144366,100,11724,32.000275,36.01534,0,0,58-11724,11648,N/A
2025-11-23T00:48:57.144366,100,40779,31.96065,35.95736,40.9,0,58-40779,11651,N/A
2025-11-23T00:48:57.144366,100,24926,31.999966,36.015114,232.1,0,58-24926,11653,N/A
2025-11-23T00:48:57.144366,100,50752,32.004566,36.014576,152.8,1,58-50752,11653,N/A
2025-11-23T00:48:57.144366,100,05961,32.00031,36.01543,31.1,1,58-95961,11653,N/A
2025-11-23T00:48:57.144366,100,16863,32.000065,36.01559,0,1,58-16863,11653,N/A
2025-11-23T00:48:57.144366,100,97599,31.992634,35.890064,309.89,1,58-97599,10622,N/A
2025-11-23T00:48:57.144366,100,10987,32.000244,36.01543,0,1,58-10987,11653,N/A
2025-11-23T00:48:57.144366,100,52302,31.964375,35.960926,34.79,1,58-52302,11653,N/A
2025-11-23T00:48:57.144366,100,21423,32.000317,36.01466,218.2,1,58-21423,11653,N/A
2025-11-23T00:48:57.144366,100,30732,32.004444,36.00834,359.4,1,58-30732,11653,N/A
2025-11-23T00:48:57.144366,100,95161,32.000343,36.014633,177.4,1,58-95161,11653,N/A
2025-11-23T00:48:57.144366,100,90702,32.021866,35.844257,43.9,1,58-90702,10613,N/A
2025-11-23T00:48:57.144366,100,10993,32.00027,36.014793,234.1,1,58-10993,11653,N/A
2025-11-23T00:48:57.144366,100,10981,31.999386,36.014343,0,1,58-10981,11651,N/A
2025-11-23T00:48:57.144366,100,11538,32.000355,36.014435,0,1,58-11538,11652,N/A
2025-11-23T00:48:57.144366,100,11520,32.000126,36.014256,298.39,1,58-11520,11653,N/A
2025-11-23T00:48:57.144366,100,93641,31.99996,36.015163,246.4,1,58-93641,11653,N/A
2025-11-23T00:48:57.144366,100,82779,31.963634,35.960278,36.1,1,58-82779,11653,N/A
2025-11-23T00:48:57.144366,100,10996,31.960546,35.956833,0,1,58-10996,11653,N/A
2025-11-23T00:48:57.144366,100,11544,31.961313,35.958122,0,1,58-11544,11653,N/A
2025-11-23T00:49:45.735423,99,22057,31.989103,35.97628,75.4,0,58-22057,11675,N/A
2025-11-23T00:49:45.735423,99,97202,32.005787,36.009975,103,0,58-97202,11671,N/A
2025-11-23T00:49:45.735423,99,32725,31.99941,36.014168,116.7,0,58-32725,10625,N/A
2025-11-23T00:49:45.735423,99,96335,31.94514,35.927013,105.5,0,58-96335,10641,N/A
2025-11-23T00:49:45.735423,99,72129,31.944706,35.928158,106.5,0,58-72129,10641,N/A
2025-11-23T00:49:45.735423,99,45556,32.020844,35.84248,286.7,0,58-45556,10612,N/A
2025-11-23T00:49:45.735423,99,11005,32.00024,36.015,0,0,58-11005,10625,N/A
2025-11-23T00:49:45.735423,99,28732,32.021748,35.842438,58.6,0,58-28732,10612,N/A
2025-11-23T00:49:45.735423,99,66163,32.02123,35.84215,346.2,0,58-66163,10612,N/A
2025-11-23T00:49:45.735423,99,56867,32.020847,35.842632,289.3,0,58-56867,10612,N/A
2025-11-23T00:49:45.735423,99,25354,31.944778,35.92804,106.1,0,58-25354,10641,N/A
2025-11-23T00:49:45.735423,99,11649,32.022224,35.845154,72.31,0,58-11649,10612,N/A
2025-11-23T00:49:45.735423,99,11547,32.00016,36.01502,0,0,58-11547,10622,N/A
2025-11-23T00:49:45.735423,99,37113,32.02191,35.843987,70,0,58-37113,10612,N/A
2025-11-23T00:49:45.735423,99,11718,31.94541,35.928734,0,0,58-11718,10635,N/A
2025-11-23T00:49:45.735423,99,49451,31.946053,35.92815,294.1,1,58-49451,10643,N/A
2025-11-23T00:49:45.735423,99,11670,32.00448,36.008205,0,1,58-11670,10636,N/A
2025-11-23T00:49:45.735423,99,11499,32.00014,36.015255,0,1,58-11499,10635,N/A
2025-11-23T00:49:45.735423,99,11526,32.0002,36.01552,0,1,58-11526,10622,N/A
2025-11-23T00:49:45.735423,99,73439,32.023087,35.848095,252.9,1,58-73439,10613,N/A
2025-11-23T00:49:45.735423,99,52827,31.94586,35.91979,285.5,1,58-52827,10643,N/A
2025-11-23T00:49:45.735423,99,11493,31.94533,35.928787,0,1,58-11493,10643,N/A
2025-11-23T00:49:45.735423,99,11496,32.00006,36.015587,192.2,1,58-11496,10642,N/A
2025-11-23T00:49:45.735423,100,50152,32.027058,35.91634,84.5,0,58-50152,10613,N/A
2025-11-23T00:49:45.735423,100,63240,32.001354,36.014027,197,0,58-63240,11649,N/A
2025-11-23T00:49:45.735423,100,98191,32.00009,36.015476,0,0,58-98191,10622,N/A
2025-11-23T00:49:45.735423,100,10975,31.999632,36.016132,197.68,0,58-10975,11649,N/A
2025-11-23T00:49:45.735423,100,48886,32.00026,36.015392,21.5,0,58-48886,11649,N/A
2025-11-23T00:49:45.735423,100,11523,32.000935,36.013863,197.6,0,58-11523,10612,N/A
2025-11-23T00:49:45.735423,100,11014,32.004826,36.014347,132.1,0,58-11014,10619,N/A
2025-11-23T00:49:45.735423,100,11724,32.000275,36.01534,0,0,58-11724,11648,N/A
2025-11-23T00:49:45.735423,100,40779,31.96065,35.95736,40.9,0,58-40779,11651,N/A
2025-11-23T00:49:45.735423,100,24926,31.999966,36.015114,232.1,0,58-24926,11653,N/A
2025-11-23T00:49:45.735423,100,50752,32.001427,36.01405,197.5,1,58-50752,11651,N/A
2025-11-23T00:49:45.735423,100,05961,32.00031,36.01543,31.1,1,58-95961,11653,N/A
2025-11-23T00:49:45.735423,100,16863,32.000065,36.01559,0,1,58-16863,11653,N/A
2025-11-23T00:49:45.735423,100,97599,31.992634,35.890064,309.89,1,58-97599,10622,N/A
2025-11-23T00:49:45.735423,100,10987,32.000244,36.01543,0,1,58-10987,11653,N/A
2025-11-23T00:49:45.735423,100,52302,31.964375,35.960926,34.79,1,58-52302,11653,N/A
2025-11-23T00:49:45.735423,100,21423,32.000317,36.01466,218.2,1,58-21423,11653,N/A
2025-11-23T00:49:45.735423,100,30732,32.004444,36.00834,359.4,1,58-30732,11651,N/A
2025-11-23T00:49:45.735423,100,95161,32.000343,36.014633,177.4,1,58-95161,11653,N/A
2025-11-23T00:49:45.735423,100,90702,32.021866,35.844257,43.9,1,58-90702,10613,N/A
2025-11-23T00:49:45.735423,100,10993,32.00027,36.014793,234.1,1,58-10993,11652,N/A
2025-11-23T00:49:45.735423,100,10981,31.999386,36.014343,0,1,58-10981,11653,N/A
2025-11-23T00:49:45.735423,100,11538,32.000355,36.014435,0,1,58-11538,11653,N/A
2025-11-23T00:49:45.735423,100,11520,32.000126,36.014256,298.39,1,58-11520,11653,N/A
2025-11-23T00:49:45.735423,100,93641,31.99996,36.015163,246.4,1,58-93641,11653,N/A
2025-11-23T00:49:45.735423,100,82779,31.963634,35.960278,36.1,1,58-82779,11653,N/A
2025-11-23T00:49:45.735423,100,10996,31.960546,35.956833,0,1,58-10996,11653,N/A
2025-11-23T00:49:45.735423,100,11544,31.961313,35.958122,0,1,58-11544,11653,N/A
2025-11-23T00:50:36.795154,99,22057,31.99274,35.985893,77.5,0,58-22057,10614,N/A
2025-11-23T00:50:36.795154,99,97202,32.00465,36.014492,147,0,58-97202,11671,N/A
2025-11-23T00:50:36.795154,99,32725,31.99941,36.014168,116.7,0,58-32725,10625,N/A
2025-11-23T00:50:36.795154,99,96335,31.94514,35.927013,105.5,0,58-96335,10641,N/A
2025-11-23T00:50:36.795154,99,72129,31.944706,35.928158,106.5,0,58-72129,10641,N/A
2025-11-23T00:50:36.795154,99,45556,32.020844,35.84248,286.7,0,58-45556,10612,N/A
2025-11-23T00:50:36.795154,99,11005,32.00024,36.015,0,0,58-11005,10625,N/A
2025-11-23T00:50:36.795154,99,28732,32.021492,35.842632,46.1,0,58-28732,10612,N/A
2025-11-23T00:50:36.795154,99,66163,32.02123,35.84215,346.2,0,58-66163,10612,N/A
2025-11-23T00:50:36.795154,99,56867,32.020847,35.842632,289.3,0,58-56867,10612,N/A
2025-11-23T00:50:36.795154,99,25354,31.944778,35.92804,106.1,0,58-25354,10641,N/A
2025-11-23T00:50:36.795154,99,11649,32.022224,35.845154,72.31,0,58-11649,10612,N/A
2025-11-23T00:50:36.795154,99,11547,32.00016,36.01502,0,0,58-11547,10622,N/A
2025-11-23T00:50:36.795154,99,37113,32.02158,35.842438,0,0,58-37113,10612,N/A
2025-11-23T00:50:36.795154,99,11718,31.94541,35.928734,0,0,58-11718,10635,N/A
2025-11-23T00:50:36.795154,99,49451,31.946053,35.92815,294.1,1,58-49451,10643,N/A
2025-11-23T00:50:36.795154,99,11670,32.00448,36.008205,0,1,58-11670,10636,N/A
2025-11-23T00:50:36.795154,99,11499,32.00014,36.015255,0,1,58-11499,10635,N/A
2025-11-23T00:50:36.795154,99,11526,32.0002,36.01552,0,1,58-11526,10622,N/A
2025-11-23T00:50:36.795154,99,73439,32.023087,35.848095,252.9,1,58-73439,10613,N/A
2025-11-23T00:50:36.795154,99,52827,31.94586,35.91979,285.5,1,58-52827,10643,N/A
2025-11-23T00:50:36.795154,99,11493,31.94533,35.928787,0,1,58-11493,10643,N/A
2025-11-23T00:50:36.795154,99,11496,32.00006,36.015587,192.2,1,58-11496,10642,N/A
2025-11-23T00:50:36.795154,100,50152,32.027103,35.917534,88.1,0,58-50152,10613,N/A
2025-11-23T00:50:36.795154,100,63240,32.001354,36.014027,197,0,58-63240,11649,N/A
2025-11-23T00:50:36.795154,100,98191,32.000126,36.015465,190.8,0,58-98191,10622,N/A
2025-11-23T00:50:36.795154,100,10975,31.999632,36.016132,197.68,0,58-10975,11649,N/A
2025-11-23T00:50:36.795154,100,48886,32.00026,36.015392,21.5,0,58-48886,11649,N/A
2025-11-23T00:50:36.795154,100,11523,32.000935,36.013863,197.6,0,58-11523,10612,N/A
2025-11-23T00:50:36.795154,100,11014,32.004826,36.014347,132.1,0,58-11014,10623,N/A
2025-11-23T00:50:36.795154,100,11724,32.000275,36.01534,0,0,58-11724,11648,N/A
2025-11-23T00:50:36.795154,100,40779,31.96065,35.95736,40.9,0,58-40779,11651,N/A
2025-11-23T00:50:36.795154,100,24926,31.999966,36.015114,232.1,0,58-24926,11653,N/A
2025-11-23T00:50:36.795154,100,50752,31.999838,36.01347,193.5,1,58-50752,11653,N/A
2025-11-23T00:50:36.795154,100,05961,32.00031,36.015434,31.1,1,58-95961,11653,N/A
2025-11-23T00:50:36.795154,100,16863,32.000065,36.01559,0,1,58-16863,11653,N/A
2025-11-23T00:50:36.795154,100,97599,31.992634,35.890064,309.89,1,58-97599,10622,N/A
2025-11-23T00:50:36.795154,100,10987,32.000244,36.01543,0,1,58-10987,11653,N/A
2025-11-23T00:50:36.795154,100,52302,31.964375,35.960926,34.79,1,58-52302,11653,N/A
2025-11-23T00:50:36.795154,100,21423,32.000317,36.01466,218.2,1,58-21423,11653,N/A
2025-11-23T00:50:36.795154,100,30732,32.004444,36.00834,359.4,1,58-30732,11653,N/A
2025-11-23T00:50:36.795154,100,95161,32.000343,36.014633,177.4,1,58-95161,11653,N/A
2025-11-23T00:50:36.795154,100,90702,32.021866,35.844257,43.9,1,58-90702,10613,N/A
2025-11-23T00:50:36.795154,100,10993,32.00027,36.014793,234.1,1,58-10993,11653,N/A
2025-11-23T00:50:36.795154,100,10981,31.999386,36.014343,0,1,58-10981,11651,N/A
2025-11-23T00:50:36.795154,100,11538,32.000355,36.014435,0,1,58-11538,11652,N/A
2025-11-23T00:50:36.795154,100,11520,32.000126,36.014256,298.39,1,58-11520,11653,N/A
2025-11-23T00:50:36.795154,100,93641,31.99996,36.015163,246.4,1,58-93641,11653,N/A
2025-11-23T00:50:36.795154,100,82779,31.963634,35.960278,36.1,1,58-82779,11653,N/A
2025-11-23T00:50:36.795154,100,10996,31.960546,35.956833,0,1,58-10996,11653,N/A
2025-11-23T00:50:36.795154,100,11544,31.961313,35.958122,0,1,58-11544,11653,N/A
2025-11-23T00:51:31.951040,99,22057,31.997921,35.995277,49.4,0,58-22057,11675,N/A
2025-11-23T00:51:31.951040,99,97202,32.000015,36.013496,198.1,0,58-97202,11671,N/A
2025-11-23T00:51:31.951040,99,32725,31.99941,36.014168,116.7,0,58-32725,10625,N/A
2025-11-23T00:51:31.951040,99,96335,31.94514,35.927013,105.5,0,58-96335,10641,N/A
2025-11-23T00:51:31.951040,99,72129,31.944706,35.928158,106.5,0,58-72129,10641,N/A
2025-11-23T00:51:31.951040,99,45556,32.020844,35.84248,286.7,0,58-45556,10612,N/A
2025-11-23T00:51:31.951040,99,11005,32.00024,36.015,0,0,58-11005,10625,N/A
2025-11-23T00:51:31.951040,99,28732,32.021748,35.842438,58.6,0,58-28732,10612,N/A
2025-11-23T00:51:31.951040,99,66163,32.02123,35.84215,346.2,0,58-66163,10612,N/A
2025-11-23T00:51:31.951040,99,56867,32.020847,35.842632,289.3,0,58-56867,10612,N/A
2025-11-23T00:51:31.951040,99,25354,31.944778,35.92804,106.1,0,58-25354,10641,N/A
2025-11-23T00:51:31.951040,99,11649,32.022224,35.845154,72.31,0,58-11649,10612,N/A
2025-11-23T00:51:31.951040,99,11547,32.00016,36.01502,0,0,58-11547,10622,N/A
2025-11-23T00:51:31.951040,99,37113,32.02191,35.843987,70,0,58-37113,10612,N/A
2025-11-23T00:51:31.951040,99,11718,31.94541,35.928734,0,0,58-11718,10635,N/A
2025-11-23T00:51:31.951040,99,49451,31.946053,35.92815,294.1,1,58-49451,10643,N/A
2025-11-23T00:51:31.951040,99,11670,32.00448,36.008205,0,1,58-11670,10636,N/A
2025-11-23T00:51:31.951040,99,11499,32.00014,36.015255,0,1,58-11499,10635,N/A
2025-11-23T00:51:31.951040,99,11526,32.0002,36.01552,0,1,58-11526,10622,N/A
2025-11-23T00:51:31.951040,99,73439,32.023087,35.848095,252.9,1,58-73439,10613,N/A
2025-11-23T00:51:31.951040,99,52827,31.94586,35.91979,285.5,1,58-52827,10643,N/A
2025-11-23T00:51:31.951040,99,11493,31.94533,35.928787,0,1,58-11493,10643,N/A
2025-11-23T00:51:31.951040,99,11496,32.00006,36.015587,192.2,1,58-11496,10642,N/A
2025-11-23T00:51:31.951040,100,50152,32.02578,35.9234,79,0,58-50152,10613,N/A
2025-11-23T00:51:31.951040,100,63240,32.001354,36.014027,197,0,58-63240,11649,N/A
2025-11-23T00:51:31.951040,100,98191,32.000126,36.015465,190.8,0,58-98191,10622,N/A
2025-11-23T00:51:31.951040,100,10975,31.999632,36.016132,197.68,0,58-10975,11649,N/A
2025-11-23T00:51:31.951040,100,48886,32.00026,36.015392,21.5,0,58-48886,11649,N/A
2025-11-23T00:51:31.951040,100,11523,32.000935,36.013863,197.6,0,58-11523,10612,N/A
2025-11-23T00:51:31.951040,100,11014,32.004826,36.014347,132.1,0,58-11014,10623,N/A
2025-11-23T00:51:31.951040,100,11724,32.000275,36.01534,0,0,58-11724,11648,N/A
2025-11-23T00:51:31.951040,100,40779,31.96065,35.95736,40.9,0,58-40779,11651,N/A
2025-11-23T00:51:31.951040,100,24926,31.999966,36.015114,232.1,0,58-24926,11653,N/A
2025-11-23T00:51:31.951040,100,50752,31.999575,36.013798,127.4,1,58-50752,11653,N/A
2025-11-23T00:51:31.951040,100,05961,32.00031,36.015434,31.1,1,58-95961,11653,N/A
2025-11-23T00:51:31.951040,100,16863,32.000065,36.01559,0,1,58-16863,11653,N/A
2025-11-23T00:51:31.951040,100,97599,31.992634,35.890064,309.89,1,58-97599,10622,N/A
2025-11-23T00:51:31.951040,100,10987,32.000244,36.01543,0,1,58-10987,11653,N/A
2025-11-23T00:51:31.951040,100,52302,31.964375,35.960926,34.79,1,58-52302,11653,N/A
2025-11-23T00:51:31.951040,100,21423,32.000317,36.01466,218.2,1,58-21423,11653,N/A
2025-11-23T00:51:31.951040,100,30732,32.004444,36.00834,359.4,1,58-30732,11653,N/A
2025-11-23T00:51:31.951040,100,95161,32.000343,36.014633,177.4,1,58-95161,11653,N/A
2025-11-23T00:51:31.951040,100,90702,32.021866,35.844257,43.9,1,58-90702,10613,N/A
2025-11-23T00:51:31.951040,100,10993,32.00027,36.014793,234.1,1,58-10993,11653,N/A
2025-11-23T00:51:31.951040,100,10981,31.999386,36.014343,0,1,58-10981,11651,N/A
2025-11-23T00:51:31.951040,100,11538,32.000355,36.014435,0,1,58-11538,11652,N/A
2025-11-23T00:51:31.951040,100,11520,32.000126,36.014256,298.39,1,58-11520,11653,N/A
2025-11-23T00:51:31.951040,100,93641,31.99996,36.015163,246.4,1,58-93641,11653,N/A
2025-11-23T00:51:31.951040,100,82779,31.963634,35.960278,36.1,1,58-82779,11653,N/A
2025-11-23T00:51:31.951040,100,10996,31.960546,35.956833,0,1,58-10996,11653,N/A
2025-11-23T00:51:31.951040,100,11544,31.961313,35.958122,0,1,58-11544,11653,N/A
2025-11-23T00:52:16.675046,99,22057,31.999557,36.00067,89.7,0,58-22057,10614,N/A
2025-11-23T00:52:16.675046,99,97202,31.999577,36.013794,116.8,0,58-97202,11671,N/A
2025-11-23T00:52:16.675046,99,32725,31.99941,36.014168,116.7,0,58-32725,10625,N/A
2025-11-23T00:52:16.675046,99,96335,31.94514,35.927013,105.5,0,58-96335,10641,N/A
2025-11-23T00:52:16.675046,99,72129,31.944706,35.928158,106.5,0,58-72129,10641,N/A
2025-11-23T00:52:16.675046,99,45556,32.020844,35.84248,286.7,0,58-45556,10612,N/A
2025-11-23T00:52:16.675046,99,11005,32.00024,36.015,0,0,58-11005,10625,N/A
2025-11-23T00:52:16.675046,99,28732,32.021492,35.842632,46.1,0,58-28732,10612,N/A
2025-11-23T00:52:16.675046,99,66163,32.02123,35.84215,346.2,0,58-66163,10612,N/A
2025-11-23T00:52:16.675046,99,56867,32.020847,35.842632,289.3,0,58-56867,10612,N/A
2025-11-23T00:52:16.675046,99,25354,31.944778,35.92804,106.1,0,58-25354,10641,N/A
2025-11-23T00:52:16.675046,99,11649,32.022224,35.845154,72.31,0,58-11649,10612,N/A
2025-11-23T00:52:16.675046,99,11547,32.00016,36.01502,0,0,58-11547,10622,N/A
2025-11-23T00:52:16.675046,99,37113,32.02158,35.842438,0,0,58-37113,10612,N/A
2025-11-23T00:52:16.675046,99,11718,31.94541,35.928734,0,0,58-11718,10635,N/A
2025-11-23T00:52:16.675046,99,49451,31.946053,35.92815,294.1,1,58-49451,10643,N/A
2025-11-23T00:52:16.675046,99,11670,32.00448,36.008205,0,1,58-11670,10636,N/A
2025-11-23T00:52:16.675046,99,11499,32.00014,36.015255,0,1,58-11499,10635,N/A
2025-11-23T00:52:16.675046,99,11526,32.0002,36.01552,0,1,58-11526,10622,N/A
2025-11-23T00:52:16.675046,99,73439,32.023087,35.848095,252.9,1,58-73439,10613,N/A
2025-11-23T00:52:16.675046,99,52827,31.94586,35.91979,285.5,1,58-52827,10643,N/A
2025-11-23T00:52:16.675046,99,11493,31.94533,35.928787,0,1,58-11493,10643,N/A
2025-11-23T00:52:16.675046,99,11496,32.00006,36.015587,192.2,1,58-11496,10642,N/A
2025-11-23T00:52:16.675046,100,50152,32.026382,35.92706,79.09,0,58-50152,10613,N/A
2025-11-23T00:52:16.675046,100,63240,32.001354,36.014027,197,0,58-63240,11649,N/A
2025-11-23T00:52:16.675046,100,98191,32.000126,36.015465,190.8,0,58-98191,10622,N/A
2025-11-23T00:52:16.675046,100,10975,31.999632,36.016132,197.68,0,58-10975,11649,N/A
2025-11-23T00:52:16.675046,100,48886,32.00026,36.015392,21.5,0,58-48886,11649,N/A
2025-11-23T00:52:16.675046,100,11523,32.000935,36.013863,197.6,0,58-11523,10612,N/A
2025-11-23T00:52:16.675046,100,11014,32.004826,36.014347,132.1,0,58-11014,10623,N/A
2025-11-23T00:52:16.675046,100,11724,32.000275,36.01534,0,0,58-11724,11648,N/A
2025-11-23T00:52:16.675046,100,40779,31.96065,35.95736,40.9,0,58-40779,11651,N/A
2025-11-23T00:52:16.675046,100,24926,31.999966,36.015114,232.1,0,58-24926,11653,N/A
2025-11-23T00:52:16.675046,100,50752,31.999342,36.014256,99.3,1,58-50752,11653,N/A
2025-11-23T00:52:16.675046,100,05961,32.00031,36.015434,31.1,1,58-95961,11653,N/A
2025-11-23T00:52:16.675046,100,16863,32.000065,36.01559,0,1,58-16863,11653,N/A
2025-11-23T00:52:16.675046,100,97599,31.992634,35.890064,309.89,1,58-97599,10622,N/A
2025-11-23T00:52:16.675046,100,10987,32.000244,36.01543,0,1,58-10987,11653,N/A
2025-11-23T00:52:16.675046,100,52302,31.964375,35.960926,34.79,1,58-52302,11653,N/A
2025-11-23T00:52:16.675046,100,21423,32.000317,36.01466,218.2,1,58-21423,11653,N/A
2025-11-23T00:52:16.675046,100,30732,32.004444,36.00834,359.4,1,58-30732,11653,N/A
2025-11-23T00:52:16.675046,100,95161,32.000343,36.014633,177.4,1,58-95161,11653,N/A
2025-11-23T00:52:16.675046,100,90702,32.021866,35.844257,43.9,1,58-90702,10613,N/A
2025-11-23T00:52:16.675046,100,10993,32.00027,36.014793,234.1,1,58-10993,11653,N/A
2025-11-23T00:52:16.675046,100,10981,31.999386,36.014343,0,1,58-10981,11651,N/A
2025-11-23T00:52:16.675046,100,11538,32.000355,36.014435,0,1,58-11538,11652,N/A
2025-11-23T00:52:16.675046,100,11520,32.000126,36.014256,298.39,1,58-11520,11653,N/A
2025-11-23T00:52:16.675046,100,93641,31.99996,36.015163,246.4,1,58-93641,11653,N/A
2025-11-23T00:52:16.675046,100,82779,31.963634,35.960278,36.1,1,58-82779,11653,N/A
2025-11-23T00:52:16.675046,100,10996,31.960546,35.956833,0,1,58-10996,11653,N/A
2025-11-23T00:52:16.675046,100,11544,31.961313,35.958122,0,1,58-11544,11653,N/A
2025-11-23T00:53:08.435325,99,22057,31.999336,36.00477,14.4,0,58-22057,10614,N/A
2025-11-23T00:53:08.435325,99,97202,31.999577,36.013798,116.8,0,58-97202,11671,N/A
2025-11-23T00:53:08.435325,99,32725,31.99941,36.014168,116.7,0,58-32725,10625,N/A
2025-11-23T00:53:08.435325,99,96335,31.94514,35.927013,105.5,0,58-96335,10641,N/A
2025-11-23T00:53:08.435325,99,72129,31.944706,35.928158,106.5,0,58-72129,10641,N/A
2025-11-23T00:53:08.435325,99,45556,32.020844,35.84248,286.7,0,58-45556,10612,N/A
2025-11-23T00:53:08.435325,99,11005,32.00024,36.015,0,0,58-11005,10625,N/A
2025-11-23T00:53:08.435325,99,28732,32.021492,35.842632,46.1,0,58-28732,10612,N/A
2025-11-23T00:53:08.435325,99,66163,32.02123,35.84215,346.2,0,58-66163,10612,N/A
2025-11-23T00:53:08.435325,99,56867,32.020847,35.842632,289.3,0,58-56867,10612,N/A
2025-11-23T00:53:08.435325,99,25354,31.944778,35.92804,106.1,0,58-25354,10641,N/A
2025-11-23T00:53:08.435325,99,11649,32.022224,35.845154,72.31,0,58-11649,10612,N/A
2025-11-23T00:53:08.435325,99,11547,32.00016,36.01502,0,0,58-11547,10622,N/A
2025-11-23T00:53:08.435325,99,37113,32.02158,35.842438,0,0,58-37113,10612,N/A
2025-11-23T00:53:08.435325,99,11718,31.94541,35.928734,0,0,58-11718,10635,N/A
2025-11-23T00:53:08.435325,99,49451,31.946053,35.92815,294.1,1,58-49451,10643,N/A
2025-11-23T00:53:08.435325,99,11670,32.00448,36.008205,0,1,58-11670,10636,N/A
2025-11-23T00:53:08.435325,99,11499,32.00014,36.015255,0,1,58-11499,10635,N/A
2025-11-23T00:53:08.435325,99,11526,32.0002,36.01552,0,1,58-11526,10622,N/A
2025-11-23T00:53:08.435325,99,73439,32.023087,35.848095,252.9,1,58-73439,10613,N/A
2025-11-23T00:53:08.435325,99,52827,31.94586,35.91979,285.5,1,58-52827,10643,N/A
2025-11-23T00:53:08.435325,99,11493,31.94533,35.928787,0,1,58-11493,10643,N/A
2025-11-23T00:53:08.435325,99,11496,32.00006,36.015587,192.2,1,58-11496,10642,N/A
2025-11-23T00:53:08.435325,100,50152,32.025425,35.93139,128.6,0,58-50152,10613,N/A
2025-11-23T00:53:08.435325,100,63240,32.001354,36.014027,197,0,58-63240,11649,N/A
2025-11-23T00:53:08.435325,100,98191,32.000126,36.015465,190.8,0,58-98191,10622,N/A
2025-11-23T00:53:08.435325,100,10975,31.999632,36.016132,197.68,0,58-10975,11649,N/A
2025-11-23T00:53:08.435325,100,48886,32.00026,36.015392,21.5,0,58-48886,11649,N/A
2025-11-23T00:53:08.435325,100,11523,32.000935,36.013863,197.6,0,58-11523,10612,N/A
2025-11-23T00:53:08.435325,100,11014,32.004826,36.014347,132.1,0,58-11014,10623,N/A
2025-11-23T00:53:08.435325,100,11724,32.000275,36.01534,0,0,58-11724,11648,N/A
2025-11-23T00:53:08.435325,100,40779,31.96065,35.95736,40.9,0,58-40779,11651,N/A
2025-11-23T00:53:08.435325,100,24926,31.999966,36.015114,232.1,0,58-24926,11653,N/A
2025-11-23T00:53:08.435325,100,50752,31.999334,36.014343,104.3,1,58-50752,11651,N/A
2025-11-23T00:53:08.435325,100,05961,32.000313,36.015434,31.1,1,58-95961,11653,N/A
2025-11-23T00:53:08.435325,100,16863,32.000065,36.01559,0,1,58-16863,11653,N/A
2025-11-23T00:53:08.435325,100,97599,31.992634,35.890064,309.89,1,58-97599,10622,N/A
2025-11-23T00:53:08.435325,100,10987,32.000244,36.01543,0,1,58-10987,11653,N/A
2025-11-23T00:53:08.435325,100,52302,31.964375,35.960926,34.79,1,58-52302,11653,N/A
2025-11-23T00:53:08.435325,100,21423,32.000317,36.01466,218.2,1,58-21423,11653,N/A
2025-11-23T00:53:08.435325,100,30732,32.004444,36.00834,359.4,1,58-30732,11651,N/A
2025-11-23T00:53:08.435325,100,95161,32.000343,36.014633,177.4,1,58-95161,11653,N/A
2025-11-23T00:53:08.435325,100,90702,32.021866,35.844257,43.9,1,58-90702,10613,N/A
2025-11-23T00:53:08.435325,100,10993,32.00027,36.014793,234.1,1,58-10993,11652,N/A
2025-11-23T00:53:08.435325,100,10981,31.999386,36.014343,0,1,58-10981,11653,N/A
2025-11-23T00:53:08.435325,100,11538,32.000355,36.014435,0,1,58-11538,11653,N/A
2025-11-23T00:53:08.435325,100,11520,32.000126,36.014256,298.39,1,58-11520,11653,N/A
2025-11-23T00:53:08.435325,100,93641,31.99996,36.015163,246.4,1,58-93641,11653,N/A
2025-11-23T00:53:08.435325,100,82779,31.963634,35.960278,36.1,1,58-82779,11653,N/A
2025-11-23T00:53:08.435325,100,10996,31.960546,35.956833,0,1,58-10996,11653,N/A
2025-11-23T00:53:08.435325,100,11544,31.961313,35.958122,0,1,58-11544,11653,N/A
2025-11-23T00:54:05.368130,99,22057,32.00341,36.007324,4.9,0,58-22057,10614,N/A
2025-11-23T00:54:05.368130,99,97202,31.99937,36.01431,112.5,0,58-97202,11671,N/A
2025-11-23T00:54:05.368130,99,32725,31.99941,36.014168,116.7,0,58-32725,10625,N/A
2025-11-23T00:54:05.368130,99,96335,31.94514,35.927013,105.5,0,58-96335,10641,N/A
2025-11-23T00:54:05.368130,99,72129,31.944706,35.928158,106.5,0,58-72129,10641,N/A
2025-11-23T00:54:05.368130,99,45556,32.020844,35.84248,286.7,0,58-45556,10612,N/A
2025-11-23T00:54:05.368130,99,11005,32.00024,36.015,0,0,58-11005,10625,N/A
2025-11-23T00:54:05.368130,99,28732,32.021492,35.842632,46.1,0,58-28732,10612,N/A
2025-11-23T00:54:05.368130,99,66163,32.02123,35.84215,346.2,0,58-66163,10612,N/A
2025-11-23T00:54:05.368130,99,56867,32.020847,35.842632,289.3,0,58-56867,10612,N/A
2025-11-23T00:54:05.368130,99,25354,31.944778,35.92804,106.1,0,58-25354,10641,N/A
2025-11-23T00:54:05.368130,99,11649,32.022224,35.845154,72.31,0,58-11649,10612,N/A
2025-11-23T00:54:05.368130,99,11547,32.00016,36.01502,0,0,58-11547,10622,N/A
2025-11-23T00:54:05.368130,99,37113,32.02158,35.842438,0,0,58-37113,10612,N/A
2025-11-23T00:54:05.368130,99,11718,31.94541,35.928734,0,0,58-11718,10635,N/A
2025-11-23T00:54:05.368130,99,49451,31.946053,35.92815,294.1,1,58-49451,10643,N/A
2025-11-23T00:54:05.368130,99,11670,32.00448,36.008205,0,1,58-11670,10636,N/A
2025-11-23T00:54:05.368130,99,11499,32.00014,36.015255,0,1,58-11499,10635,N/A
2025-11-23T00:54:05.368130,99,11526,32.0002,36.01552,0,1,58-11526,10622,N/A
2025-11-23T00:54:05.368130,99,73439,32.023087,35.848095,252.9,1,58-73439,10613,N/A
2025-11-23T00:54:05.368130,99,52827,31.94586,35.91979,285.5,1,58-52827,10643,N/A
2025-11-23T00:54:05.368130,99,11493,31.94533,35.928787,0,1,58-11493,10643,N/A
2025-11-23T00:54:05.368130,99,11496,32.00006,36.015587,192.2,1,58-11496,10642,N/A
2025-11-23T00:54:05.368130,100,50152,32.022827,35.93685,108.9,0,58-50152,10613,N/A
2025-11-23T00:54:05.368130,100,63240,32.001354,36.014027,197,0,58-63240,11649,N/A
2025-11-23T00:54:05.368130,100,98191,32.000126,36.015465,190.8,0,58-98191,10622,N/A
2025-11-23T00:54:05.368130,100,10975,31.999632,36.016132,197.68,0,58-10975,11649,N/A
2025-11-23T00:54:05.368130,100,48886,32.00026,36.015392,21.5,0,58-48886,11649,N/A
2025-11-23T00:54:05.368130,100,11523,32.000935,36.013863,197.6,0,58-11523,10612,N/A
2025-11-23T00:54:05.368130,100,11014,32.004826,36.014347,132.1,0,58-11014,10623,N/A
2025-11-23T00:54:05.368130,100,11724,32.000275,36.01534,0,0,58-11724,11648,N/A
2025-11-23T00:54:05.368130,100,40779,31.96065,35.95736,40.9,0,58-40779,11651,N/A
2025-11-23T00:54:05.368130,100,24926,31.999966,36.015114,232.1,0,58-24926,11653,N/A
2025-11-23T00:54:05.368130,100,50752,31.999334,36.014343,104.3,1,58-50752,11651,N/A
2025-11-23T00:54:05.368130,100,05961,32.000313,36.015434,31.1,1,58-95961,11653,N/A
2025-11-23T00:54:05.368130,100,16863,32.000065,36.01559,0,1,58-16863,11653,N/A
2025-11-23T00:54:05.368130,100,97599,31.992634,35.890064,309.89,1,58-97599,10622,N/A
2025-11-23T00:54:05.368130,100,10987,32.000244,36.01543,0,1,58-10987,11653,N/A
2025-11-23T00:54:05.368130,100,52302,31.964375,35.960926,34.79,1,58-52302,11653,N/A
2025-11-23T00:54:05.368130,100,21423,32.000317,36.01466,218.2,1,58-21423,11653,N/A
2025-11-23T00:54:05.368130,100,30732,32.004444,36.00834,359.4,1,58-30732,11651,N/A
2025-11-23T00:54:05.368130,100,95161,32.000343,36.014633,177.4,1,58-95161,11653,N/A
2025-11-23T00:54:05.368130,100,90702,32.021866,35.844257,43.9,1,58-90702,10613,N/A
2025-11-23T00:54:05.368130,100,10993,32.00027,36.014793,234.1,1,58-10993,11652,N/A
2025-11-23T00:54:05.368130,100,10981,31.999386,36.014343,0,1,58-10981,11653,N/A
2025-11-23T00:54:05.368130,100,11538,32.000355,36.014435,0,1,58-11538,11653,N/A
2025-11-23T00:54:05.368130,100,11520,32.000126,36.014256,298.39,1,58-11520,11653,N/A
2025-11-23T00:54:05.368130,100,93641,31.99996,36.015163,246.4,1,58-93641,11653,N/A
2025-11-23T00:54:05.368130,100,82779,31.963634,35.960278,36.1,1,58-82779,11653,N/A
2025-11-23T00:54:05.368130,100,10996,31.960546,35.956833,0,1,58-10996,11653,N/A
2025-11-23T00:54:05.368130,100,11544,31.961313,35.958122,0,1,58-11544,11653,N/A
2025-11-23T00:54:50.855019,99,22057,32.00683,36.00903,101.6,0,58-22057,10614,N/A
2025-11-23T00:54:50.855019,99,97202,31.99937,36.01431,112.5,0,58-97202,11671,N/A
2025-11-23T00:54:50.855019,99,32725,31.99941,36.014168,116.7,0,58-32725,10625,N/A
2025-11-23T00:54:50.855019,99,96335,31.94514,35.927013,105.5,0,58-96335,10641,N/A
2025-11-23T00:54:50.855019,99,72129,31.944706,35.928158,106.5,0,58-72129,10641,N/A
2025-11-23T00:54:50.855019,99,45556,32.020844,35.84248,286.7,0,58-45556,10612,N/A
2025-11-23T00:54:50.855019,99,11005,32.00024,36.015,0,0,58-11005,10625,N/A
2025-11-23T00:54:50.855019,99,28732,32.021492,35.842632,46.1,0,58-28732,10612,N/A
2025-11-23T00:54:50.855019,99,66163,32.02123,35.84215,346.2,0,58-66163,10612,N/A
2025-11-23T00:54:50.855019,99,56867,32.020847,35.842632,289.3,0,58-56867,10612,N/A
2025-11-23T00:54:50.855019,99,25354,31.944778,35.92804,106.1,0,58-25354,10641,N/A
2025-11-23T00:54:50.855019,99,11649,32.022224,35.845154,72.31,0,58-11649,10612,N/A
2025-11-23T00:54:50.855019,99,11547,32.00016,36.01502,0,0,58-11547,10622,N/A
2025-11-23T00:54:50.855019,99,37113,32.02158,35.842438,0,0,58-37113,10612,N/A
2025-11-23T00:54:50.855019,99,11718,31.94541,35.928734,0,0,58-11718,10635,N/A
2025-11-23T00:54:50.855019,99,49451,31.946053,35.92815,294.1,1,58-49451,10643,N/A
2025-11-23T00:54:50.855019,99,11670,32.00448,36.008205,0,1,58-11670,10636,N/A
2025-11-23T00:54:50.855019,99,11499,32.00014,36.015255,0,1,58-11499,10635,N/A
2025-11-23T00:54:50.855019,99,11526,32.0002,36.01552,0,1,58-11526,10622,N/A
2025-11-23T00:54:50.855019,99,73439,32.023087,35.848095,252.9,1,58-73439,10613,N/A
2025-11-23T00:54:50.855019,99,52827,31.94586,35.91979,285.5,1,58-52827,10643,N/A
2025-11-23T00:54:50.855019,99,11493,31.94533,35.928787,0,1,58-11493,10643,N/A
2025-11-23T00:54:50.855019,99,11496,32.00006,36.015587,192.2,1,58-11496,10642,N/A
2025-11-23T00:54:50.855019,100,50152,32.02084,35.943092,115.2,0,58-50152,10613,N/A
2025-11-23T00:54:50.855019,100,63240,32.001354,36.014027,197,0,58-63240,11649,N/A
2025-11-23T00:54:50.855019,100,98191,32.000126,36.015465,190.8,0,58-98191,10622,N/A
2025-11-23T00:54:50.855019,100,10975,31.999632,36.016132,197.68,0,58-10975,11649,N/A
2025-11-23T00:54:50.855019,100,48886,32.00026,36.015392,21.5,0,58-48886,11649,N/A
2025-11-23T00:54:50.855019,100,11523,32.000935,36.013863,197.6,0,58-11523,10612,N/A
2025-11-23T00:54:50.855019,100,11014,32.004826,36.014347,132.1,0,58-11014,10623,N/A
2025-11-23T00:54:50.855019,100,11724,32.000275,36.01534,0,0,58-11724,11648,N/A
2025-11-23T00:54:50.855019,100,40779,31.96065,35.95736,40.9,0,58-40779,11651,N/A
2025-11-23T00:54:50.855019,100,24926,31.999966,36.015114,232.1,0,58-24926,11653,N/A
2025-11-23T00:54:50.855019,100,50752,31.999334,36.014343,104.3,1,58-50752,11653,N/A
2025-11-23T00:54:50.855019,100,05961,32.000313,36.015434,31.1,1,58-95961,11653,N/A
2025-11-23T00:54:50.855019,100,16863,32.000065,36.01559,0,1,58-16863,11653,N/A
2025-11-23T00:54:50.855019,100,97599,31.992634,35.890064,309.89,1,58-97599,10622,N/A
2025-11-23T00:54:50.855019,100,10987,32.000244,36.01543,0,1,58-10987,11653,N/A
2025-11-23T00:54:50.855019,100,52302,31.964375,35.960926,34.79,1,58-52302,11653,N/A
2025-11-23T00:54:50.855019,100,21423,32.000317,36.01466,218.2,1,58-21423,11653,N/A
2025-11-23T00:54:50.855019,100,30732,32.004444,36.00834,359.4,1,58-30732,11653,N/A
2025-11-23T00:54:50.855019,100,95161,32.000343,36.014633,177.4,1,58-95161,11653,N/A
2025-11-23T00:54:50.855019,100,90702,32.021866,35.844257,43.9,1,58-90702,10613,N/A
2025-11-23T00:54:50.855019,100,10993,32.00027,36.014793,234.1,1,58-10993,11653,N/A
2025-11-23T00:54:50.855019,100,10981,31.999386,36.014343,0,1,58-10981,11651,N/A
2025-11-23T00:54:50.855019,100,11538,32.000355,36.014435,0,1,58-11538,11652,N/A
2025-11-23T00:54:50.855019,100,11520,32.000126,36.014256,298.39,1,58-11520,11653,N/A
2025-11-23T00:54:50.855019,100,93641,31.99996,36.015163,246.4,1,58-93641,11653,N/A
2025-11-23T00:54:50.855019,100,82779,31.963634,35.960278,36.1,1,58-82779,11653,N/A
2025-11-23T00:54:50.855019,100,10996,31.960546,35.956833,0,1,58-10996,11653,N/A
2025-11-23T00:54:50.855019,100,11544,31.961313,35.958122,0,1,58-11544,11653,N/A
2025-11-23T00:55:49.302162,99,22057,32.006462,36.01249,101.4,0,58-22057,10614,N/A
2025-11-23T00:55:49.302162,99,97202,31.99937,36.01431,112.5,0,58-97202,11671,N/A
2025-11-23T00:55:49.302162,99,32725,31.99941,36.014168,116.7,0,58-32725,10625,N/A
2025-11-23T00:55:49.302162,99,96335,31.94514,35.927013,105.5,0,58-96335,10641,N/A
2025-11-23T00:55:49.302162,99,72129,31.944706,35.928158,106.5,0,58-72129,10641,N/A
2025-11-23T00:55:49.302162,99,45556,32.020844,35.84248,286.7,0,58-45556,10612,N/A
2025-11-23T00:55:49.302162,99,11005,32.00024,36.015,0,0,58-11005,10625,N/A
2025-11-23T00:55:49.302162,99,28732,32.021492,35.842632,46.1,0,58-28732,10612,N/A
2025-11-23T00:55:49.302162,99,66163,32.02123,35.84215,346.2,0,58-66163,10612,N/A
2025-11-23T00:55:49.302162,99,56867,32.020847,35.842632,289.3,0,58-56867,10612,N/A
2025-11-23T00:55:49.302162,99,25354,31.944778,35.92804,106.1,0,58-25354,10641,N/A
2025-11-23T00:55:49.302162,99,11649,32.022224,35.845154,72.31,0,58-11649,10612,N/A
2025-11-23T00:55:49.302162,99,11547,32.00016,36.01502,0,0,58-11547,10622,N/A
2025-11-23T00:55:49.302162,99,37113,32.02158,35.842438,0,0,58-37113,10612,N/A
2025-11-23T00:55:49.302162,99,11718,31.94541,35.928734,0,0,58-11718,10635,N/A
2025-11-23T00:55:49.302162,99,49451,31.946053,35.92815,294.1,1,58-49451,10643,N/A
2025-11-23T00:55:49.302162,99,11670,32.00448,36.008205,0,1,58-11670,10636,N/A
2025-11-23T00:55:49.302162,99,11499,32.00014,36.015255,0,1,58-11499,10635,N/A
2025-11-23T00:55:49.302162,99,11526,32.0002,36.01552,0,1,58-11526,10622,N/A
2025-11-23T00:55:49.302162,99,73439,32.023087,35.848095,252.9,1,58-73439,10613,N/A
2025-11-23T00:55:49.302162,99,52827,31.94586,35.91979,285.5,1,58-52827,10643,N/A
2025-11-23T00:55:49.302162,99,11493,31.94533,35.928787,0,1,58-11493,10643,N/A
2025-11-23T00:55:49.302162,99,11496,32.00006,36.015587,192.2,1,58-11496,10642,N/A
2025-11-23T00:55:49.302162,100,50152,32.023823,35.952553,65.5,0,58-50152,10613,N/A
2025-11-23T00:55:49.302162,100,63240,32.001354,36.014027,197,0,58-63240,11649,N/A
2025-11-23T00:55:49.302162,100,98191,32.00009,36.015476,0,0,58-98191,10622,N/A
2025-11-23T00:55:49.302162,100,10975,31.999632,36.016132,197.68,0,58-10975,11649,N/A
2025-11-23T00:55:49.302162,100,48886,32.00026,36.015392,21.5,0,58-48886,11649,N/A
2025-11-23T00:55:49.302162,100,11523,32.000935,36.013863,197.6,0,58-11523,10612,N/A
2025-11-23T00:55:49.302162,100,11014,32.004826,36.014347,132.1,0,58-11014,10619,N/A
2025-11-23T00:55:49.302162,100,11724,32.000275,36.01534,0,0,58-11724,11648,N/A
2025-11-23T00:55:49.302162,100,40779,31.96065,35.95736,40.9,0,58-40779,11651,N/A
2025-11-23T00:55:49.302162,100,24926,31.999966,36.015114,232.1,0,58-24926,11653,N/A
2025-11-23T00:55:49.302162,100,50752,31.99933,36.01435,104.3,1,58-50752,11651,N/A
2025-11-23T00:55:49.302162,100,05961,32.000313,36.015438,31.1,1,58-95961,11653,N/A
2025-11-23T00:55:49.302162,100,16863,32.000065,36.01559,0,1,58-16863,11653,N/A
2025-11-23T00:55:49.302162,100,97599,31.992634,35.890064,309.89,1,58-97599,10622,N/A
2025-11-23T00:55:49.302162,100,10987,32.000244,36.01543,0,1,58-10987,11653,N/A
2025-11-23T00:55:49.302162,100,52302,31.964375,35.960926,34.79,1,58-52302,11653,N/A
2025-11-23T00:55:49.302162,100,21423,32.000317,36.01466,218.2,1,58-21423,11653,N/A
2025-11-23T00:55:49.302162,100,30732,32.004444,36.00834,359.4,1,58-30732,11651,N/A
2025-11-23T00:55:49.302162,100,95161,32.000343,36.014633,177.4,1,58-95161,11653,N/A
2025-11-23T00:55:49.302162,100,90702,32.021866,35.844257,43.9,1,58-90702,10613,N/A
2025-11-23T00:55:49.302162,100,10993,32.00027,36.014793,234.1,1,58-10993,11652,N/A
2025-11-23T00:55:49.302162,100,10981,31.999386,36.014343,0,1,58-10981,11653,N/A
2025-11-23T00:55:49.302162,100,11538,32.000355,36.014435,0,1,58-11538,11653,N/A
2025-11-23T00:55:49.302162,100,11520,32.000126,36.014256,298.39,1,58-11520,11653,N/A
2025-11-23T00:55:49.302162,100,93641,31.99996,36.015163,246.4,1,58-93641,11653,N/A
2025-11-23T00:55:49.302162,100,82779,31.963634,35.960278,36.1,1,58-82779,11653,N/A
2025-11-23T00:55:49.302162,100,10996,31.960546,35.956833,0,1,58-10996,11653,N/A
2025-11-23T00:55:49.302162,100,11544,31.961313,35.958122,0,1,58-11544,11653,N/A
2025-11-23T00:56:35.386459,99,22057,32.002773,36.014072,199.1,0,58-22057,11675,N/A
2025-11-23T00:56:35.386459,99,97202,31.99937,36.01431,112.5,0,58-97202,11671,N/A
2025-11-23T00:56:35.386459,99,32725,31.99941,36.014168,116.7,0,58-32725,10625,N/A
2025-11-23T00:56:35.386459,99,96335,31.94514,35.927013,105.5,0,58-96335,10641,N/A
2025-11-23T00:56:35.386459,99,72129,31.944706,35.928158,106.5,0,58-72129,10641,N/A
2025-11-23T00:56:35.386459,99,45556,32.020844,35.84248,286.7,0,58-45556,10612,N/A
2025-11-23T00:56:35.386459,99,11005,32.00024,36.015,0,0,58-11005,10625,N/A
2025-11-23T00:56:35.386459,99,28732,32.021748,35.842438,58.6,0,58-28732,10612,N/A
2025-11-23T00:56:35.386459,99,66163,32.02123,35.84215,346.2,0,58-66163,10612,N/A
2025-11-23T00:56:35.386459,99,56867,32.020847,35.842632,289.3,0,58-56867,10612,N/A
2025-11-23T00:56:35.386459,99,25354,31.944778,35.92804,106.1,0,58-25354,10641,N/A
2025-11-23T00:56:35.386459,99,11649,32.022224,35.845154,72.31,0,58-11649,10612,N/A
2025-11-23T00:56:35.386459,99,11547,32.00016,36.01502,0,0,58-11547,10622,N/A
2025-11-23T00:56:35.386459,99,37113,32.02191,35.843987,70,0,58-37113,10612,N/A
2025-11-23T00:56:35.386459,99,11718,31.94541,35.928734,0,0,58-11718,10635,N/A
2025-11-23T00:56:35.386459,99,49451,31.946053,35.92815,294.1,1,58-49451,10643,N/A
2025-11-23T00:56:35.386459,99,11670,32.00448,36.008205,0,1,58-11670,10636,N/A
2025-11-23T00:56:35.386459,99,11499,32.00014,36.015255,0,1,58-11499,10635,N/A
2025-11-23T00:56:35.386459,99,11526,32.0002,36.01552,0,1,58-11526,10622,N/A
2025-11-23T00:56:35.386459,99,73439,32.023087,35.848095,252.9,1,58-73439,10613,N/A
2025-11-23T00:56:35.386459,99,52827,31.94586,35.91979,285.5,1,58-52827,10643,N/A
2025-11-23T00:56:35.386459,99,11493,31.94533,35.928787,0,1,58-11493,10643,N/A
2025-11-23T00:56:35.386459,99,11496,32.00006,36.015587,192.2,1,58-11496,10642,N/A
2025-11-23T00:56:35.386459,100,50152,32.024258,35.95697,131,0,58-50152,10613,N/A
2025-11-23T00:56:35.386459,100,63240,32.001354,36.014027,197,0,58-63240,11649,N/A
2025-11-23T00:56:35.386459,100,98191,32.000126,36.015465,190.8,0,58-98191,10622,N/A
2025-11-23T00:56:35.386459,100,10975,31.999632,36.016132,197.68,0,58-10975,11649,N/A
2025-11-23T00:56:35.386459,100,48886,32.00026,36.015392,21.5,0,58-48886,11649,N/A
2025-11-23T00:56:35.386459,100,11523,32.000935,36.013863,197.6,0,58-11523,10612,N/A
2025-11-23T00:56:35.386459,100,11014,32.004826,36.014347,132.1,0,58-11014,10623,N/A
2025-11-23T00:56:35.386459,100,11724,32.000275,36.01534,0,0,58-11724,11648,N/A
2025-11-23T00:56:35.386459,100,40779,31.96065,35.95736,40.9,0,58-40779,11651,N/A
2025-11-23T00:56:35.386459,100,24926,31.999966,36.015114,232.1,0,58-24926,11653,N/A
2025-11-23T00:56:35.386459,100,50752,31.99933,36.01435,104.3,1,58-50752,11651,N/A
2025-11-23T00:56:35.386459,100,05961,32.000313,36.015438,31.1,1,58-95961,11653,N/A
2025-11-23T00:56:35.386459,100,16863,32.000065,36.01559,0,1,58-16863,11653,N/A
2025-11-23T00:56:35.386459,100,97599,31.992634,35.890064,309.89,1,58-97599,10622,N/A
2025-11-23T00:56:35.386459,100,10987,32.000244,36.01543,0,1,58-10987,11653,N/A
2025-11-23T00:56:35.386459,100,52302,31.964375,35.960926,34.79,1,58-52302,11653,N/A
2025-11-23T00:56:35.386459,100,21423,32.000317,36.01466,218.2,1,58-21423,11653,N/A
2025-11-23T00:56:35.386459,100,30732,32.004444,36.00834,359.4,1,58-30732,11651,N/A
2025-11-23T00:56:35.386459,100,95161,32.000343,36.014633,177.4,1,58-95161,11653,N/A
2025-11-23T00:56:35.386459,100,90702,32.021866,35.844257,43.9,1,58-90702,10613,N/A
2025-11-23T00:56:35.386459,100,10993,32.00027,36.014793,234.1,1,58-10993,11652,N/A
2025-11-23T00:56:35.386459,100,10981,31.999386,36.014343,0,1,58-10981,11653,N/A
2025-11-23T00:56:35.386459,100,11538,32.000355,36.014435,0,1,58-11538,11653,N/A
2025-11-23T00:56:35.386459,100,11520,32.000126,36.014256,298.39,1,58-11520,11653,N/A
2025-11-23T00:56:35.386459,100,93641,31.99996,36.015163,246.4,1,58-93641,11653,N/A
2025-11-23T00:56:35.386459,100,82779,31.963634,35.960278,36.1,1,58-82779,11653,N/A
2025-11-23T00:56:35.386459,100,10996,31.960546,35.956833,0,1,58-10996,11653,N/A
2025-11-23T00:56:35.386459,100,11544,31.961313,35.958122,0,1,58-11544,11653,N/A
2025-11-23T00:57:27.323457,99,22057,32.00043,36.013786,124.1,0,58-22057,11675,N/A
2025-11-23T00:57:27.323457,99,97202,31.99937,36.01431,112.5,0,58-97202,11671,N/A
2025-11-23T00:57:27.323457,99,32725,31.99941,36.014168,116.7,0,58-32725,10625,N/A
2025-11-23T00:57:27.323457,99,96335,31.94514,35.927013,105.5,0,58-96335,10641,N/A
2025-11-23T00:57:27.323457,99,72129,31.944706,35.928158,106.5,0,58-72129,10641,N/A
2025-11-23T00:57:27.323457,99,45556,32.020844,35.84248,286.7,0,58-45556,10612,N/A
2025-11-23T00:57:27.323457,99,11005,32.00024,36.015,0,0,58-11005,10625,N/A
2025-11-23T00:57:27.323457,99,28732,32.021748,35.842438,58.6,0,58-28732,10612,N/A
2025-11-23T00:57:27.323457,99,66163,32.02123,35.84215,346.2,0,58-66163,10612,N/A
2025-11-23T00:57:27.323457,99,56867,32.020847,35.842632,289.3,0,58-56867,10612,N/A
2025-11-23T00:57:27.323457,99,25354,31.944778,35.92804,106.1,0,58-25354,10641,N/A
2025-11-23T00:57:27.323457,99,11649,32.022224,35.845154,72.31,0,58-11649,10612,N/A
2025-11-23T00:57:27.323457,99,11547,32.00016,36.01502,0,0,58-11547,10622,N/A
2025-11-23T00:57:27.323457,99,37113,32.02191,35.843987,70,0,58-37113,10612,N/A
2025-11-23T00:57:27.323457,99,11718,31.94541,35.928734,0,0,58-11718,10635,N/A
2025-11-23T00:57:27.323457,99,49451,31.946053,35.92815,294.1,1,58-49451,10643,N/A
2025-11-23T00:57:27.323457,99,11670,32.00448,36.008205,0,1,58-11670,10636,N/A
2025-11-23T00:57:27.323457,99,11499,32.00014,36.015255,0,1,58-11499,10635,N/A
2025-11-23T00:57:27.323457,99,11526,32.0002,36.01552,0,1,58-11526,10622,N/A
2025-11-23T00:57:27.323457,99,73439,32.023087,35.848095,252.9,1,58-73439,10613,N/A
2025-11-23T00:57:27.323457,99,52827,31.94586,35.91979,285.5,1,58-52827,10643,N/A
2025-11-23T00:57:27.323457,99,11493,31.94533,35.928787,0,1,58-11493,10643,N/A
2025-11-23T00:57:27.323457,99,11496,32.00006,36.015587,192.2,1,58-11496,10642,N/A
2025-11-23T00:57:27.323457,100,50152,32.02059,35.96294,40.1,0,58-50152,10613,N/A
2025-11-23T00:57:27.323457,100,63240,32.001354,36.014027,197,0,58-63240,11649,N/A
2025-11-23T00:57:27.323457,100,98191,32.000126,36.015465,190.8,0,58-98191,10622,N/A
2025-11-23T00:57:27.323457,100,10975,31.999632,36.016132,197.68,0,58-10975,11649,N/A
2025-11-23T00:57:27.323457,100,48886,32.00026,36.015392,21.5,0,58-48886,11649,N/A
2025-11-23T00:57:27.323457,100,11523,32.000935,36.013863,197.6,0,58-11523,10612,N/A
2025-11-23T00:57:27.323457,100,11014,32.004826,36.014347,132.1,0,58-11014,10623,N/A
2025-11-23T00:57:27.323457,100,11724,32.000275,36.01534,0,0,58-11724,11648,N/A
2025-11-23T00:57:27.323457,100,40779,31.96065,35.95736,40.9,0,58-40779,11651,N/A
2025-11-23T00:57:27.323457,100,24926,31.999966,36.015114,232.1,0,58-24926,11653,N/A
2025-11-23T00:57:27.323457,100,50752,31.999329,36.014355,104.3,1,58-50752,11651,N/A
2025-11-23T00:57:27.323457,100,05961,32.000313,36.015438,31.1,1,58-95961,11653,N/A
2025-11-23T00:57:27.323457,100,16863,32.000065,36.01559,0,1,58-16863,11653,N/A
2025-11-23T00:57:27.323457,100,97599,31.992634,35.890064,309.89,1,58-97599,10622,N/A
2025-11-23T00:57:27.323457,100,10987,32.000244,36.01543,0,1,58-10987,11653,N/A
2025-11-23T00:57:27.323457,100,52302,31.964375,35.960926,34.79,1,58-52302,11653,N/A
2025-11-23T00:57:27.323457,100,21423,32.000317,36.01466,218.2,1,58-21423,11653,N/A
2025-11-23T00:57:27.323457,100,30732,32.004444,36.00834,359.4,1,58-30732,11651,N/A
2025-11-23T00:57:27.323457,100,95161,32.000343,36.014633,177.4,1,58-95161,11653,N/A
2025-11-23T00:57:27.323457,100,90702,32.021866,35.844257,43.9,1,58-90702,10613,N/A
2025-11-23T00:57:27.323457,100,10993,32.00027,36.014793,234.1,1,58-10993,11652,N/A
2025-11-23T00:57:27.323457,100,10981,31.999386,36.014343,0,1,58-10981,11653,N/A
2025-11-23T00:57:27.323457,100,11538,32.000355,36.014435,0,1,58-11538,11653,N/A
2025-11-23T00:57:27.323457,100,11520,32.000126,36.014256,298.39,1,58-11520,11653,N/A
2025-11-23T00:57:27.323457,100,93641,31.99996,36.015163,246.4,1,58-93641,11653,N/A
2025-11-23T00:57:27.323457,100,82779,31.963634,35.960278,36.1,1,58-82779,11653,N/A
2025-11-23T00:57:27.323457,100,10996,31.960546,35.956833,0,1,58-10996,11653,N/A
2025-11-23T00:57:27.323457,100,11544,31.961313,35.958122,0,1,58-11544,11653,N/A
2025-11-23T00:58:16.596046,99,22057,32.000446,36.013767,124,0,58-22057,11675,N/A
2025-11-23T00:58:16.596046,99,97202,31.99937,36.01431,112.5,0,58-97202,11671,N/A
2025-11-23T00:58:16.596046,99,32725,31.99941,36.014168,116.7,0,58-32725,10625,N/A
2025-11-23T00:58:16.596046,99,96335,31.94514,35.927013,105.5,0,58-96335,10641,N/A
2025-11-23T00:58:16.596046,99,72129,31.944706,35.928158,106.5,0,58-72129,10641,N/A
2025-11-23T00:58:16.596046,99,45556,32.020844,35.84248,286.7,0,58-45556,10612,N/A
2025-11-23T00:58:16.596046,99,11005,32.00024,36.015,0,0,58-11005,10625,N/A
2025-11-23T00:58:16.596046,99,28732,32.021748,35.842438,58.6,0,58-28732,10612,N/A
2025-11-23T00:58:16.596046,99,66163,32.02123,35.84215,346.2,0,58-66163,10612,N/A
2025-11-23T00:58:16.596046,99,56867,32.020847,35.842632,289.3,0,58-56867,10612,N/A
2025-11-23T00:58:16.596046,99,25354,31.944778,35.92804,106.1,0,58-25354,10641,N/A
2025-11-23T00:58:16.596046,99,11649,32.022224,35.845154,72.31,0,58-11649,10612,N/A
2025-11-23T00:58:16.596046,99,11547,32.00016,36.01502,0,0,58-11547,10622,N/A
2025-11-23T00:58:16.596046,99,37113,32.02191,35.843987,70,0,58-37113,10612,N/A
2025-11-23T00:58:16.596046,99,11718,31.94541,35.928734,0,0,58-11718,10635,N/A
2025-11-23T00:58:16.596046,99,49451,31.946053,35.92815,294.1,1,58-49451,10643,N/A
2025-11-23T00:58:16.596046,99,11670,32.00448,36.008205,0,1,58-11670,10636,N/A
2025-11-23T00:58:16.596046,99,11499,32.00014,36.015255,0,1,58-11499,10635,N/A
2025-11-23T00:58:16.596046,99,11526,32.0002,36.01552,0,1,58-11526,10622,N/A
2025-11-23T00:58:16.596046,99,73439,32.023087,35.848095,252.9,1,58-73439,10613,N/A
2025-11-23T00:58:16.596046,99,52827,31.94586,35.91979,285.5,1,58-52827,10643,N/A
2025-11-23T00:58:16.596046,99,11493,31.94533,35.928787,0,1,58-11493,10643,N/A
2025-11-23T00:58:16.596046,99,11496,32.00006,36.015587,192.2,1,58-11496,10642,N/A
2025-11-23T00:58:16.596046,100,50152,32.02452,35.970623,121.1,0,58-50152,10613,N/A
2025-11-23T00:58:16.596046,100,63240,32.001354,36.014027,197,0,58-63240,11649,N/A
2025-11-23T00:58:16.596046,100,98191,32.000126,36.015465,190.8,0,58-98191,10622,N/A
2025-11-23T00:58:16.596046,100,10975,31.999632,36.016132,197.68,0,58-10975,11649,N/A
2025-11-23T00:58:16.596046,100,48886,32.00026,36.015392,21.5,0,58-48886,11649,N/A
2025-11-23T00:58:16.596046,100,11523,32.000935,36.013863,197.6,0,58-11523,10612,N/A
2025-11-23T00:58:16.596046,100,11014,32.004826,36.014347,132.1,0,58-11014,10623,N/A
2025-11-23T00:58:16.596046,100,11724,32.000275,36.01534,0,0,58-11724,11648,N/A
2025-11-23T00:58:16.596046,100,40779,31.96065,35.95736,40.9,0,58-40779,11651,N/A
2025-11-23T00:58:16.596046,100,24926,31.999966,36.015114,232.1,0,58-24926,11653,N/A
2025-11-23T00:58:16.596046,100,50752,31.999512,36.01464,30.5,1,58-50752,11651,N/A
2025-11-23T00:58:16.596046,100,05961,32.000313,36.015438,31.1,1,58-95961,11653,N/A
2025-11-23T00:58:16.596046,100,16863,32.000065,36.01559,0,1,58-16863,11653,N/A
2025-11-23T00:58:16.596046,100,97599,31.992634,35.890064,309.89,1,58-97599,10622,N/A
2025-11-23T00:58:16.596046,100,10987,32.000244,36.01543,0,1,58-10987,11653,N/A
2025-11-23T00:58:16.596046,100,52302,31.964375,35.960926,34.79,1,58-52302,11653,N/A
2025-11-23T00:58:16.596046,100,21423,32.000317,36.01466,218.2,1,58-21423,11653,N/A
2025-11-23T00:58:16.596046,100,30732,32.004444,36.00834,359.4,1,58-30732,11651,N/A
2025-11-23T00:58:16.596046,100,95161,32.000343,36.014633,177.4,1,58-95161,11653,N/A
2025-11-23T00:58:16.596046,100,90702,32.021866,35.844257,43.9,1,58-90702,10613,N/A
2025-11-23T00:58:16.596046,100,10993,32.00027,36.014793,234.1,1,58-10993,11652,N/A
2025-11-23T00:58:16.596046,100,10981,31.999386,36.014343,0,1,58-10981,11653,N/A
2025-11-23T00:58:16.596046,100,11538,32.000355,36.014435,0,1,58-11538,11653,N/A
2025-11-23T00:58:16.596046,100,11520,32.000126,36.014256,298.39,1,58-11520,11653,N/A
2025-11-23T00:58:16.596046,100,93641,31.99996,36.015163,246.4,1,58-93641,11653,N/A
2025-11-23T00:58:16.596046,100,82779,31.963634,35.960278,36.1,1,58-82779,11653,N/A
2025-11-23T00:58:16.596046,100,10996,31.960546,35.956833,0,1,58-10996,11653,N/A
2025-11-23T00:58:16.596046,100,11544,31.961313,35.958122,0,1,58-11544,11653,N/A
2025-11-23T00:59:14.660712,99,22057,32.000263,36.01408,110,0,58-22057,10614,N/A
2025-11-23T00:59:14.660712,99,97202,31.99937,36.01431,112.5,0,58-97202,11671,N/A
2025-11-23T00:59:14.660712,99,32725,31.99941,36.014168,116.7,0,58-32725,10625,N/A
2025-11-23T00:59:14.660712,99,96335,31.94514,35.927013,105.5,0,58-96335,10641,N/A
2025-11-23T00:59:14.660712,99,72129,31.944706,35.928158,106.5,0,58-72129,10641,N/A
2025-11-23T00:59:14.660712,99,45556,32.020844,35.84248,286.7,0,58-45556,10612,N/A
2025-11-23T00:59:14.660712,99,11005,32.00024,36.015,0,0,58-11005,10625,N/A
2025-11-23T00:59:14.660712,99,28732,32.021492,35.842632,46.1,0,58-28732,10612,N/A
2025-11-23T00:59:14.660712,99,66163,32.02123,35.84215,346.2,0,58-66163,10612,N/A
2025-11-23T00:59:14.660712,99,56867,32.020847,35.842632,289.3,0,58-56867,10612,N/A
2025-11-23T00:59:14.660712,99,25354,31.944778,35.92804,106.1,0,58-25354,10641,N/A
2025-11-23T00:59:14.660712,99,11649,32.022224,35.845154,72.31,0,58-11649,10612,N/A
2025-11-23T00:59:14.660712,99,11547,32.00016,36.01502,0,0,58-11547,10622,N/A
2025-11-23T00:59:14.660712,99,37113,32.02158,35.842438,0,0,58-37113,10612,N/A
2025-11-23T00:59:14.660712,99,11718,31.94541,35.928734,0,0,58-11718,10635,N/A
2025-11-23T00:59:14.660712,99,49451,31.946053,35.92815,294.1,1,58-49451,10643,N/A
2025-11-23T00:59:14.660712,99,11670,32.00448,36.008205,0,1,58-11670,10636,N/A
2025-11-23T00:59:14.660712,99,11499,32.00014,36.015255,0,1,58-11499,10635,N/A
2025-11-23T00:59:14.660712,99,11526,32.0002,36.01552,0,1,58-11526,10622,N/A
2025-11-23T00:59:14.660712,99,73439,32.023087,35.848095,252.9,1,58-73439,10613,N/A
2025-11-23T00:59:14.660712,99,52827,31.94586,35.91979,285.5,1,58-52827,10643,N/A
2025-11-23T00:59:14.660712,99,11493,31.94533,35.928787,0,1,58-11493,10643,N/A
2025-11-23T00:59:14.660712,99,11496,32.00006,36.015587,192.2,1,58-11496,10642,N/A
2025-11-23T00:59:14.660712,100,50152,32.022827,35.97478,62.1,0,58-50152,10613,N/A
2025-11-23T00:59:14.660712,100,63240,32.001354,36.014027,197,0,58-63240,11649,N/A
2025-11-23T00:59:14.660712,100,98191,32.000126,36.015465,190.8,0,58-98191,10622,N/A
2025-11-23T00:59:14.660712,100,10975,31.999632,36.016132,197.68,0,58-10975,11649,N/A
2025-11-23T00:59:14.660712,100,48886,32.00026,36.015392,21.5,0,58-48886,11649,N/A
2025-11-23T00:59:14.660712,100,11523,32.000935,36.013863,197.6,0,58-11523,10612,N/A
2025-11-23T00:59:14.660712,100,11014,32.004826,36.014347,132.1,0,58-11014,10623,N/A
2025-11-23T00:59:14.660712,100,11724,32.000275,36.01534,0,0,58-11724,11648,N/A
2025-11-23T00:59:14.660712,100,40779,31.96065,35.95736,40.9,0,58-40779,11651,N/A
2025-11-23T00:59:14.660712,100,24926,31.999966,36.015114,232.1,0,58-24926,11653,N/A
2025-11-23T00:59:14.660712,100,50752,32.000153,36.015507,80.59,1,58-50752,11651,N/A
2025-11-23T00:59:14.660712,100,05961,32.000313,36.015438,31.1,1,58-95961,11653,N/A
2025-11-23T00:59:14.660712,100,16863,32.000065,36.01559,0,1,58-16863,11653,N/A
2025-11-23T00:59:14.660712,100,97599,31.992634,35.890064,309.89,1,58-97599,10622,N/A
2025-11-23T00:59:14.660712,100,10987,32.000244,36.01543,0,1,58-10987,11653,N/A
2025-11-23T00:59:14.660712,100,52302,31.964375,35.960926,34.79,1,58-52302,11653,N/A
2025-11-23T00:59:14.660712,100,21423,32.000317,36.01466,218.2,1,58-21423,11653,N/A
2025-11-23T00:59:14.660712,100,30732,32.004444,36.00834,359.4,1,58-30732,11651,N/A
2025-11-23T00:59:14.660712,100,95161,32.000343,36.014633,177.4,1,58-95161,11653,N/A
2025-11-23T00:59:14.660712,100,90702,32.021866,35.844257,43.9,1,58-90702,10613,N/A
2025-11-23T00:59:14.660712,100,10993,32.00027,36.014793,234.1,1,58-10993,11652,N/A
2025-11-23T00:59:14.660712,100,10981,31.999386,36.014343,0,1,58-10981,11653,N/A
2025-11-23T00:59:14.660712,100,11538,32.000355,36.014435,0,1,58-11538,11653,N/A
2025-11-23T00:59:14.660712,100,11520,32.000126,36.014256,298.39,1,58-11520,11653,N/A
2025-11-23T00:59:14.660712,100,93641,31.99996,36.015163,246.4,1,58-93641,11653,N/A
2025-11-23T00:59:14.660712,100,82779,31.963634,35.960278,36.1,1,58-82779,11653,N/A
2025-11-23T00:59:14.660712,100,10996,31.960546,35.956833,0,1,58-10996,11653,N/A
2025-11-23T00:59:14.660712,100,11544,31.961313,35.958122,0,1,58-11544,11653,N/A
2025-11-23T01:00:07.565802,99,22057,32.00033,36.01411,120.8,0,58-22057,10614,N/A
2025-11-23T01:00:07.565802,99,97202,32.000126,36.01559,165.1,0,58-97202,11671,N/A
2025-11-23T01:00:07.565802,99,32725,31.99941,36.014168,116.7,0,58-32725,10625,N/A
2025-11-23T01:00:07.565802,99,96335,31.94514,35.927013,105.5,0,58-96335,10641,N/A
2025-11-23T01:00:07.565802,99,72129,31.944706,35.928158,106.5,0,58-72129,10641,N/A
2025-11-23T01:00:07.565802,99,45556,32.020844,35.84248,286.7,0,58-45556,10612,N/A
2025-11-23T01:00:07.565802,99,11005,32.00024,36.015,0,0,58-11005,10625,N/A
2025-11-23T01:00:07.565802,99,28732,32.021492,35.842632,46.1,0,58-28732,10612,N/A
2025-11-23T01:00:07.565802,99,66163,32.02123,35.84215,346.2,0,58-66163,10612,N/A
2025-11-23T01:00:07.565802,99,56867,32.020847,35.842632,289.3,0,58-56867,10612,N/A
2025-11-23T01:00:07.565802,99,25354,31.944778,35.92804,106.1,0,58-25354,10641,N/A
2025-11-23T01:00:07.565802,99,11649,32.022224,35.845154,72.31,0,58-11649,10612,N/A
2025-11-23T01:00:07.565802,99,11547,32.00016,36.01502,0,0,58-11547,10622,N/A
2025-11-23T01:00:07.565802,99,37113,32.02158,35.842438,0,0,58-37113,10612,N/A
2025-11-23T01:00:07.565802,99,11718,31.94541,35.928734,0,0,58-11718,10635,N/A
2025-11-23T01:00:07.565802,99,49451,31.946053,35.92815,294.1,1,58-49451,10643,N/A
2025-11-23T01:00:07.565802,99,11670,32.00448,36.008205,0,1,58-11670,10636,N/A
2025-11-23T01:00:07.565802,99,11499,32.00014,36.015255,0,1,58-11499,10635,N/A
2025-11-23T01:00:07.565802,99,11526,32.0002,36.01552,0,1,58-11526,10622,N/A
2025-11-23T01:00:07.565802,99,73439,32.023087,35.848095,252.9,1,58-73439,10613,N/A
2025-11-23T01:00:07.565802,99,52827,31.94586,35.91979,285.5,1,58-52827,10643,N/A
2025-11-23T01:00:07.565802,99,11493,31.94533,35.928787,0,1,58-11493,10643,N/A
2025-11-23T01:00:07.565802,99,11496,32.00006,36.015587,192.2,1,58-11496,10642,N/A
2025-11-23T01:00:07.565802,100,50152,32.023968,35.983196,116.5,0,58-50152,10613,N/A
2025-11-23T01:00:07.565802,100,63240,32.001354,36.014027,197,0,58-63240,11649,N/A
2025-11-23T01:00:07.565802,100,98191,32.000126,36.015465,190.8,0,58-98191,10622,N/A
2025-11-23T01:00:07.565802,100,10975,31.999632,36.016132,197.68,0,58-10975,11649,N/A
2025-11-23T01:00:07.565802,100,48886,32.00026,36.015392,21.5,0,58-48886,11649,N/A
2025-11-23T01:00:07.565802,100,11523,32.000935,36.013863,197.6,0,58-11523,10612,N/A
2025-11-23T01:00:07.565802,100,11014,32.004826,36.014347,132.1,0,58-11014,10623,N/A
2025-11-23T01:00:07.565802,100,11724,32.000275,36.01534,0,0,58-11724,11648,N/A
2025-11-23T01:00:07.565802,100,40779,31.96065,35.95736,40.9,0,58-40779,11651,N/A
2025-11-23T01:00:07.565802,100,24926,31.999966,36.015114,232.1,0,58-24926,11653,N/A
2025-11-23T01:00:07.565802,100,50752,32.000263,36.01564,74.8,1,58-50752,11651,N/A
2025-11-23T01:00:07.565802,100,05961,32.000313,36.015438,31.1,1,58-95961,11653,N/A
2025-11-23T01:00:07.565802,100,16863,32.000065,36.01559,0,1,58-16863,11653,N/A
2025-11-23T01:00:07.565802,100,97599,31.992634,35.890064,309.89,1,58-97599,10622,N/A
2025-11-23T01:00:07.565802,100,10987,32.000244,36.01543,0,1,58-10987,11653,N/A
2025-11-23T01:00:07.565802,100,52302,31.964375,35.960926,34.79,1,58-52302,11653,N/A
2025-11-23T01:00:07.565802,100,21423,32.000317,36.01466,218.2,1,58-21423,11653,N/A
2025-11-23T01:00:07.565802,100,30732,32.004444,36.00834,359.4,1,58-30732,11651,N/A
2025-11-23T01:00:07.565802,100,95161,32.000343,36.014633,177.4,1,58-95161,11653,N/A
2025-11-23T01:00:07.565802,100,90702,32.021866,35.844257,43.9,1,58-90702,10613,N/A
2025-11-23T01:00:07.565802,100,10993,32.00027,36.014793,234.1,1,58-10993,11652,N/A
2025-11-23T01:00:07.565802,100,10981,31.999386,36.014343,0,1,58-10981,11653,N/A
2025-11-23T01:00:07.565802,100,11538,32.000355,36.014435,0,1,58-11538,11653,N/A
2025-11-23T01:00:07.565802,100,11520,32.000126,36.014256,298.39,1,58-11520,11653,N/A
2025-11-23T01:00:07.565802,100,93641,31.99996,36.015163,246.4,1,58-93641,11653,N/A
2025-11-23T01:00:07.565802,100,82779,31.963634,35.960278,36.1,1,58-82779,11653,N/A
2025-11-23T01:00:07.565802,100,10996,31.960546,35.956833,0,1,58-10996,11653,N/A
2025-11-23T01:00:07.565802,100,11544,31.961313,35.958122,0,1,58-11544,11653,N/A
2025-11-23T01:00:57.220326,99,22057,32.00033,36.01411,120.8,0,58-22057,11675,N/A
2025-11-23T01:00:57.220326,99,97202,32.000256,36.015682,11.6,0,58-97202,11671,N/A
2025-11-23T01:00:57.220326,99,32725,31.99941,36.014168,116.7,0,58-32725,10625,N/A
2025-11-23T01:00:57.220326,99,96335,31.94514,35.927013,105.5,0,58-96335,10641,N/A
2025-11-23T01:00:57.220326,99,72129,31.944706,35.928158,106.5,0,58-72129,10641,N/A
2025-11-23T01:00:57.220326,99,45556,32.020844,35.84248,286.7,0,58-45556,10612,N/A
2025-11-23T01:00:57.220326,99,11005,32.00024,36.015,0,0,58-11005,10625,N/A
2025-11-23T01:00:57.220326,99,28732,32.021748,35.842438,58.6,0,58-28732,10612,N/A
2025-11-23T01:00:57.220326,99,66163,32.02123,35.84215,346.2,0,58-66163,10612,N/A
2025-11-23T01:00:57.220326,99,56867,32.020847,35.842632,289.3,0,58-56867,10612,N/A
2025-11-23T01:00:57.220326,99,25354,31.944778,35.92804,106.1,0,58-25354,10641,N/A
2025-11-23T01:00:57.220326,99,11649,32.022224,35.845154,72.31,0,58-11649,10612,N/A
2025-11-23T01:00:57.220326,99,11547,32.00016,36.01502,0,0,58-11547,10622,N/A
2025-11-23T01:00:57.220326,99,37113,32.02191,35.843987,70,0,58-37113,10612,N/A
2025-11-23T01:00:57.220326,99,11718,31.94541,35.928734,0,0,58-11718,10635,N/A
2025-11-23T01:00:57.220326,99,49451,31.946053,35.92815,294.1,1,58-49451,10643,N/A
2025-11-23T01:00:57.220326,99,11670,32.00448,36.008205,0,1,58-11670,10636,N/A
2025-11-23T01:00:57.220326,99,11499,32.00014,36.015255,0,1,58-11499,10635,N/A
2025-11-23T01:00:57.220326,99,11526,32.0002,36.01552,0,1,58-11526,10622,N/A
2025-11-23T01:00:57.220326,99,73439,32.023087,35.848095,252.9,1,58-73439,10613,N/A
2025-11-23T01:00:57.220326,99,52827,31.94586,35.91979,285.5,1,58-52827,10643,N/A
2025-11-23T01:00:57.220326,99,11493,31.94533,35.928787,0,1,58-11493,10643,N/A
2025-11-23T01:00:57.220326,99,11496,32.00006,36.015587,192.2,1,58-11496,10642,N/A
2025-11-23T01:00:57.220326,100,50152,32.016914,35.991425,120.6,0,58-50152,10613,N/A
2025-11-23T01:00:57.220326,100,63240,32.001354,36.014027,197,0,58-63240,11649,N/A
2025-11-23T01:00:57.220326,100,98191,32.000126,36.015465,190.8,0,58-98191,10622,N/A
2025-11-23T01:00:57.220326,100,10975,31.999632,36.016132,197.68,0,58-10975,11649,N/A
2025-11-23T01:00:57.220326,100,48886,32.00026,36.015392,21.5,0,58-48886,11649,N/A
2025-11-23T01:00:57.220326,100,11523,32.000935,36.013863,197.6,0,58-11523,10612,N/A
2025-11-23T01:00:57.220326,100,11014,32.004826,36.014347,132.1,0,58-11014,10623,N/A
2025-11-23T01:00:57.220326,100,11724,32.000275,36.01534,0,0,58-11724,11648,N/A
2025-11-23T01:00:57.220326,100,40779,31.96065,35.95736,40.9,0,58-40779,11651,N/A
2025-11-23T01:00:57.220326,100,24926,31.999966,36.015114,232.1,0,58-24926,11653,N/A
2025-11-23T01:00:57.220326,100,50752,32.000263,36.01564,74.8,1,58-50752,11651,N/A
2025-11-23T01:00:57.220326,100,05961,32.000313,36.015438,31.1,1,58-95961,11653,N/A
2025-11-23T01:00:57.220326,100,16863,32.000065,36.01559,0,1,58-16863,11653,N/A
2025-11-23T01:00:57.220326,100,97599,31.992634,35.890064,309.89,1,58-97599,10622,N/A
2025-11-23T01:00:57.220326,100,10987,32.000244,36.01543,0,1,58-10987,11653,N/A
2025-11-23T01:00:57.220326,100,52302,31.964375,35.960926,34.79,1,58-52302,11653,N/A
2025-11-23T01:00:57.220326,100,21423,32.000317,36.01466,218.2,1,58-21423,11653,N/A
2025-11-23T01:00:57.220326,100,30732,32.004444,36.00834,359.4,1,58-30732,11651,N/A
2025-11-23T01:00:57.220326,100,95161,32.000343,36.014633,177.4,1,58-95161,11653,N/A
2025-11-23T01:00:57.220326,100,90702,32.021866,35.844257,43.9,1,58-90702,10613,N/A
2025-11-23T01:00:57.220326,100,10993,32.00027,36.014793,234.1,1,58-10993,11652,N/A
2025-11-23T01:00:57.220326,100,10981,31.999386,36.014343,0,1,58-10981,11653,N/A
2025-11-23T01:00:57.220326,100,11538,32.000355,36.014435,0,1,58-11538,11653,N/A
2025-11-23T01:00:57.220326,100,11520,32.000126,36.014256,298.39,1,58-11520,11653,N/A
2025-11-23T01:00:57.220326,100,93641,31.99996,36.015163,246.4,1,58-93641,11653,N/A
2025-11-23T01:00:57.220326,100,82779,31.963634,35.960278,36.1,1,58-82779,11653,N/A
2025-11-23T01:00:57.220326,100,10996,31.960546,35.956833,0,1,58-10996,11653,N/A
2025-11-23T01:00:57.220326,100,11544,31.961313,35.958122,0,1,58-11544,11653,N/A
2025-11-23T01:01:51.225636,99,22057,32.00033,36.01411,120.8,0,58-22057,10614,N/A
2025-11-23T01:01:51.225636,99,97202,32.000256,36.015682,11.6,0,58-97202,11671,N/A
2025-11-23T01:01:51.225636,99,32725,31.99941,36.014168,116.7,0,58-32725,10625,N/A
2025-11-23T01:01:51.225636,99,96335,31.94514,35.927013,105.5,0,58-96335,10641,N/A
2025-11-23T01:01:51.225636,99,72129,31.944706,35.928158,106.5,0,58-72129,10641,N/A
2025-11-23T01:01:51.225636,99,45556,32.020844,35.84248,286.7,0,58-45556,10612,N/A
2025-11-23T01:01:51.225636,99,11005,32.00024,36.015,0,0,58-11005,10625,N/A
2025-11-23T01:01:51.225636,99,28732,32.021492,35.842632,46.1,0,58-28732,10612,N/A
2025-11-23T01:01:51.225636,99,66163,32.02123,35.84215,346.2,0,58-66163,10612,N/A
2025-11-23T01:01:51.225636,99,56867,32.020847,35.842632,289.3,0,58-56867,10612,N/A
2025-11-23T01:01:51.225636,99,25354,31.944778,35.92804,106.1,0,58-25354,10641,N/A
2025-11-23T01:01:51.225636,99,11649,32.022224,35.845154,72.31,0,58-11649,10612,N/A
2025-11-23T01:01:51.225636,99,11547,32.00016,36.01502,0,0,58-11547,10622,N/A
2025-11-23T01:01:51.225636,99,37113,32.02158,35.842438,0,0,58-37113,10612,N/A
2025-11-23T01:01:51.225636,99,11718,31.94541,35.928734,0,0,58-11718,10635,N/A
2025-11-23T01:01:51.225636,99,49451,31.946053,35.92815,294.1,1,58-49451,10643,N/A
2025-11-23T01:01:51.225636,99,11670,32.00448,36.008205,0,1,58-11670,10636,N/A
2025-11-23T01:01:51.225636,99,11499,32.00014,36.015255,0,1,58-11499,10635,N/A
2025-11-23T01:01:51.225636,99,11526,32.0002,36.01552,0,1,58-11526,10622,N/A
2025-11-23T01:01:51.225636,99,73439,32.023087,35.848095,252.9,1,58-73439,10613,N/A
2025-11-23T01:01:51.225636,99,52827,31.94586,35.91979,285.5,1,58-52827,10643,N/A
2025-11-23T01:01:51.225636,99,11493,31.94533,35.928787,0,1,58-11493,10643,N/A
2025-11-23T01:01:51.225636,99,11496,32.00006,36.015587,192.2,1,58-11496,10642,N/A
2025-11-23T01:01:51.225636,100,50152,32.018593,36.001064,100.2,0,58-50152,10613,N/A
2025-11-23T01:01:51.225636,100,63240,32.001354,36.014027,197,0,58-63240,11649,N/A
2025-11-23T01:01:51.225636,100,98191,32.000126,36.015465,190.8,0,58-98191,10622,N/A
2025-11-23T01:01:51.225636,100,10975,31.999632,36.016132,197.68,0,58-10975,11649,N/A
2025-11-23T01:01:51.225636,100,48886,32.00026,36.015392,21.5,0,58-48886,11649,N/A
2025-11-23T01:01:51.225636,100,11523,32.000935,36.013863,197.6,0,58-11523,10612,N/A
2025-11-23T01:01:51.225636,100,11014,32.004826,36.014347,132.1,0,58-11014,10623,N/A
2025-11-23T01:01:51.225636,100,11724,32.000275,36.01534,0,0,58-11724,11648,N/A
2025-11-23T01:01:51.225636,100,40779,31.96065,35.95736,40.9,0,58-40779,11651,N/A
2025-11-23T01:01:51.225636,100,24926,31.999966,36.015114,232.1,0,58-24926,11653,N/A
2025-11-23T01:01:51.225636,100,50752,32.000263,36.01564,74.8,1,58-50752,11651,N/A
2025-11-23T01:01:51.225636,100,05961,32.000313,36.015438,31.1,1,58-95961,11653,N/A
2025-11-23T01:01:51.225636,100,16863,32.000065,36.01559,0,1,58-16863,11653,N/A
2025-11-23T01:01:51.225636,100,97599,31.992634,35.890064,309.89,1,58-97599,10622,N/A
2025-11-23T01:01:51.225636,100,10987,32.000244,36.01543,0,1,58-10987,11653,N/A
2025-11-23T01:01:51.225636,100,52302,31.964375,35.960926,34.79,1,58-52302,11653,N/A
2025-11-23T01:01:51.225636,100,21423,32.000317,36.01466,218.2,1,58-21423,11653,N/A
2025-11-23T01:01:51.225636,100,30732,32.004444,36.00834,359.4,1,58-30732,11651,N/A
2025-11-23T01:01:51.225636,100,95161,32.000343,36.014633,177.4,1,58-95161,11653,N/A
2025-11-23T01:01:51.225636,100,90702,32.021866,35.844257,43.9,1,58-90702,10613,N/A
2025-11-23T01:01:51.225636,100,10993,32.00027,36.014793,234.1,1,58-10993,11652,N/A
2025-11-23T01:01:51.225636,100,10981,31.999386,36.014343,0,1,58-10981,11653,N/A
2025-11-23T01:01:51.225636,100,11538,32.000355,36.014435,0,1,58-11538,11653,N/A
2025-11-23T01:01:51.225636,100,11520,32.000126,36.014256,298.39,1,58-11520,11653,N/A
2025-11-23T01:01:51.225636,100,93641,31.99996,36.015163,246.4,1,58-93641,11653,N/A
2025-11-23T01:01:51.225636,100,82779,31.963634,35.960278,36.1,1,58-82779,11653,N/A
2025-11-23T01:01:51.225636,100,10996,31.960546,35.956833,0,1,58-10996,11653,N/A
2025-11-23T01:01:51.225636,100,11544,31.961313,35.958122,0,1,58-11544,11653,N/A
2025-11-23T01:02:43.805573,99,22057,32.00033,36.01411,120.8,0,58-22057,11675,N/A
2025-11-23T01:02:43.805573,99,97202,32.000256,36.015682,11.6,0,58-97202,11671,N/A
2025-11-23T01:02:43.805573,99,32725,31.99941,36.014168,116.7,0,58-32725,10625,N/A
2025-11-23T01:02:43.805573,99,96335,31.94514,35.927013,105.5,0,58-96335,10641,N/A
2025-11-23T01:02:43.805573,99,72129,31.944706,35.928158,106.5,0,58-72129,10641,N/A
2025-11-23T01:02:43.805573,99,45556,32.020844,35.84248,286.7,0,58-45556,10612,N/A
2025-11-23T01:02:43.805573,99,11005,32.00024,36.015,0,0,58-11005,10625,N/A
2025-11-23T01:02:43.805573,99,28732,32.021748,35.842438,58.6,0,58-28732,10612,N/A
2025-11-23T01:02:43.805573,99,66163,32.02123,35.84215,346.2,0,58-66163,10612,N/A
2025-11-23T01:02:43.805573,99,56867,32.020847,35.842632,289.3,0,58-56867,10612,N/A
2025-11-23T01:02:43.805573,99,25354,31.944778,35.92804,106.1,0,58-25354,10641,N/A
2025-11-23T01:02:43.805573,99,11649,32.022224,35.845154,72.31,0,58-11649,10612,N/A
2025-11-23T01:02:43.805573,99,11547,32.00016,36.01502,0,0,58-11547,10622,N/A
2025-11-23T01:02:43.805573,99,37113,32.02191,35.843987,70,0,58-37113,10612,N/A
2025-11-23T01:02:43.805573,99,11718,31.94541,35.928734,0,0,58-11718,10635,N/A
2025-11-23T01:02:43.805573,99,49451,31.946053,35.92815,294.1,1,58-49451,10643,N/A
2025-11-23T01:02:43.805573,99,11670,32.00448,36.008205,0,1,58-11670,10636,N/A
2025-11-23T01:02:43.805573,99,11499,32.00014,36.015255,0,1,58-11499,10635,N/A
2025-11-23T01:02:43.805573,99,11526,32.0002,36.01552,0,1,58-11526,10622,N/A
2025-11-23T01:02:43.805573,99,73439,32.023087,35.848095,252.9,1,58-73439,10613,N/A
2025-11-23T01:02:43.805573,99,52827,31.94586,35.91979,285.5,1,58-52827,10643,N/A
2025-11-23T01:02:43.805573,99,11493,31.94533,35.928787,0,1,58-11493,10643,N/A
2025-11-23T01:02:43.805573,99,11496,32.00006,36.015587,192.2,1,58-11496,10642,N/A
2025-11-23T01:02:43.805573,100,50152,32.017296,36.00168,157.19,0,58-50152,10613,N/A
2025-11-23T01:02:43.805573,100,63240,32.001354,36.014027,197,0,58-63240,11649,N/A
2025-11-23T01:02:43.805573,100,98191,32.000126,36.015465,190.8,0,58-98191,10622,N/A
2025-11-23T01:02:43.805573,100,10975,31.999632,36.016132,197.68,0,58-10975,11649,N/A
2025-11-23T01:02:43.805573,100,48886,32.00026,36.015392,21.5,0,58-48886,11649,N/A
2025-11-23T01:02:43.805573,100,11523,32.000935,36.013863,197.6,0,58-11523,10612,N/A
2025-11-23T01:02:43.805573,100,11014,32.004826,36.014347,132.1,0,58-11014,10623,N/A
2025-11-23T01:02:43.805573,100,11724,32.000275,36.01534,0,0,58-11724,11648,N/A
2025-11-23T01:02:43.805573,100,40779,31.96065,35.95736,40.9,0,58-40779,11651,N/A
2025-11-23T01:02:43.805573,100,24926,31.999966,36.015114,232.1,0,58-24926,11653,N/A
2025-11-23T01:02:43.805573,100,50752,32.000263,36.01564,74.8,1,58-50752,11653,N/A
2025-11-23T01:02:43.805573,100,05961,32.000313,36.015438,31.1,1,58-95961,11653,N/A
2025-11-23T01:02:43.805573,100,16863,32.000065,36.01559,0,1,58-16863,11653,N/A
2025-11-23T01:02:43.805573,100,97599,31.992634,35.890064,309.89,1,58-97599,10622,N/A
2025-11-23T01:02:43.805573,100,10987,32.000244,36.01543,0,1,58-10987,11653,N/A
2025-11-23T01:02:43.805573,100,52302,31.964375,35.960926,34.79,1,58-52302,11653,N/A
2025-11-23T01:02:43.805573,100,21423,32.000317,36.01466,218.2,1,58-21423,11653,N/A
2025-11-23T01:02:43.805573,100,30732,32.004444,36.00834,359.4,1,58-30732,11653,N/A
2025-11-23T01:02:43.805573,100,95161,32.000343,36.014633,177.4,1,58-95161,11653,N/A
2025-11-23T01:02:43.805573,100,90702,32.021866,35.844257,43.9,1,58-90702,10613,N/A
2025-11-23T01:02:43.805573,100,10993,32.00027,36.014793,234.1,1,58-10993,11653,N/A
2025-11-23T01:02:43.805573,100,10981,31.999386,36.014343,0,1,58-10981,11651,N/A
2025-11-23T01:02:43.805573,100,11538,32.000355,36.014435,0,1,58-11538,11652,N/A
2025-11-23T01:02:43.805573,100,11520,32.000126,36.014256,298.39,1,58-11520,11653,N/A
2025-11-23T01:02:43.805573,100,93641,31.99996,36.015163,246.4,1,58-93641,11653,N/A
2025-11-23T01:02:43.805573,100,82779,31.963634,35.960278,36.1,1,58-82779,11653,N/A
2025-11-23T01:02:43.805573,100,10996,31.960546,35.956833,0,1,58-10996,11653,N/A
2025-11-23T01:02:43.805573,100,11544,31.961313,35.958122,0,1,58-11544,11653,N/A
2025-11-23T01:03:33.570817,99,22057,32.00033,36.01411,120.8,0,58-22057,11675,N/A
2025-11-23T01:03:33.570817,99,97202,32.000256,36.015682,11.6,0,58-97202,11671,N/A
2025-11-23T01:03:33.570817,99,32725,31.99941,36.014168,116.7,0,58-32725,10625,N/A
2025-11-23T01:03:33.570817,99,96335,31.94514,35.927013,105.5,0,58-96335,10641,N/A
2025-11-23T01:03:33.570817,99,72129,31.944706,35.928158,106.5,0,58-72129,10641,N/A
2025-11-23T01:03:33.570817,99,45556,32.020844,35.84248,286.7,0,58-45556,10612,N/A
2025-11-23T01:03:33.570817,99,11005,32.00024,36.015,0,0,58-11005,10625,N/A
2025-11-23T01:03:33.570817,99,28732,32.021748,35.842438,58.6,0,58-28732,10612,N/A
2025-11-23T01:03:33.570817,99,66163,32.02123,35.84215,346.2,0,58-66163,10612,N/A
2025-11-23T01:03:33.570817,99,56867,32.020847,35.842632,289.3,0,58-56867,10612,N/A
2025-11-23T01:03:33.570817,99,25354,31.944778,35.92804,106.1,0,58-25354,10641,N/A
2025-11-23T01:03:33.570817,99,11649,32.022224,35.845154,72.31,0,58-11649,10612,N/A
2025-11-23T01:03:33.570817,99,11547,32.00016,36.01502,0,0,58-11547,10622,N/A
2025-11-23T01:03:33.570817,99,37113,32.02191,35.843987,70,0,58-37113,10612,N/A
2025-11-23T01:03:33.570817,99,11718,31.94541,35.928734,0,0,58-11718,10635,N/A
2025-11-23T01:03:33.570817,99,49451,31.946053,35.92815,294.1,1,58-49451,10643,N/A
2025-11-23T01:03:33.570817,99,11670,32.00448,36.008205,0,1,58-11670,10636,N/A
2025-11-23T01:03:33.570817,99,11499,32.00014,36.015255,0,1,58-11499,10635,N/A
2025-11-23T01:03:33.570817,99,11526,32.0002,36.01552,0,1,58-11526,10622,N/A
2025-11-23T01:03:33.570817,99,73439,32.023087,35.848095,252.9,1,58-73439,10613,N/A
2025-11-23T01:03:33.570817,99,52827,31.94586,35.91979,285.5,1,58-52827,10643,N/A
2025-11-23T01:03:33.570817,99,11493,31.94533,35.928787,0,1,58-11493,10643,N/A
2025-11-23T01:03:33.570817,99,11496,32.00006,36.015587,192.2,1,58-11496,10642,N/A
2025-11-23T01:03:33.570817,100,50152,32.014256,36.0005,221.3,0,58-50152,10613,N/A
2025-11-23T01:03:33.570817,100,63240,32.001354,36.014027,197,0,58-63240,11649,N/A
2025-11-23T01:03:33.570817,100,98191,32.00009,36.015476,0,0,58-98191,10622,N/A
2025-11-23T01:03:33.570817,100,10975,31.999632,36.016132,197.68,0,58-10975,11649,N/A
2025-11-23T01:03:33.570817,100,48886,32.00026,36.015392,21.5,0,58-48886,11649,N/A
2025-11-23T01:03:33.570817,100,11523,32.000935,36.013863,197.6,0,58-11523,10612,N/A
2025-11-23T01:03:33.570817,100,11014,32.004826,36.014347,132.1,0,58-11014,10619,N/A
2025-11-23T01:03:33.570817,100,11724,32.000275,36.01534,0,0,58-11724,11648,N/A
2025-11-23T01:03:33.570817,100,40779,31.96065,35.95736,40.9,0,58-40779,11651,N/A
2025-11-23T01:03:33.570817,100,24926,31.999966,36.015114,232.1,0,58-24926,11653,N/A
2025-11-23T01:03:33.570817,100,50752,32.000263,36.01564,74.8,1,58-50752,11651,N/A
2025-11-23T01:03:33.570817,100,05961,32.000313,36.015438,31.1,1,58-95961,11653,N/A
2025-11-23T01:03:33.570817,100,16863,32.000065,36.01559,0,1,58-16863,11653,N/A
2025-11-23T01:03:33.570817,100,97599,31.992634,35.890064,309.89,1,58-97599,10622,N/A
2025-11-23T01:03:33.570817,100,10987,32.000244,36.01543,0,1,58-10987,11653,N/A
2025-11-23T01:03:33.570817,100,52302,31.964375,35.960926,34.79,1,58-52302,11653,N/A
2025-11-23T01:03:33.570817,100,21423,32.000317,36.01466,218.2,1,58-21423,11653,N/A
2025-11-23T01:03:33.570817,100,30732,32.004444,36.00834,359.4,1,58-30732,11651,N/A
2025-11-23T01:03:33.570817,100,95161,32.000343,36.014633,177.4,1,58-95161,11653,N/A
2025-11-23T01:03:33.570817,100,90702,32.021866,35.844257,43.9,1,58-90702,10613,N/A
2025-11-23T01:03:33.570817,100,10993,32.00027,36.014793,234.1,1,58-10993,11652,N/A
2025-11-23T01:03:33.570817,100,10981,31.999386,36.014343,0,1,58-10981,11653,N/A
2025-11-23T01:03:33.570817,100,11538,32.000355,36.014435,0,1,58-11538,11653,N/A
2025-11-23T01:03:33.570817,100,11520,32.000126,36.014256,298.39,1,58-11520,11653,N/A
2025-11-23T01:03:33.570817,100,93641,31.99996,36.015163,246.4,1,58-93641,11653,N/A
2025-11-23T01:03:33.570817,100,82779,31.963634,35.960278,36.1,1,58-82779,11653,N/A
2025-11-23T01:03:33.570817,100,10996,31.960546,35.956833,0,1,58-10996,11653,N/A
2025-11-23T01:03:33.570817,100,11544,31.961313,35.958122,0,1,58-11544,11653,N/A
2025-11-23T01:04:30.084516,99,22057,32.00033,36.01411,120.8,0,58-22057,11675,N/A
2025-11-23T01:04:30.084516,99,97202,32.000256,36.015682,11.6,0,58-97202,11671,N/A
2025-11-23T01:04:30.084516,99,32725,31.99941,36.014168,116.7,0,58-32725,10625,N/A
2025-11-23T01:04:30.084516,99,96335,31.94514,35.927013,105.5,0,58-96335,10641,N/A
2025-11-23T01:04:30.084516,99,72129,31.944706,35.928158,106.5,0,58-72129,10641,N/A
2025-11-23T01:04:30.084516,99,45556,32.020844,35.84248,286.7,0,58-45556,10612,N/A
2025-11-23T01:04:30.084516,99,11005,32.00024,36.015,0,0,58-11005,10625,N/A
2025-11-23T01:04:30.084516,99,28732,32.021748,35.842438,58.6,0,58-28732,10612,N/A
2025-11-23T01:04:30.084516,99,66163,32.02123,35.84215,346.2,0,58-66163,10612,N/A
2025-11-23T01:04:30.084516,99,56867,32.020847,35.842632,289.3,0,58-56867,10612,N/A
2025-11-23T01:04:30.084516,99,25354,31.944778,35.92804,106.1,0,58-25354,10641,N/A
2025-11-23T01:04:30.084516,99,11649,32.022224,35.845154,72.31,0,58-11649,10612,N/A
2025-11-23T01:04:30.084516,99,11547,32.00016,36.01502,0,0,58-11547,10622,N/A
2025-11-23T01:04:30.084516,99,37113,32.02191,35.843987,70,0,58-37113,10612,N/A
2025-11-23T01:04:30.084516,99,11718,31.94541,35.928734,0,0,58-11718,10635,N/A
2025-11-23T01:04:30.084516,99,49451,31.946053,35.92815,294.1,1,58-49451,10643,N/A
2025-11-23T01:04:30.084516,99,11670,32.00448,36.008205,0,1,58-11670,10636,N/A
2025-11-23T01:04:30.084516,99,11499,32.00014,36.015255,0,1,58-11499,10635,N/A
2025-11-23T01:04:30.084516,99,11526,32.0002,36.01552,0,1,58-11526,10622,N/A
2025-11-23T01:04:30.084516,99,73439,32.023087,35.848095,252.9,1,58-73439,10613,N/A
2025-11-23T01:04:30.084516,99,52827,31.94586,35.91979,285.5,1,58-52827,10643,N/A
2025-11-23T01:04:30.084516,99,11493,31.94533,35.928787,0,1,58-11493,10643,N/A
2025-11-23T01:04:30.084516,99,11496,32.00006,36.015587,192.2,1,58-11496,10642,N/A
2025-11-23T01:04:30.084516,100,50152,32.00953,35.998074,205.1,0,58-50152,10613,N/A
2025-11-23T01:04:30.084516,100,63240,32.001354,36.014027,197,0,58-63240,11649,N/A
2025-11-23T01:04:30.084516,100,98191,32.00009,36.015476,0,0,58-98191,10622,N/A
2025-11-23T01:04:30.084516,100,10975,31.999632,36.016132,197.68,0,58-10975,11649,N/A
2025-11-23T01:04:30.084516,100,48886,32.00026,36.015392,21.5,0,58-48886,11649,N/A
2025-11-23T01:04:30.084516,100,11523,32.000935,36.013863,197.6,0,58-11523,10612,N/A
2025-11-23T01:04:30.084516,100,11014,32.004826,36.014347,132.1,0,58-11014,10619,N/A
2025-11-23T01:04:30.084516,100,11724,32.000275,36.01534,0,0,58-11724,11648,N/A
2025-11-23T01:04:30.084516,100,40779,31.96065,35.95736,40.9,0,58-40779,11651,N/A
2025-11-23T01:04:30.084516,100,24926,31.999966,36.015114,232.1,0,58-24926,11653,N/A
2025-11-23T01:04:30.084516,100,50752,32.000263,36.01564,74.8,1,58-50752,11651,N/A
2025-11-23T01:04:30.084516,100,05961,32.000313,36.015438,31.1,1,58-95961,11653,N/A
2025-11-23T01:04:30.084516,100,16863,32.000065,36.01559,0,1,58-16863,11653,N/A
2025-11-23T01:04:30.084516,100,97599,31.992634,35.890064,309.89,1,58-97599,10622,N/A
2025-11-23T01:04:30.084516,100,10987,32.000244,36.01543,0,1,58-10987,11653,N/A
2025-11-23T01:04:30.084516,100,52302,31.964375,35.960926,34.79,1,58-52302,11653,N/A
2025-11-23T01:04:30.084516,100,21423,32.000317,36.01466,218.2,1,58-21423,11653,N/A
2025-11-23T01:04:30.084516,100,30732,32.004444,36.00834,359.4,1,58-30732,11651,N/A
2025-11-23T01:04:30.084516,100,95161,32.000343,36.014633,177.4,1,58-95161,11653,N/A
2025-11-23T01:04:30.084516,100,90702,32.021866,35.844257,43.9,1,58-90702,10613,N/A
2025-11-23T01:04:30.084516,100,10993,32.00027,36.014793,234.1,1,58-10993,11652,N/A
2025-11-23T01:04:30.084516,100,10981,31.999386,36.014343,0,1,58-10981,11653,N/A
2025-11-23T01:04:30.084516,100,11538,32.000355,36.014435,0,1,58-11538,11653,N/A
2025-11-23T01:04:30.084516,100,11520,32.000126,36.014256,298.39,1,58-11520,11653,N/A
2025-11-23T01:04:30.084516,100,93641,31.99996,36.015163,246.4,1,58-93641,11653,N/A
2025-11-23T01:04:30.084516,100,82779,31.963634,35.960278,36.1,1,58-82779,11653,N/A
2025-11-23T01:04:30.084516,100,10996,31.960546,35.956833,0,1,58-10996,11653,N/A
2025-11-23T01:04:30.084516,100,11544,31.961313,35.958122,0,1,58-11544,11653,N/A
2025-11-23T01:05:16.355376,99,22057,32.00033,36.01411,120.8,0,58-22057,10614,N/A
2025-11-23T01:05:16.355376,99,97202,32.000256,36.015682,11.6,0,58-97202,11671,N/A
2025-11-23T01:05:16.355376,99,32725,31.99941,36.014168,116.7,0,58-32725,10625,N/A
2025-11-23T01:05:16.355376,99,96335,31.94514,35.927013,105.5,0,58-96335,10641,N/A
2025-11-23T01:05:16.355376,99,72129,31.944706,35.928158,106.5,0,58-72129,10641,N/A
2025-11-23T01:05:16.355376,99,45556,32.020844,35.84248,286.7,0,58-45556,10612,N/A
2025-11-23T01:05:16.355376,99,11005,32.00024,36.015,0,0,58-11005,10625,N/A
2025-11-23T01:05:16.355376,99,28732,32.021492,35.842632,46.1,0,58-28732,10612,N/A
2025-11-23T01:05:16.355376,99,66163,32.02123,35.84215,346.2,0,58-66163,10612,N/A
2025-11-23T01:05:16.355376,99,56867,32.020847,35.842632,289.3,0,58-56867,10612,N/A
2025-11-23T01:05:16.355376,99,25354,31.944778,35.92804,106.1,0,58-25354,10641,N/A
2025-11-23T01:05:16.355376,99,11649,32.022224,35.845154,72.31,0,58-11649,10612,N/A
2025-11-23T01:05:16.355376,99,11547,32.00016,36.01502,0,0,58-11547,10622,N/A
2025-11-23T01:05:16.355376,99,37113,32.02158,35.842438,0,0,58-37113,10612,N/A
2025-11-23T01:05:16.355376,99,11718,31.94541,35.928734,0,0,58-11718,10635,N/A
2025-11-23T01:05:16.355376,99,49451,31.946053,35.92815,294.1,1,58-49451,10643,N/A
2025-11-23T01:05:16.355376,99,11670,32.00448,36.008205,0,1,58-11670,10636,N/A
2025-11-23T01:05:16.355376,99,11499,32.00014,36.015255,0,1,58-11499,10635,N/A
2025-11-23T01:05:16.355376,99,11526,32.0002,36.01552,0,1,58-11526,10622,N/A
2025-11-23T01:05:16.355376,99,73439,32.023087,35.848095,252.9,1,58-73439,10613,N/A
2025-11-23T01:05:16.355376,99,52827,31.94586,35.91979,285.5,1,58-52827,10643,N/A
2025-11-23T01:05:16.355376,99,11493,31.94533,35.928787,0,1,58-11493,10643,N/A
2025-11-23T01:05:16.355376,99,11496,32.00006,36.015587,192.2,1,58-11496,10642,N/A
2025-11-23T01:05:16.355376,100,50152,32.00767,35.996735,191.3,0,58-50152,10613,N/A
2025-11-23T01:05:16.355376,100,63240,32.001354,36.014027,197,0,58-63240,11649,N/A
2025-11-23T01:05:16.355376,100,98191,32.00009,36.015476,0,0,58-98191,10622,N/A
2025-11-23T01:05:16.355376,100,10975,31.999632,36.016132,197.68,0,58-10975,11649,N/A
2025-11-23T01:05:16.355376,100,48886,32.00026,36.015392,21.5,0,58-48886,11649,N/A
2025-11-23T01:05:16.355376,100,11523,32.000935,36.013863,197.6,0,58-11523,10612,N/A
2025-11-23T01:05:16.355376,100,11014,32.004826,36.014347,132.1,0,58-11014,10619,N/A
2025-11-23T01:05:16.355376,100,11724,32.000275,36.01534,0,0,58-11724,11648,N/A
2025-11-23T01:05:16.355376,100,40779,31.96065,35.95736,40.9,0,58-40779,11651,N/A
2025-11-23T01:05:16.355376,100,24926,31.999966,36.015114,232.1,0,58-24926,11653,N/A
2025-11-23T01:05:16.355376,100,50752,32.000263,36.01564,74.8,1,58-50752,11651,N/A
2025-11-23T01:05:16.355376,100,05961,32.000313,36.015438,31.1,1,58-95961,11653,N/A
2025-11-23T01:05:16.355376,100,16863,32.000065,36.01559,0,1,58-16863,11653,N/A
2025-11-23T01:05:16.355376,100,97599,31.992634,35.890064,309.89,1,58-97599,10622,N/A
2025-11-23T01:05:16.355376,100,10987,32.000244,36.01543,0,1,58-10987,11653,N/A
2025-11-23T01:05:16.355376,100,52302,31.964375,35.960926,34.79,1,58-52302,11653,N/A
2025-11-23T01:05:16.355376,100,21423,32.000317,36.01466,218.2,1,58-21423,11653,N/A
2025-11-23T01:05:16.355376,100,30732,32.004444,36.00834,359.4,1,58-30732,11651,N/A
2025-11-23T01:05:16.355376,100,95161,32.000343,36.014633,177.4,1,58-95161,11653,N/A
2025-11-23T01:05:16.355376,100,90702,32.021866,35.844257,43.9,1,58-90702,10613,N/A
2025-11-23T01:05:16.355376,100,10993,32.00027,36.014793,234.1,1,58-10993,11652,N/A
2025-11-23T01:05:16.355376,100,10981,31.999386,36.014343,0,1,58-10981,11653,N/A
2025-11-23T01:05:16.355376,100,11538,32.000355,36.014435,0,1,58-11538,11653,N/A
2025-11-23T01:05:16.355376,100,11520,32.000126,36.014256,298.39,1,58-11520,11653,N/A
2025-11-23T01:05:16.355376,100,93641,31.99996,36.015163,246.4,1,58-93641,11653,N/A
2025-11-23T01:05:16.355376,100,82779,31.963634,35.960278,36.1,1,58-82779,11653,N/A
2025-11-23T01:05:16.355376,100,10996,31.960546,35.956833,0,1,58-10996,11653,N/A
2025-11-23T01:05:16.355376,100,11544,31.961313,35.958122,0,1,58-11544,11653,N/A
2025-11-23T01:06:20.182618,99,22057,32.00033,36.01411,120.8,0,58-22057,10614,N/A
2025-11-23T01:06:20.182618,99,97202,32.000256,36.015682,11.6,0,58-97202,11671,N/A
2025-11-23T01:06:20.182618,99,32725,31.99941,36.014168,116.7,0,58-32725,10625,N/A
2025-11-23T01:06:20.182618,99,96335,31.94514,35.927013,105.5,0,58-96335,10641,N/A
2025-11-23T01:06:20.182618,99,72129,31.944706,35.928158,106.5,0,58-72129,10641,N/A
2025-11-23T01:06:20.182618,99,45556,32.020844,35.84248,286.7,0,58-45556,10612,N/A
2025-11-23T01:06:20.182618,99,11005,32.00024,36.015,0,0,58-11005,10625,N/A
2025-11-23T01:06:20.182618,99,28732,32.021492,35.842632,46.1,0,58-28732,10612,N/A
2025-11-23T01:06:20.182618,99,66163,32.02123,35.84215,346.2,0,58-66163,10612,N/A
2025-11-23T01:06:20.182618,99,56867,32.020847,35.842632,289.3,0,58-56867,10612,N/A
2025-11-23T01:06:20.182618,99,25354,31.944778,35.92804,106.1,0,58-25354,10641,N/A
2025-11-23T01:06:20.182618,99,11649,32.022224,35.845154,72.31,0,58-11649,10612,N/A
2025-11-23T01:06:20.182618,99,11547,32.00016,36.01502,0,0,58-11547,10622,N/A
2025-11-23T01:06:20.182618,99,37113,32.02158,35.842438,0,0,58-37113,10612,N/A
2025-11-23T01:06:20.182618,99,11718,31.94541,35.928734,0,0,58-11718,10635,N/A
2025-11-23T01:06:20.182618,99,49451,31.946053,35.92815,294.1,1,58-49451,10643,N/A
2025-11-23T01:06:20.182618,99,11670,32.00448,36.008205,0,1,58-11670,10636,N/A
2025-11-23T01:06:20.182618,99,11499,32.00014,36.015255,0,1,58-11499,10635,N/A
2025-11-23T01:06:20.182618,99,11526,32.0002,36.01552,0,1,58-11526,10622,N/A
2025-11-23T01:06:20.182618,99,73439,32.023087,35.848095,252.9,1,58-73439,10613,N/A
2025-11-23T01:06:20.182618,99,52827,31.94586,35.91979,285.5,1,58-52827,10643,N/A
2025-11-23T01:06:20.182618,99,11493,31.94533,35.928787,0,1,58-11493,10643,N/A
2025-11-23T01:06:20.182618,99,11496,32.00006,36.015587,192.2,1,58-11496,10642,N/A
2025-11-23T01:06:20.182618,100,50152,32.00694,36.000847,67.3,0,58-50152,10613,N/A
2025-11-23T01:06:20.182618,100,63240,32.001354,36.014027,197,0,58-63240,11649,N/A
2025-11-23T01:06:20.182618,100,98191,32.000126,36.015465,190.8,0,58-98191,10622,N/A
2025-11-23T01:06:20.182618,100,10975,31.999632,36.016132,197.68,0,58-10975,11649,N/A
2025-11-23T01:06:20.182618,100,48886,32.00026,36.015392,21.5,0,58-48886,11649,N/A
2025-11-23T01:06:20.182618,100,11523,32.000935,36.013863,197.6,0,58-11523,10612,N/A
2025-11-23T01:06:20.182618,100,11014,32.004826,36.014347,132.1,0,58-11014,10623,N/A
2025-11-23T01:06:20.182618,100,11724,32.000275,36.01534,0,0,58-11724,11648,N/A
2025-11-23T01:06:20.182618,100,40779,31.96065,35.95736,40.9,0,58-40779,11651,N/A
2025-11-23T01:06:20.182618,100,24926,31.999966,36.015114,232.1,0,58-24926,11653,N/A
2025-11-23T01:06:20.182618,100,50752,32.000263,36.01564,74.8,1,58-50752,11653,N/A
2025-11-23T01:06:20.182618,100,05961,32.000313,36.015438,31.1,1,58-95961,11653,N/A
2025-11-23T01:06:20.182618,100,16863,32.000065,36.01559,0,1,58-16863,11653,N/A
2025-11-23T01:06:20.182618,100,97599,31.992634,35.890064,309.89,1,58-97599,10622,N/A
2025-11-23T01:06:20.182618,100,10987,32.000244,36.01543,0,1,58-10987,11653,N/A
2025-11-23T01:06:20.182618,100,52302,31.964375,35.960926,34.79,1,58-52302,11653,N/A
2025-11-23T01:06:20.182618,100,21423,32.000317,36.01466,218.2,1,58-21423,11653,N/A
2025-11-23T01:06:20.182618,100,30732,32.004444,36.00834,359.4,1,58-30732,11653,N/A
2025-11-23T01:06:20.182618,100,95161,32.000343,36.014633,177.4,1,58-95161,11653,N/A
2025-11-23T01:06:20.182618,100,90702,32.021866,35.844257,43.9,1,58-90702,10613,N/A
2025-11-23T01:06:20.182618,100,10993,32.00027,36.014793,234.1,1,58-10993,11653,N/A
2025-11-23T01:06:20.182618,100,10981,31.999386,36.014343,0,1,58-10981,11651,N/A
2025-11-23T01:06:20.182618,100,11538,32.000355,36.014435,0,1,58-11538,11652,N/A
2025-11-23T01:06:20.182618,100,11520,32.000126,36.014256,298.39,1,58-11520,11653,N/A
2025-11-23T01:06:20.182618,100,93641,31.99996,36.015163,246.4,1,58-93641,11653,N/A
2025-11-23T01:06:20.182618,100,82779,31.963634,35.960278,36.1,1,58-82779,11653,N/A
2025-11-23T01:06:20.182618,100,10996,31.960546,35.956833,0,1,58-10996,11653,N/A
2025-11-23T01:06:20.182618,100,11544,31.961313,35.958122,0,1,58-11544,11653,N/A
2025-11-23T01:07:06.971028,99,22057,32.00033,36.01411,120.8,0,58-22057,11675,N/A
2025-11-23T01:07:06.971028,99,97202,32.000256,36.015682,11.6,0,58-97202,11671,N/A
2025-11-23T01:07:06.971028,99,32725,31.99941,36.014168,116.7,0,58-32725,10625,N/A
2025-11-23T01:07:06.971028,99,96335,31.94514,35.927013,105.5,0,58-96335,10641,N/A
2025-11-23T01:07:06.971028,99,72129,31.944706,35.928158,106.5,0,58-72129,10641,N/A
2025-11-23T01:07:06.971028,99,45556,32.020844,35.84248,286.7,0,58-45556,10612,N/A
2025-11-23T01:07:06.971028,99,11005,32.00024,36.015,0,0,58-11005,10625,N/A
2025-11-23T01:07:06.971028,99,28732,32.021748,35.842438,58.6,0,58-28732,10612,N/A
2025-11-23T01:07:06.971028,99,66163,32.02123,35.84215,346.2,0,58-66163,10612,N/A
2025-11-23T01:07:06.971028,99,56867,32.020847,35.842632,289.3,0,58-56867,10612,N/A
2025-11-23T01:07:06.971028,99,25354,31.944778,35.92804,106.1,0,58-25354,10641,N/A
2025-11-23T01:07:06.971028,99,11649,32.022224,35.845154,72.31,0,58-11649,10612,N/A
2025-11-23T01:07:06.971028,99,11547,32.00016,36.01502,0,0,58-11547,10622,N/A
2025-11-23T01:07:06.971028,99,37113,32.02191,35.843987,70,0,58-37113,10612,N/A
2025-11-23T01:07:06.971028,99,11718,31.94541,35.928734,0,0,58-11718,10635,N/A
2025-11-23T01:07:06.971028,99,49451,31.946053,35.92815,294.1,1,58-49451,10643,N/A
2025-11-23T01:07:06.971028,99,11670,32.00448,36.008205,0,1,58-11670,10636,N/A
2025-11-23T01:07:06.971028,99,11499,32.00014,36.015255,0,1,58-11499,10635,N/A
2025-11-23T01:07:06.971028,99,11526,32.0002,36.01552,0,1,58-11526,10622,N/A
2025-11-23T01:07:06.971028,99,73439,32.023087,35.848095,252.9,1,58-73439,10613,N/A
2025-11-23T01:07:06.971028,99,52827,31.94586,35.91979,285.5,1,58-52827,10643,N/A
2025-11-23T01:07:06.971028,99,11493,31.94533,35.928787,0,1,58-11493,10643,N/A
2025-11-23T01:07:06.971028,99,11496,32.00006,36.015587,192.2,1,58-11496,10642,N/A
2025-11-23T01:07:06.971028,100,50152,32.005253,36.003197,168.1,0,58-50152,10613,N/A
2025-11-23T01:07:06.971028,100,63240,32.001354,36.014027,197,0,58-63240,11649,N/A
2025-11-23T01:07:06.971028,100,98191,32.000126,36.015465,190.8,0,58-98191,10622,N/A
2025-11-23T01:07:06.971028,100,10975,31.999632,36.016132,197.68,0,58-10975,11649,N/A
2025-11-23T01:07:06.971028,100,48886,32.00026,36.015392,21.5,0,58-48886,11649,N/A
2025-11-23T01:07:06.971028,100,11523,32.000935,36.013863,197.6,0,58-11523,10612,N/A
2025-11-23T01:07:06.971028,100,11014,32.004826,36.014347,132.1,0,58-11014,10623,N/A
2025-11-23T01:07:06.971028,100,11724,32.000275,36.01534,0,0,58-11724,11648,N/A
2025-11-23T01:07:06.971028,100,40779,31.96065,35.95736,40.9,0,58-40779,11651,N/A
2025-11-23T01:07:06.971028,100,24926,31.999966,36.015114,232.1,0,58-24926,11653,N/A
2025-11-23T01:07:06.971028,100,50752,32.000263,36.01564,74.8,1,58-50752,11651,N/A
2025-11-23T01:07:06.971028,100,05961,32.000313,36.015438,31.1,1,58-95961,11653,N/A
2025-11-23T01:07:06.971028,100,16863,32.000065,36.01559,0,1,58-16863,11653,N/A
2025-11-23T01:07:06.971028,100,97599,31.992634,35.890064,309.89,1,58-97599,10622,N/A
2025-11-23T01:07:06.971028,100,10987,32.000244,36.01543,0,1,58-10987,11653,N/A
2025-11-23T01:07:06.971028,100,52302,31.964375,35.960926,34.79,1,58-52302,11653,N/A
2025-11-23T01:07:06.971028,100,21423,32.000317,36.01466,218.2,1,58-21423,11653,N/A
2025-11-23T01:07:06.971028,100,30732,32.004444,36.00834,359.4,1,58-30732,11651,N/A
2025-11-23T01:07:06.971028,100,95161,32.000343,36.014633,177.4,1,58-95161,11653,N/A
2025-11-23T01:07:06.971028,100,90702,32.021866,35.844257,43.9,1,58-90702,10613,N/A
2025-11-23T01:07:06.971028,100,10993,32.00027,36.014793,234.1,1,58-10993,11652,N/A
2025-11-23T01:07:06.971028,100,10981,31.999386,36.014343,0,1,58-10981,11653,N/A
2025-11-23T01:07:06.971028,100,11538,32.000355,36.014435,0,1,58-11538,11653,N/A
2025-11-23T01:07:06.971028,100,11520,32.000126,36.014256,298.39,1,58-11520,11653,N/A
2025-11-23T01:07:06.971028,100,93641,31.99996,36.015163,246.4,1,58-93641,11653,N/A
2025-11-23T01:07:06.971028,100,82779,31.963634,35.960278,36.1,1,58-82779,11653,N/A
2025-11-23T01:07:06.971028,100,10996,31.960546,35.956833,0,1,58-10996,11653,N/A
2025-11-23T01:07:06.971028,100,11544,31.961313,35.958122,0,1,58-11544,11653,N/A
2025-11-23T01:08:05.811405,99,22057,32.00033,36.01411,120.8,0,58-22057,11675,N/A
2025-11-23T01:08:05.811405,99,97202,32.000256,36.015682,11.6,0,58-97202,11671,N/A
2025-11-23T01:08:05.811405,99,32725,31.99941,36.014168,116.7,0,58-32725,10625,N/A
2025-11-23T01:08:05.811405,99,96335,31.94514,35.927013,105.5,0,58-96335,10641,N/A
2025-11-23T01:08:05.811405,99,72129,31.944706,35.928158,106.5,0,58-72129,10641,N/A
2025-11-23T01:08:05.811405,99,45556,32.020844,35.84248,286.7,0,58-45556,10612,N/A
2025-11-23T01:08:05.811405,99,11005,32.00024,36.015,0,0,58-11005,10625,N/A
2025-11-23T01:08:05.811405,99,28732,32.021748,35.842438,58.6,0,58-28732,10612,N/A
2025-11-23T01:08:05.811405,99,66163,32.02123,35.84215,346.2,0,58-66163,10612,N/A
2025-11-23T01:08:05.811405,99,56867,32.020847,35.842632,289.3,0,58-56867,10612,N/A
2025-11-23T01:08:05.811405,99,25354,31.944778,35.92804,106.1,0,58-25354,10641,N/A
2025-11-23T01:08:05.811405,99,11649,32.022224,35.845154,72.31,0,58-11649,10612,N/A
2025-11-23T01:08:05.811405,99,11547,32.00016,36.01502,0,0,58-11547,10622,N/A
2025-11-23T01:08:05.811405,99,37113,32.02191,35.843987,70,0,58-37113,10612,N/A
2025-11-23T01:08:05.811405,99,11718,31.94541,35.928734,0,0,58-11718,10635,N/A
2025-11-23T01:08:05.811405,99,49451,31.946053,35.92815,294.1,1,58-49451,10643,N/A
2025-11-23T01:08:05.811405,99,11670,32.00448,36.008205,0,1,58-11670,10636,N/A
2025-11-23T01:08:05.811405,99,11499,32.00014,36.015255,0,1,58-11499,10635,N/A
2025-11-23T01:08:05.811405,99,11526,32.0002,36.01552,0,1,58-11526,10622,N/A
2025-11-23T01:08:05.811405,99,73439,32.023087,35.848095,252.9,1,58-73439,10613,N/A
2025-11-23T01:08:05.811405,99,52827,31.94586,35.91979,285.5,1,58-52827,10643,N/A
2025-11-23T01:08:05.811405,99,11493,31.94533,35.928787,0,1,58-11493,10643,N/A
2025-11-23T01:08:05.811405,99,11496,32.00006,36.015587,192.2,1,58-11496,10642,N/A
2025-11-23T01:08:05.811405,100,50152,32.004944,36.005898,74.3,0,58-50152,10613,N/A
2025-11-23T01:08:05.811405,100,63240,32.001354,36.014027,197,0,58-63240,11649,N/A
2025-11-23T01:08:05.811405,100,98191,32.00009,36.015476,0,0,58-98191,10622,N/A
2025-11-23T01:08:05.811405,100,10975,31.999632,36.016132,197.68,0,58-10975,11649,N/A
2025-11-23T01:08:05.811405,100,48886,32.00026,36.015392,21.5,0,58-48886,11649,N/A
2025-11-23T01:08:05.811405,100,11523,32.000935,36.013863,197.6,0,58-11523,10612,N/A
2025-11-23T01:08:05.811405,100,11014,32.004826,36.014347,132.1,0,58-11014,10619,N/A
2025-11-23T01:08:05.811405,100,11724,32.000275,36.01534,0,0,58-11724,11648,N/A
2025-11-23T01:08:05.811405,100,40779,31.96065,35.95736,40.9,0,58-40779,11651,N/A
2025-11-23T01:08:05.811405,100,24926,31.999966,36.015114,232.1,0,58-24926,11653,N/A
2025-11-23T01:08:05.811405,100,50752,32.000263,36.01564,74.8,1,58-50752,11651,N/A
2025-11-23T01:08:05.811405,100,05961,32.000313,36.015438,31.1,1,58-95961,11653,N/A
2025-11-23T01:08:05.811405,100,16863,32.000065,36.01559,0,1,58-16863,11653,N/A
2025-11-23T01:08:05.811405,100,97599,31.992634,35.890064,309.89,1,58-97599,10622,N/A
2025-11-23T01:08:05.811405,100,10987,32.000244,36.01543,0,1,58-10987,11653,N/A
2025-11-23T01:08:05.811405,100,52302,31.964375,35.960926,34.79,1,58-52302,11653,N/A
2025-11-23T01:08:05.811405,100,21423,32.000317,36.01466,218.2,1,58-21423,11653,N/A
2025-11-23T01:08:05.811405,100,30732,32.004444,36.00834,359.4,1,58-30732,11651,N/A
2025-11-23T01:08:05.811405,100,95161,32.000343,36.014633,177.4,1,58-95161,11653,N/A
2025-11-23T01:08:05.811405,100,90702,32.021866,35.844257,43.9,1,58-90702,10613,N/A
2025-11-23T01:08:05.811405,100,10993,32.00027,36.014793,234.1,1,58-10993,11652,N/A
2025-11-23T01:08:05.811405,100,10981,31.999386,36.014343,0,1,58-10981,11653,N/A
2025-11-23T01:08:05.811405,100,11538,32.000355,36.014435,0,1,58-11538,11653,N/A
2025-11-23T01:08:05.811405,100,11520,32.000126,36.014256,298.39,1,58-11520,11653,N/A
2025-11-23T01:08:05.811405,100,93641,31.99996,36.015163,246.4,1,58-93641,11653,N/A
2025-11-23T01:08:05.811405,100,82779,31.963634,35.960278,36.1,1,58-82779,11653,N/A
2025-11-23T01:08:05.811405,100,10996,31.960546,35.956833,0,1,58-10996,11653,N/A
2025-11-23T01:08:05.811405,100,11544,31.961313,35.958122,0,1,58-11544,11653,N/A
2025-11-23T01:08:56.808566,99,22057,32.00033,36.01411,120.8,0,58-22057,10614,N/A
2025-11-23T01:08:56.808566,99,97202,32.000256,36.015682,11.6,0,58-97202,11671,N/A
2025-11-23T01:08:56.808566,99,32725,31.99941,36.014168,116.7,0,58-32725,10625,N/A
2025-11-23T01:08:56.808566,99,96335,31.94514,35.927013,105.5,0,58-96335,10641,N/A
2025-11-23T01:08:56.808566,99,72129,31.944706,35.928158,106.5,0,58-72129,10641,N/A
2025-11-23T01:08:56.808566,99,45556,32.020844,35.84248,286.7,0,58-45556,10612,N/A
2025-11-23T01:08:56.808566,99,11005,32.00024,36.015,0,0,58-11005,10625,N/A
2025-11-23T01:08:56.808566,99,28732,32.021492,35.842632,46.1,0,58-28732,10612,N/A
2025-11-23T01:08:56.808566,99,66163,32.02123,35.84215,346.2,0,58-66163,10612,N/A
2025-11-23T01:08:56.808566,99,56867,32.020847,35.842632,289.3,0,58-56867,10612,N/A
2025-11-23T01:08:56.808566,99,25354,31.944778,35.92804,106.1,0,58-25354,10641,N/A
2025-11-23T01:08:56.808566,99,11649,32.022224,35.845154,72.31,0,58-11649,10612,N/A
2025-11-23T01:08:56.808566,99,11547,32.00016,36.01502,0,0,58-11547,10622,N/A
2025-11-23T01:08:56.808566,99,37113,32.02158,35.842438,0,0,58-37113,10612,N/A
2025-11-23T01:08:56.808566,99,11718,31.94541,35.928734,0,0,58-11718,10635,N/A
2025-11-23T01:08:56.808566,99,49451,31.946053,35.92815,294.1,1,58-49451,10643,N/A
2025-11-23T01:08:56.808566,99,11670,32.00448,36.008205,0,1,58-11670,10636,N/A
2025-11-23T01:08:56.808566,99,11499,32.00014,36.015255,0,1,58-11499,10635,N/A
2025-11-23T01:08:56.808566,99,11526,32.0002,36.01552,0,1,58-11526,10622,N/A
2025-11-23T01:08:56.808566,99,73439,32.023087,35.848095,252.9,1,58-73439,10613,N/A
2025-11-23T01:08:56.808566,99,52827,31.94586,35.91979,285.5,1,58-52827,10643,N/A
2025-11-23T01:08:56.808566,99,11493,31.94533,35.928787,0,1,58-11493,10643,N/A
2025-11-23T01:08:56.808566,99,11496,32.00006,36.015587,192.2,1,58-11496,10642,N/A
2025-11-23T01:08:56.808566,100,50152,32.006012,36.00835,78.4,0,58-50152,10613,N/A
2025-11-23T01:08:56.808566,100,63240,32.001354,36.014027,197,0,58-63240,11649,N/A
2025-11-23T01:08:56.808566,100,98191,32.000126,36.015465,190.8,0,58-98191,10622,N/A
2025-11-23T01:08:56.808566,100,10975,31.999632,36.016132,197.68,0,58-10975,11649,N/A
2025-11-23T01:08:56.808566,100,48886,32.00026,36.015392,21.5,0,58-48886,11649,N/A
2025-11-23T01:08:56.808566,100,11523,32.000935,36.013863,197.6,0,58-11523,10612,N/A
2025-11-23T01:08:56.808566,100,11014,32.004826,36.014347,132.1,0,58-11014,10623,N/A
2025-11-23T01:08:56.808566,100,11724,32.000275,36.01534,0,0,58-11724,11648,N/A
2025-11-23T01:08:56.808566,100,40779,31.96065,35.95736,40.9,0,58-40779,11651,N/A
2025-11-23T01:08:56.808566,100,24926,31.999966,36.015114,232.1,0,58-24926,11653,N/A
2025-11-23T01:08:56.808566,100,50752,32.000263,36.01564,74.8,1,58-50752,11653,N/A
2025-11-23T01:08:56.808566,100,05961,32.000313,36.015438,31.1,1,58-95961,11653,N/A
2025-11-23T01:08:56.808566,100,16863,32.000065,36.01559,0,1,58-16863,11653,N/A
2025-11-23T01:08:56.808566,100,97599,31.992634,35.890064,309.89,1,58-97599,10622,N/A
2025-11-23T01:08:56.808566,100,10987,32.000244,36.01543,0,1,58-10987,11653,N/A
2025-11-23T01:08:56.808566,100,52302,31.964375,35.960926,34.79,1,58-52302,11653,N/A
2025-11-23T01:08:56.808566,100,21423,32.000317,36.01466,218.2,1,58-21423,11653,N/A
2025-11-23T01:08:56.808566,100,30732,32.004444,36.00834,359.4,1,58-30732,11653,N/A
2025-11-23T01:08:56.808566,100,95161,32.000343,36.014633,177.4,1,58-95161,11653,N/A
2025-11-23T01:08:56.808566,100,90702,32.021866,35.844257,43.9,1,58-90702,10613,N/A
2025-11-23T01:08:56.808566,100,10993,32.00027,36.014793,234.1,1,58-10993,11653,N/A
2025-11-23T01:08:56.808566,100,10981,31.999386,36.014343,0,1,58-10981,11651,N/A
2025-11-23T01:08:56.808566,100,11538,32.000355,36.014435,0,1,58-11538,11652,N/A
2025-11-23T01:08:56.808566,100,11520,32.000126,36.014256,298.39,1,58-11520,11653,N/A
2025-11-23T01:08:56.808566,100,93641,31.99996,36.015163,246.4,1,58-93641,11653,N/A
2025-11-23T01:08:56.808566,100,82779,31.963634,35.960278,36.1,1,58-82779,11653,N/A
2025-11-23T01:08:56.808566,100,10996,31.960546,35.956833,0,1,58-10996,11653,N/A
2025-11-23T01:08:56.808566,100,11544,31.961313,35.958122,0,1,58-11544,11653,N/A
2025-11-23T01:09:47.408067,99,22057,32.00033,36.01411,120.8,0,58-22057,10614,N/A
2025-11-23T01:09:47.408067,99,97202,32.000256,36.015682,11.6,0,58-97202,11671,N/A
2025-11-23T01:09:47.408067,99,32725,31.99941,36.014168,116.7,0,58-32725,10625,N/A
2025-11-23T01:09:47.408067,99,96335,31.94514,35.927013,105.5,0,58-96335,10641,N/A
2025-11-23T01:09:47.408067,99,72129,31.944706,35.928158,106.5,0,58-72129,10641,N/A
2025-11-23T01:09:47.408067,99,45556,32.020844,35.84248,286.7,0,58-45556,10612,N/A
2025-11-23T01:09:47.408067,99,11005,32.00024,36.015,0,0,58-11005,10625,N/A
2025-11-23T01:09:47.408067,99,28732,32.021492,35.842632,46.1,0,58-28732,10612,N/A
2025-11-23T01:09:47.408067,99,66163,32.02123,35.84215,346.2,0,58-66163,10612,N/A
2025-11-23T01:09:47.408067,99,56867,32.020847,35.842632,289.3,0,58-56867,10612,N/A
2025-11-23T01:09:47.408067,99,25354,31.944778,35.92804,106.1,0,58-25354,10641,N/A
2025-11-23T01:09:47.408067,99,11649,32.022224,35.845154,72.31,0,58-11649,10612,N/A
2025-11-23T01:09:47.408067,99,11547,32.00016,36.01502,0,0,58-11547,10622,N/A
2025-11-23T01:09:47.408067,99,37113,32.02158,35.842438,0,0,58-37113,10612,N/A
2025-11-23T01:09:47.408067,99,11718,31.94541,35.928734,0,0,58-11718,10635,N/A
2025-11-23T01:09:47.408067,99,49451,31.946053,35.92815,294.1,1,58-49451,10643,N/A
2025-11-23T01:09:47.408067,99,11670,32.00448,36.008205,0,1,58-11670,10636,N/A
2025-11-23T01:09:47.408067,99,11499,32.00014,36.015255,0,1,58-11499,10635,N/A
2025-11-23T01:09:47.408067,99,11526,32.0002,36.01552,0,1,58-11526,10622,N/A
2025-11-23T01:09:47.408067,99,73439,32.023087,35.848095,252.9,1,58-73439,10613,N/A
2025-11-23T01:09:47.408067,99,52827,31.94586,35.91979,285.5,1,58-52827,10643,N/A
2025-11-23T01:09:47.408067,99,11493,31.94533,35.928787,0,1,58-11493,10643,N/A
2025-11-23T01:09:47.408067,99,11496,32.00006,36.015587,192.2,1,58-11496,10642,N/A
2025-11-23T01:09:47.408067,100,50152,32.005417,36.011982,100,0,58-50152,10613,N/A
2025-11-23T01:09:47.408067,100,63240,32.001354,36.014027,197,0,58-63240,11649,N/A
2025-11-23T01:09:47.408067,100,98191,32.00009,36.015476,0,0,58-98191,10622,N/A
2025-11-23T01:09:47.408067,100,10975,31.999632,36.016132,197.68,0,58-10975,11649,N/A
2025-11-23T01:09:47.408067,100,48886,32.00026,36.015392,21.5,0,58-48886,11649,N/A
2025-11-23T01:09:47.408067,100,11523,32.000935,36.013863,197.6,0,58-11523,10612,N/A
2025-11-23T01:09:47.408067,100,11014,32.004826,36.014347,132.1,0,58-11014,10619,N/A
2025-11-23T01:09:47.408067,100,11724,32.000275,36.01534,0,0,58-11724,11648,N/A
2025-11-23T01:09:47.408067,100,40779,31.96065,35.95736,40.9,0,58-40779,11651,N/A
2025-11-23T01:09:47.408067,100,24926,31.999966,36.015114,232.1,0,58-24926,11653,N/A
2025-11-23T01:09:47.408067,100,50752,32.000263,36.01564,74.8,1,58-50752,11653,N/A
2025-11-23T01:09:47.408067,100,05961,32.000313,36.015438,31.1,1,58-95961,11653,N/A
2025-11-23T01:09:47.408067,100,16863,32.000065,36.01559,0,1,58-16863,11653,N/A
2025-11-23T01:09:47.408067,100,97599,31.992634,35.890064,309.89,1,58-97599,10622,N/A
2025-11-23T01:09:47.408067,100,10987,32.000244,36.01543,0,1,58-10987,11653,N/A
2025-11-23T01:09:47.408067,100,52302,31.964375,35.960926,34.79,1,58-52302,11653,N/A
2025-11-23T01:09:47.408067,100,21423,32.000317,36.01466,218.2,1,58-21423,11653,N/A
2025-11-23T01:09:47.408067,100,30732,32.004444,36.00834,359.4,1,58-30732,11653,N/A
2025-11-23T01:09:47.408067,100,95161,32.000343,36.014633,177.4,1,58-95161,11653,N/A
2025-11-23T01:09:47.408067,100,90702,32.021866,35.844257,43.9,1,58-90702,10613,N/A
2025-11-23T01:09:47.408067,100,10993,32.00027,36.014793,234.1,1,58-10993,11653,N/A
2025-11-23T01:09:47.408067,100,10981,31.999386,36.014343,0,1,58-10981,11651,N/A
2025-11-23T01:09:47.408067,100,11538,32.000355,36.014435,0,1,58-11538,11652,N/A
2025-11-23T01:09:47.408067,100,11520,32.000126,36.014256,298.39,1,58-11520,11653,N/A
2025-11-23T01:09:47.408067,100,93641,31.99996,36.015163,246.4,1,58-93641,11653,N/A
2025-11-23T01:09:47.408067,100,82779,31.963634,35.960278,36.1,1,58-82779,11653,N/A
2025-11-23T01:09:47.408067,100,10996,31.960546,35.956833,0,1,58-10996,11653,N/A
2025-11-23T01:09:47.408067,100,11544,31.961313,35.958122,0,1,58-11544,11653,N/A
2025-11-23T01:10:44.021851,99,22057,32.00033,36.01411,120.8,0,58-22057,10614,N/A
2025-11-23T01:10:44.021851,99,97202,32.000256,36.015682,11.6,0,58-97202,11671,N/A
2025-11-23T01:10:44.021851,99,32725,31.99941,36.014168,116.7,0,58-32725,10625,N/A
2025-11-23T01:10:44.021851,99,96335,31.94514,35.927013,105.5,0,58-96335,10641,N/A
2025-11-23T01:10:44.021851,99,72129,31.944706,35.928158,106.5,0,58-72129,10641,N/A
2025-11-23T01:10:44.021851,99,45556,32.020844,35.84248,286.7,0,58-45556,10612,N/A
2025-11-23T01:10:44.021851,99,11005,32.00024,36.015,0,0,58-11005,10625,N/A
2025-11-23T01:10:44.021851,99,28732,32.021492,35.842632,46.1,0,58-28732,10612,N/A
2025-11-23T01:10:44.021851,99,66163,32.02123,35.84215,346.2,0,58-66163,10612,N/A
2025-11-23T01:10:44.021851,99,56867,32.020847,35.842632,289.3,0,58-56867,10612,N/A
2025-11-23T01:10:44.021851,99,25354,31.944778,35.92804,106.1,0,58-25354,10641,N/A
2025-11-23T01:10:44.021851,99,11649,32.022224,35.845154,72.31,0,58-11649,10612,N/A
2025-11-23T01:10:44.021851,99,11547,32.00016,36.01502,0,0,58-11547,10622,N/A
2025-11-23T01:10:44.021851,99,37113,32.02158,35.842438,0,0,58-37113,10612,N/A
2025-11-23T01:10:44.021851,99,11718,31.94541,35.928734,0,0,58-11718,10635,N/A
2025-11-23T01:10:44.021851,99,49451,31.946053,35.92815,294.1,1,58-49451,10643,N/A
2025-11-23T01:10:44.021851,99,11670,32.00448,36.008205,0,1,58-11670,10636,N/A
2025-11-23T01:10:44.021851,99,11499,32.00014,36.015255,0,1,58-11499,10635,N/A
2025-11-23T01:10:44.021851,99,11526,32.0002,36.01552,0,1,58-11526,10622,N/A
2025-11-23T01:10:44.021851,99,73439,32.023087,35.848095,252.9,1,58-73439,10613,N/A
2025-11-23T01:10:44.021851,99,52827,31.94586,35.91979,285.5,1,58-52827,10643,N/A
2025-11-23T01:10:44.021851,99,11493,31.94533,35.928787,0,1,58-11493,10643,N/A
2025-11-23T01:10:44.021851,99,11496,32.00006,36.015587,192.2,1,58-11496,10642,N/A
2025-11-23T01:10:44.021851,100,50152,32.002254,36.01439,199,0,58-50152,10613,N/A
2025-11-23T01:10:44.021851,100,63240,32.001354,36.014027,197,0,58-63240,11649,N/A
2025-11-23T01:10:44.021851,100,98191,32.00009,36.015476,0,0,58-98191,10622,N/A
2025-11-23T01:10:44.021851,100,10975,31.999632,36.016132,197.68,0,58-10975,11649,N/A
2025-11-23T01:10:44.021851,100,48886,32.00026,36.015392,21.5,0,58-48886,11649,N/A
2025-11-23T01:10:44.021851,100,11523,32.000935,36.013863,197.6,0,58-11523,10612,N/A
2025-11-23T01:10:44.021851,100,11014,32.004826,36.014347,132.1,0,58-11014,10619,N/A
2025-11-23T01:10:44.021851,100,11724,32.000275,36.01534,0,0,58-11724,11648,N/A
2025-11-23T01:10:44.021851,100,40779,31.96065,35.95736,40.9,0,58-40779,11651,N/A
2025-11-23T01:10:44.021851,100,24926,31.999966,36.015114,232.1,0,58-24926,11653,N/A
2025-11-23T01:10:44.021851,100,50752,32.000263,36.01564,74.8,1,58-50752,11653,N/A
2025-11-23T01:10:44.021851,100,05961,32.000313,36.015438,31.1,1,58-95961,11653,N/A
2025-11-23T01:10:44.021851,100,16863,32.000065,36.01559,0,1,58-16863,11653,N/A
2025-11-23T01:10:44.021851,100,97599,31.992634,35.890064,309.89,1,58-97599,10622,N/A
2025-11-23T01:10:44.021851,100,10987,32.000244,36.01543,0,1,58-10987,11653,N/A
2025-11-23T01:10:44.021851,100,52302,31.964375,35.960926,34.79,1,58-52302,11653,N/A
2025-11-23T01:10:44.021851,100,21423,32.000317,36.01466,218.2,1,58-21423,11653,N/A
2025-11-23T01:10:44.021851,100,30732,32.004444,36.00834,359.4,1,58-30732,11653,N/A
2025-11-23T01:10:44.021851,100,95161,32.000343,36.014633,177.4,1,58-95161,11653,N/A
2025-11-23T01:10:44.021851,100,90702,32.021866,35.844257,43.9,1,58-90702,10613,N/A
2025-11-23T01:10:44.021851,100,10993,32.00027,36.014793,234.1,1,58-10993,11653,N/A
2025-11-23T01:10:44.021851,100,10981,31.999386,36.014343,0,1,58-10981,11651,N/A
2025-11-23T01:10:44.021851,100,11538,32.000355,36.014435,0,1,58-11538,11652,N/A
2025-11-23T01:10:44.021851,100,11520,32.000126,36.014256,298.39,1,58-11520,11653,N/A
2025-11-23T01:10:44.021851,100,93641,31.99996,36.015163,246.4,1,58-93641,11653,N/A
2025-11-23T01:10:44.021851,100,82779,31.963634,35.960278,36.1,1,58-82779,11653,N/A
2025-11-23T01:10:44.021851,100,10996,31.960546,35.956833,0,1,58-10996,11653,N/A
2025-11-23T01:10:44.021851,100,11544,31.961313,35.958122,0,1,58-11544,11653,N/A
2025-11-23T01:11:35.650042,99,22057,32.00033,36.01411,120.8,0,58-22057,10614,N/A
2025-11-23T01:11:35.650042,99,97202,32.000256,36.015682,11.6,0,58-97202,11671,N/A
2025-11-23T01:11:35.650042,99,32725,31.99941,36.014168,116.7,0,58-32725,10625,N/A
2025-11-23T01:11:35.650042,99,96335,31.94514,35.927013,105.5,0,58-96335,10641,N/A
2025-11-23T01:11:35.650042,99,72129,31.944706,35.928158,106.5,0,58-72129,10641,N/A
2025-11-23T01:11:35.650042,99,45556,32.020844,35.84248,286.7,0,58-45556,10612,N/A
2025-11-23T01:11:35.650042,99,11005,32.00024,36.015,0,0,58-11005,10625,N/A
2025-11-23T01:11:35.650042,99,28732,32.021492,35.842632,46.1,0,58-28732,10612,N/A
2025-11-23T01:11:35.650042,99,66163,32.02123,35.84215,346.2,0,58-66163,10612,N/A
2025-11-23T01:11:35.650042,99,56867,32.020847,35.842632,289.3,0,58-56867,10612,N/A
2025-11-23T01:11:35.650042,99,25354,31.944778,35.92804,106.1,0,58-25354,10641,N/A
2025-11-23T01:11:35.650042,99,11649,32.022224,35.845154,72.31,0,58-11649,10612,N/A
2025-11-23T01:11:35.650042,99,11547,32.00016,36.01502,0,0,58-11547,10622,N/A
2025-11-23T01:11:35.650042,99,37113,32.02158,35.842438,0,0,58-37113,10612,N/A
2025-11-23T01:11:35.650042,99,11718,31.94541,35.928734,0,0,58-11718,10635,N/A
2025-11-23T01:11:35.650042,99,49451,31.946053,35.92815,294.1,1,58-49451,10643,N/A
2025-11-23T01:11:35.650042,99,11670,32.00448,36.008205,0,1,58-11670,10636,N/A
2025-11-23T01:11:35.650042,99,11499,32.00014,36.015255,0,1,58-11499,10635,N/A
2025-11-23T01:11:35.650042,99,11526,32.0002,36.01552,0,1,58-11526,10622,N/A
2025-11-23T01:11:35.650042,99,73439,32.023087,35.848095,252.9,1,58-73439,10613,N/A
2025-11-23T01:11:35.650042,99,52827,31.94586,35.91979,285.5,1,58-52827,10643,N/A
2025-11-23T01:11:35.650042,99,11493,31.94533,35.928787,0,1,58-11493,10643,N/A
2025-11-23T01:11:35.650042,99,11496,32.00006,36.015587,192.2,1,58-11496,10642,N/A
2025-11-23T01:11:35.650042,100,50152,31.99965,36.01363,143.69,0,58-50152,10613,N/A
2025-11-23T01:11:35.650042,100,63240,32.001354,36.014027,197,0,58-63240,11649,N/A
2025-11-23T01:11:35.650042,100,98191,32.000126,36.015465,190.8,0,58-98191,10622,N/A
2025-11-23T01:11:35.650042,100,10975,31.999632,36.016132,197.68,0,58-10975,11649,N/A
2025-11-23T01:11:35.650042,100,48886,32.00026,36.015392,21.5,0,58-48886,11649,N/A
2025-11-23T01:11:35.650042,100,11523,32.000935,36.013863,197.6,0,58-11523,10612,N/A
2025-11-23T01:11:35.650042,100,11014,32.004826,36.014347,132.1,0,58-11014,10623,N/A
2025-11-23T01:11:35.650042,100,11724,32.000275,36.01534,0,0,58-11724,11648,N/A
2025-11-23T01:11:35.650042,100,40779,31.96065,35.95736,40.9,0,58-40779,11651,N/A
2025-11-23T01:11:35.650042,100,24926,31.999966,36.015114,232.1,0,58-24926,11653,N/A
2025-11-23T01:11:35.650042,100,50752,32.000263,36.01564,74.8,1,58-50752,11653,N/A
2025-11-23T01:11:35.650042,100,05961,32.000313,36.015438,31.1,1,58-95961,11653,N/A
2025-11-23T01:11:35.650042,100,16863,32.000065,36.01559,0,1,58-16863,11653,N/A
2025-11-23T01:11:35.650042,100,97599,31.992634,35.890064,309.89,1,58-97599,10622,N/A
2025-11-23T01:11:35.650042,100,10987,32.000244,36.01543,0,1,58-10987,11653,N/A
2025-11-23T01:11:35.650042,100,52302,31.964375,35.960926,34.79,1,58-52302,11653,N/A
2025-11-23T01:11:35.650042,100,21423,32.000317,36.01466,218.2,1,58-21423,11653,N/A
2025-11-23T01:11:35.650042,100,30732,32.004444,36.00834,359.4,1,58-30732,11653,N/A
2025-11-23T01:11:35.650042,100,95161,32.000343,36.014633,177.4,1,58-95161,11653,N/A
2025-11-23T01:11:35.650042,100,90702,32.021866,35.844257,43.9,1,58-90702,10613,N/A
2025-11-23T01:11:35.650042,100,10993,32.00027,36.014793,234.1,1,58-10993,11653,N/A
2025-11-23T01:11:35.650042,100,10981,31.999386,36.014343,0,1,58-10981,11651,N/A
2025-11-23T01:11:35.650042,100,11538,32.000355,36.014435,0,1,58-11538,11652,N/A
2025-11-23T01:11:35.650042,100,11520,32.000126,36.014256,298.39,1,58-11520,11653,N/A
2025-11-23T01:11:35.650042,100,93641,31.99996,36.015163,246.4,1,58-93641,11653,N/A
2025-11-23T01:11:35.650042,100,82779,31.963634,35.960278,36.1,1,58-82779,11653,N/A
2025-11-23T01:11:35.650042,100,10996,31.960546,35.956833,0,1,58-10996,11653,N/A
2025-11-23T01:11:35.650042,100,11544,31.961313,35.958122,0,1,58-11544,11653,N/A
2025-11-23T01:12:25.004346,99,22057,32.00033,36.01411,120.8,0,58-22057,11675,N/A
2025-11-23T01:12:25.004346,99,97202,32.000256,36.015682,11.6,0,58-97202,11671,N/A
2025-11-23T01:12:25.004346,99,32725,31.99941,36.014168,116.7,0,58-32725,10625,N/A
2025-11-23T01:12:25.004346,99,96335,31.94514,35.927013,105.5,0,58-96335,10641,N/A
2025-11-23T01:12:25.004346,99,72129,31.944706,35.928158,106.5,0,58-72129,10641,N/A
2025-11-23T01:12:25.004346,99,45556,32.020844,35.84248,286.7,0,58-45556,10612,N/A
2025-11-23T01:12:25.004346,99,11005,32.00024,36.015,0,0,58-11005,10625,N/A
2025-11-23T01:12:25.004346,99,28732,32.021748,35.842438,58.6,0,58-28732,10612,N/A
2025-11-23T01:12:25.004346,99,66163,32.02123,35.84215,346.2,0,58-66163,10612,N/A
2025-11-23T01:12:25.004346,99,56867,32.020847,35.842632,289.3,0,58-56867,10612,N/A
2025-11-23T01:12:25.004346,99,25354,31.944778,35.92804,106.1,0,58-25354,10641,N/A
2025-11-23T01:12:25.004346,99,11649,32.022224,35.845154,72.31,0,58-11649,10612,N/A
2025-11-23T01:12:25.004346,99,11547,32.00016,36.01502,0,0,58-11547,10622,N/A
2025-11-23T01:12:25.004346,99,37113,32.02191,35.843987,70,0,58-37113,10612,N/A
2025-11-23T01:12:25.004346,99,11718,31.94541,35.928734,0,0,58-11718,10635,N/A
2025-11-23T01:12:25.004346,99,49451,31.946053,35.92815,294.1,1,58-49451,10643,N/A
2025-11-23T01:12:25.004346,99,11670,32.00448,36.008205,0,1,58-11670,10636,N/A
2025-11-23T01:12:25.004346,99,11499,32.00014,36.015255,0,1,58-11499,10635,N/A
2025-11-23T01:12:25.004346,99,11526,32.0002,36.01552,0,1,58-11526,10622,N/A
2025-11-23T01:12:25.004346,99,73439,32.023087,35.848095,252.9,1,58-73439,10613,N/A
2025-11-23T01:12:25.004346,99,52827,31.94586,35.91979,285.5,1,58-52827,10643,N/A
2025-11-23T01:12:25.004346,99,11493,31.94533,35.928787,0,1,58-11493,10643,N/A
2025-11-23T01:12:25.004346,99,11496,32.00006,36.015587,192.2,1,58-11496,10642,N/A
2025-11-23T01:12:25.004346,100,50152,31.99949,36.013763,130.8,0,58-50152,10613,N/A
2025-11-23T01:12:25.004346,100,63240,32.001354,36.014027,197,0,58-63240,11649,N/A
2025-11-23T01:12:25.004346,100,98191,32.000126,36.015465,190.8,0,58-98191,10622,N/A
2025-11-23T01:12:25.004346,100,10975,31.999632,36.016132,197.68,0,58-10975,11649,N/A
2025-11-23T01:12:25.004346,100,48886,32.00026,36.015392,21.5,0,58-48886,11649,N/A
2025-11-23T01:12:25.004346,100,11523,32.000935,36.013863,197.6,0,58-11523,10612,N/A
2025-11-23T01:12:25.004346,100,11014,32.004826,36.014347,132.1,0,58-11014,10623,N/A
2025-11-23T01:12:25.004346,100,11724,32.000275,36.01534,0,0,58-11724,11648,N/A
2025-11-23T01:12:25.004346,100,40779,31.96065,35.95736,40.9,0,58-40779,11651,N/A
2025-11-23T01:12:25.004346,100,24926,31.999966,36.015114,232.1,0,58-24926,11653,N/A
2025-11-23T01:12:25.004346,100,50752,32.000263,36.01564,74.8,1,58-50752,11653,N/A
2025-11-23T01:12:25.004346,100,05961,32.000313,36.015438,31.1,1,58-95961,11653,N/A
2025-11-23T01:12:25.004346,100,16863,32.000065,36.01559,0,1,58-16863,11653,N/A
2025-11-23T01:12:25.004346,100,97599,31.992634,35.890064,309.89,1,58-97599,10622,N/A
2025-11-23T01:12:25.004346,100,10987,32.000244,36.01543,0,1,58-10987,11653,N/A
2025-11-23T01:12:25.004346,100,52302,31.964375,35.960926,34.79,1,58-52302,11653,N/A
2025-11-23T01:12:25.004346,100,21423,32.000317,36.01466,218.2,1,58-21423,11653,N/A
2025-11-23T01:12:25.004346,100,30732,32.004444,36.00834,359.4,1,58-30732,11653,N/A
2025-11-23T01:12:25.004346,100,95161,32.000343,36.014633,177.4,1,58-95161,11653,N/A
2025-11-23T01:12:25.004346,100,90702,32.021866,35.844257,43.9,1,58-90702,10613,N/A
2025-11-23T01:12:25.004346,100,10993,32.00027,36.014793,234.1,1,58-10993,11653,N/A
2025-11-23T01:12:25.004346,100,10981,31.999386,36.014343,0,1,58-10981,11651,N/A
2025-11-23T01:12:25.004346,100,11538,32.000355,36.014435,0,1,58-11538,11652,N/A
2025-11-23T01:12:25.004346,100,11520,32.000126,36.014256,298.39,1,58-11520,11653,N/A
2025-11-23T01:12:25.004346,100,93641,31.99996,36.015163,246.4,1,58-93641,11653,N/A
2025-11-23T01:12:25.004346,100,82779,31.963634,35.960278,36.1,1,58-82779,11653,N/A
2025-11-23T01:12:25.004346,100,10996,31.960546,35.956833,0,1,58-10996,11653,N/A
2025-11-23T01:12:25.004346,100,11544,31.961313,35.958122,0,1,58-11544,11653,N/A
2025-11-23T01:13:12.180611,99,22057,32.00033,36.01411,120.8,0,58-22057,10614,N/A
2025-11-23T01:13:12.180611,99,97202,32.000256,36.015682,11.6,0,58-97202,11671,N/A
2025-11-23T01:13:12.180611,99,32725,31.99941,36.014168,116.7,0,58-32725,10625,N/A
2025-11-23T01:13:12.180611,99,96335,31.94514,35.927013,105.5,0,58-96335,10641,N/A
2025-11-23T01:13:12.180611,99,72129,31.944706,35.928158,106.5,0,58-72129,10641,N/A
2025-11-23T01:13:12.180611,99,45556,32.020844,35.84248,286.7,0,58-45556,10612,N/A
2025-11-23T01:13:12.180611,99,11005,32.00024,36.015,0,0,58-11005,10625,N/A
2025-11-23T01:13:12.180611,99,28732,32.021492,35.842632,46.1,0,58-28732,10612,N/A
2025-11-23T01:13:12.180611,99,66163,32.02123,35.84215,346.2,0,58-66163,10612,N/A
2025-11-23T01:13:12.180611,99,56867,32.020847,35.842632,289.3,0,58-56867,10612,N/A
2025-11-23T01:13:12.180611,99,25354,31.944778,35.92804,106.1,0,58-25354,10641,N/A
2025-11-23T01:13:12.180611,99,11649,32.022224,35.845154,72.31,0,58-11649,10612,N/A
2025-11-23T01:13:12.180611,99,11547,32.00016,36.01502,0,0,58-11547,10622,N/A
2025-11-23T01:13:12.180611,99,37113,32.02158,35.842438,0,0,58-37113,10612,N/A
2025-11-23T01:13:12.180611,99,11718,31.94541,35.928734,0,0,58-11718,10635,N/A
2025-11-23T01:13:12.180611,99,49451,31.946053,35.92815,294.1,1,58-49451,10643,N/A
2025-11-23T01:13:12.180611,99,11670,32.00448,36.008205,0,1,58-11670,10636,N/A
2025-11-23T01:13:12.180611,99,11499,32.00014,36.015255,0,1,58-11499,10635,N/A
2025-11-23T01:13:12.180611,99,11526,32.0002,36.01552,0,1,58-11526,10622,N/A
2025-11-23T01:13:12.180611,99,73439,32.023087,35.848095,252.9,1,58-73439,10613,N/A
2025-11-23T01:13:12.180611,99,52827,31.94586,35.91979,285.5,1,58-52827,10643,N/A
2025-11-23T01:13:12.180611,99,11493,31.94533,35.928787,0,1,58-11493,10643,N/A
2025-11-23T01:13:12.180611,99,11496,32.00006,36.015587,192.2,1,58-11496,10642,N/A
2025-11-23T01:13:12.180611,100,50152,31.99949,36.013763,130.8,0,58-50152,10613,N/A
2025-11-23T01:13:12.180611,100,63240,32.001354,36.014027,197,0,58-63240,11649,N/A
2025-11-23T01:13:12.180611,100,98191,32.00009,36.015476,0,0,58-98191,10622,N/A
2025-11-23T01:13:12.180611,100,10975,31.999632,36.016132,197.68,0,58-10975,11649,N/A
2025-11-23T01:13:12.180611,100,48886,32.00026,36.015392,21.5,0,58-48886,11649,N/A
2025-11-23T01:13:12.180611,100,11523,32.000935,36.013863,197.6,0,58-11523,10612,N/A
2025-11-23T01:13:12.180611,100,11014,32.004826,36.014347,132.1,0,58-11014,10619,N/A
2025-11-23T01:13:12.180611,100,11724,32.000275,36.01534,0,0,58-11724,11648,N/A
2025-11-23T01:13:12.180611,100,40779,31.96065,35.95736,40.9,0,58-40779,11651,N/A
2025-11-23T01:13:12.180611,100,24926,31.999966,36.015114,232.1,0,58-24926,11653,N/A
2025-11-23T01:13:12.180611,100,50752,32.000263,36.01564,74.8,1,58-50752,11651,N/A
2025-11-23T01:13:12.180611,100,05961,32.000313,36.015438,31.1,1,58-95961,11653,N/A
2025-11-23T01:13:12.180611,100,16863,32.000065,36.01559,0,1,58-16863,11653,N/A
2025-11-23T01:13:12.180611,100,97599,31.992634,35.890064,309.89,1,58-97599,10622,N/A
2025-11-23T01:13:12.180611,100,10987,32.000244,36.01543,0,1,58-10987,11653,N/A
2025-11-23T01:13:12.180611,100,52302,31.964375,35.960926,34.79,1,58-52302,11653,N/A
2025-11-23T01:13:12.180611,100,21423,32.000317,36.01466,218.2,1,58-21423,11653,N/A
2025-11-23T01:13:12.180611,100,30732,32.004444,36.00834,359.4,1,58-30732,11651,N/A
2025-11-23T01:13:12.180611,100,95161,32.000343,36.014633,177.4,1,58-95161,11653,N/A
2025-11-23T01:13:12.180611,100,90702,32.021866,35.844257,43.9,1,58-90702,10613,N/A
2025-11-23T01:13:12.180611,100,10993,32.00027,36.014793,234.1,1,58-10993,11652,N/A
2025-11-23T01:13:12.180611,100,10981,31.999386,36.014343,0,1,58-10981,11653,N/A
2025-11-23T01:13:12.180611,100,11538,32.000355,36.014435,0,1,58-11538,11653,N/A
2025-11-23T01:13:12.180611,100,11520,32.000126,36.014256,298.39,1,58-11520,11653,N/A
2025-11-23T01:13:12.180611,100,93641,31.99996,36.015163,246.4,1,58-93641,11653,N/A
2025-11-23T01:13:12.180611,100,82779,31.963634,35.960278,36.1,1,58-82779,11653,N/A
2025-11-23T01:13:12.180611,100,10996,31.960546,35.956833,0,1,58-10996,11653,N/A
2025-11-23T01:13:12.180611,100,11544,31.961313,35.958122,0,1,58-11544,11653,N/A
2025-11-23T01:14:05.021795,99,22057,32.00033,36.01411,120.8,0,58-22057,10614,N/A
2025-11-23T01:14:05.021795,99,97202,32.000256,36.015682,11.6,0,58-97202,11671,N/A
2025-11-23T01:14:05.021795,99,32725,31.99941,36.014168,116.7,0,58-32725,10625,N/A
2025-11-23T01:14:05.021795,99,96335,31.94514,35.927013,105.5,0,58-96335,10641,N/A
2025-11-23T01:14:05.021795,99,72129,31.944706,35.928158,106.5,0,58-72129,10641,N/A
2025-11-23T01:14:05.021795,99,45556,32.020844,35.84248,286.7,0,58-45556,10612,N/A
2025-11-23T01:14:05.021795,99,11005,32.00024,36.015,0,0,58-11005,10625,N/A
2025-11-23T01:14:05.021795,99,28732,32.021492,35.842632,46.1,0,58-28732,10612,N/A
2025-11-23T01:14:05.021795,99,66163,32.02123,35.84215,346.2,0,58-66163,10612,N/A
2025-11-23T01:14:05.021795,99,56867,32.020847,35.842632,289.3,0,58-56867,10612,N/A
2025-11-23T01:14:05.021795,99,25354,31.944778,35.92804,106.1,0,58-25354,10641,N/A
2025-11-23T01:14:05.021795,99,11649,32.022224,35.845154,72.31,0,58-11649,10612,N/A
2025-11-23T01:14:05.021795,99,11547,32.00016,36.01502,0,0,58-11547,10622,N/A
2025-11-23T01:14:05.021795,99,37113,32.02158,35.842438,0,0,58-37113,10612,N/A
2025-11-23T01:14:05.021795,99,11718,31.94541,35.928734,0,0,58-11718,10635,N/A
2025-11-23T01:14:05.021795,99,49451,31.946053,35.92815,294.1,1,58-49451,10643,N/A
2025-11-23T01:14:05.021795,99,11670,32.00448,36.008205,0,1,58-11670,10636,N/A
2025-11-23T01:14:05.021795,99,11499,32.00014,36.015255,0,1,58-11499,10635,N/A
2025-11-23T01:14:05.021795,99,11526,32.0002,36.01552,0,1,58-11526,10622,N/A
2025-11-23T01:14:05.021795,99,73439,32.023087,35.848095,252.9,1,58-73439,10613,N/A
2025-11-23T01:14:05.021795,99,52827,31.94586,35.91979,285.5,1,58-52827,10643,N/A
2025-11-23T01:14:05.021795,99,11493,31.94533,35.928787,0,1,58-11493,10643,N/A
2025-11-23T01:14:05.021795,99,11496,32.00006,36.015587,192.2,1,58-11496,10642,N/A
2025-11-23T01:14:05.021795,100,50152,31.99949,36.013763,130.8,0,58-50152,10613,N/A
2025-11-23T01:14:05.021795,100,63240,32.001354,36.014027,197,0,58-63240,11649,N/A
2025-11-23T01:14:05.021795,100,98191,32.00009,36.015476,0,0,58-98191,10622,N/A
2025-11-23T01:14:05.021795,100,10975,31.999632,36.016132,197.68,0,58-10975,11649,N/A
2025-11-23T01:14:05.021795,100,48886,32.00026,36.015392,21.5,0,58-48886,11649,N/A
2025-11-23T01:14:05.021795,100,11523,32.000935,36.013863,197.6,0,58-11523,10612,N/A
2025-11-23T01:14:05.021795,100,11014,32.004826,36.014347,132.1,0,58-11014,10619,N/A
2025-11-23T01:14:05.021795,100,11724,32.000275,36.01534,0,0,58-11724,11648,N/A
2025-11-23T01:14:05.021795,100,40779,31.96065,35.95736,40.9,0,58-40779,11651,N/A
2025-11-23T01:14:05.021795,100,24926,31.999966,36.015114,232.1,0,58-24926,11653,N/A
2025-11-23T01:14:05.021795,100,50752,32.000263,36.01564,74.8,1,58-50752,11651,N/A
2025-11-23T01:14:05.021795,100,05961,32.000313,36.015438,31.1,1,58-95961,11653,N/A
2025-11-23T01:14:05.021795,100,16863,32.000065,36.01559,0,1,58-16863,11653,N/A
2025-11-23T01:14:05.021795,100,97599,31.992634,35.890064,309.89,1,58-97599,10622,N/A
2025-11-23T01:14:05.021795,100,10987,32.000244,36.01543,0,1,58-10987,11653,N/A
2025-11-23T01:14:05.021795,100,52302,31.964375,35.960926,34.79,1,58-52302,11653,N/A
2025-11-23T01:14:05.021795,100,21423,32.000317,36.01466,218.2,1,58-21423,11653,N/A
2025-11-23T01:14:05.021795,100,30732,32.004444,36.00834,359.4,1,58-30732,11651,N/A
2025-11-23T01:14:05.021795,100,95161,32.000343,36.014633,177.4,1,58-95161,11653,N/A
2025-11-23T01:14:05.021795,100,90702,32.021866,35.844257,43.9,1,58-90702,10613,N/A
2025-11-23T01:14:05.021795,100,10993,32.00027,36.014793,234.1,1,58-10993,11652,N/A
2025-11-23T01:14:05.021795,100,10981,31.999386,36.014343,0,1,58-10981,11653,N/A
2025-11-23T01:14:05.021795,100,11538,32.000355,36.014435,0,1,58-11538,11653,N/A
2025-11-23T01:14:05.021795,100,11520,32.000126,36.014256,298.39,1,58-11520,11653,N/A
2025-11-23T01:14:05.021795,100,93641,31.99996,36.015163,246.4,1,58-93641,11653,N/A
2025-11-23T01:14:05.021795,100,82779,31.963634,35.960278,36.1,1,58-82779,11653,N/A
2025-11-23T01:14:05.021795,100,10996,31.960546,35.956833,0,1,58-10996,11653,N/A
2025-11-23T01:14:05.021795,100,11544,31.961313,35.958122,0,1,58-11544,11653,N/A
2025-11-23T01:14:57.133895,99,22057,32.00033,36.01411,120.8,0,58-22057,11675,N/A
2025-11-23T01:14:57.133895,99,97202,32.000256,36.015682,11.6,0,58-97202,11671,N/A
2025-11-23T01:14:57.133895,99,32725,31.99941,36.014168,116.7,0,58-32725,10625,N/A
2025-11-23T01:14:57.133895,99,96335,31.94514,35.927013,105.5,0,58-96335,10641,N/A
2025-11-23T01:14:57.133895,99,72129,31.944706,35.928158,106.5,0,58-72129,10641,N/A
2025-11-23T01:14:57.133895,99,45556,32.020844,35.84248,286.7,0,58-45556,10612,N/A
2025-11-23T01:14:57.133895,99,11005,32.00024,36.015,0,0,58-11005,10625,N/A
2025-11-23T01:14:57.133895,99,28732,32.021748,35.842438,58.6,0,58-28732,10612,N/A
2025-11-23T01:14:57.133895,99,66163,32.02123,35.84215,346.2,0,58-66163,10612,N/A
2025-11-23T01:14:57.133895,99,56867,32.020847,35.842632,289.3,0,58-56867,10612,N/A
2025-11-23T01:14:57.133895,99,25354,31.944778,35.92804,106.1,0,58-25354,10641,N/A
2025-11-23T01:14:57.133895,99,11649,32.022224,35.845154,72.31,0,58-11649,10612,N/A
2025-11-23T01:14:57.133895,99,11547,32.00016,36.01502,0,0,58-11547,10622,N/A
2025-11-23T01:14:57.133895,99,37113,32.02191,35.843987,70,0,58-37113,10612,N/A
2025-11-23T01:14:57.133895,99,11718,31.94541,35.928734,0,0,58-11718,10635,N/A
2025-11-23T01:14:57.133895,99,49451,31.946053,35.92815,294.1,1,58-49451,10643,N/A
2025-11-23T01:14:57.133895,99,11670,32.00448,36.008205,0,1,58-11670,10636,N/A
2025-11-23T01:14:57.133895,99,11499,32.00014,36.015255,0,1,58-11499,10635,N/A
2025-11-23T01:14:57.133895,99,11526,32.0002,36.01552,0,1,58-11526,10622,N/A
2025-11-23T01:14:57.133895,99,73439,32.023087,35.848095,252.9,1,58-73439,10613,N/A
2025-11-23T01:14:57.133895,99,52827,31.94586,35.91979,285.5,1,58-52827,10643,N/A
2025-11-23T01:14:57.133895,99,11493,31.94533,35.928787,0,1,58-11493,10643,N/A
2025-11-23T01:14:57.133895,99,11496,32.00006,36.015587,192.2,1,58-11496,10642,N/A
2025-11-23T01:14:57.133895,100,50152,31.99949,36.013763,130.8,0,58-50152,10613,N/A
2025-11-23T01:14:57.133895,100,63240,32.001354,36.014027,197,0,58-63240,11649,N/A
2025-11-23T01:14:57.133895,100,98191,32.00009,36.015476,0,0,58-98191,10622,N/A
2025-11-23T01:14:57.133895,100,10975,31.999632,36.016132,197.68,0,58-10975,11649,N/A
2025-11-23T01:14:57.133895,100,48886,32.00026,36.015392,21.5,0,58-48886,11649,N/A
2025-11-23T01:14:57.133895,100,11523,32.000935,36.013863,197.6,0,58-11523,10612,N/A
2025-11-23T01:14:57.133895,100,11014,32.004826,36.014347,132.1,0,58-11014,10619,N/A
2025-11-23T01:14:57.133895,100,11724,32.000275,36.01534,0,0,58-11724,11648,N/A
2025-11-23T01:14:57.133895,100,40779,31.96065,35.95736,40.9,0,58-40779,11651,N/A
2025-11-23T01:14:57.133895,100,24926,31.999966,36.015114,232.1,0,58-24926,11653,N/A
2025-11-23T01:14:57.133895,100,50752,32.000263,36.01564,74.8,1,58-50752,11651,N/A
2025-11-23T01:14:57.133895,100,05961,32.000313,36.015438,31.1,1,58-95961,11653,N/A
2025-11-23T01:14:57.133895,100,16863,32.000065,36.01559,0,1,58-16863,11653,N/A
2025-11-23T01:14:57.133895,100,97599,31.992634,35.890064,309.89,1,58-97599,10622,N/A
2025-11-23T01:14:57.133895,100,10987,32.000244,36.01543,0,1,58-10987,11653,N/A
2025-11-23T01:14:57.133895,100,52302,31.964375,35.960926,34.79,1,58-52302,11653,N/A
2025-11-23T01:14:57.133895,100,21423,32.000317,36.01466,218.2,1,58-21423,11653,N/A
2025-11-23T01:14:57.133895,100,30732,32.004444,36.00834,359.4,1,58-30732,11651,N/A
2025-11-23T01:14:57.133895,100,95161,32.000343,36.014633,177.4,1,58-95161,11653,N/A
2025-11-23T01:14:57.133895,100,90702,32.021866,35.844257,43.9,1,58-90702,10613,N/A
2025-11-23T01:14:57.133895,100,10993,32.00027,36.014793,234.1,1,58-10993,11652,N/A
2025-11-23T01:14:57.133895,100,10981,31.999386,36.014343,0,1,58-10981,11653,N/A
2025-11-23T01:14:57.133895,100,11538,32.000355,36.014435,0,1,58-11538,11653,N/A
2025-11-23T01:14:57.133895,100,11520,32.000126,36.014256,298.39,1,58-11520,11653,N/A
2025-11-23T01:14:57.133895,100,93641,31.99996,36.015163,246.4,1,58-93641,11653,N/A
2025-11-23T01:14:57.133895,100,82779,31.963634,35.960278,36.1,1,58-82779,11653,N/A
2025-11-23T01:14:57.133895,100,10996,31.960546,35.956833,0,1,58-10996,11653,N/A
2025-11-23T01:14:57.133895,100,11544,31.961313,35.958122,0,1,58-11544,11653,N/A
2025-11-23T01:15:44.166531,99,22057,32.00033,36.01411,120.8,0,58-22057,11675,N/A
2025-11-23T01:15:44.166531,99,97202,32.000256,36.015682,11.6,0,58-97202,11671,N/A
2025-11-23T01:15:44.166531,99,32725,31.99941,36.014168,116.7,0,58-32725,10625,N/A
2025-11-23T01:15:44.166531,99,96335,31.94514,35.927013,105.5,0,58-96335,10641,N/A
2025-11-23T01:15:44.166531,99,72129,31.944706,35.928158,106.5,0,58-72129,10641,N/A
2025-11-23T01:15:44.166531,99,45556,32.020844,35.84248,286.7,0,58-45556,10612,N/A
2025-11-23T01:15:44.166531,99,11005,32.00024,36.015,0,0,58-11005,10625,N/A
2025-11-23T01:15:44.166531,99,28732,32.021748,35.842438,58.6,0,58-28732,10612,N/A
2025-11-23T01:15:44.166531,99,66163,32.02123,35.84215,346.2,0,58-66163,10612,N/A
2025-11-23T01:15:44.166531,99,56867,32.020847,35.842632,289.3,0,58-56867,10612,N/A
2025-11-23T01:15:44.166531,99,25354,31.944778,35.92804,106.1,0,58-25354,10641,N/A
2025-11-23T01:15:44.166531,99,11649,32.022224,35.845154,72.31,0,58-11649,10612,N/A
2025-11-23T01:15:44.166531,99,11547,32.00016,36.01502,0,0,58-11547,10622,N/A
2025-11-23T01:15:44.166531,99,37113,32.02191,35.843987,70,0,58-37113,10612,N/A
2025-11-23T01:15:44.166531,99,11718,31.94541,35.928734,0,0,58-11718,10635,N/A
2025-11-23T01:15:44.166531,99,49451,31.946053,35.92815,294.1,1,58-49451,10643,N/A
2025-11-23T01:15:44.166531,99,11670,32.00448,36.008205,0,1,58-11670,10636,N/A
2025-11-23T01:15:44.166531,99,11499,32.00014,36.015255,0,1,58-11499,10635,N/A
2025-11-23T01:15:44.166531,99,11526,32.0002,36.01552,0,1,58-11526,10622,N/A
2025-11-23T01:15:44.166531,99,73439,32.023087,35.848095,252.9,1,58-73439,10613,N/A
2025-11-23T01:15:44.166531,99,52827,31.94586,35.91979,285.5,1,58-52827,10643,N/A
2025-11-23T01:15:44.166531,99,11493,31.94533,35.928787,0,1,58-11493,10643,N/A
2025-11-23T01:15:44.166531,99,11496,32.00006,36.015587,192.2,1,58-11496,10642,N/A
2025-11-23T01:15:44.166531,100,50152,31.99949,36.013763,130.8,0,58-50152,10613,N/A
2025-11-23T01:15:44.166531,100,63240,32.001354,36.014027,197,0,58-63240,11649,N/A
2025-11-23T01:15:44.166531,100,98191,32.000126,36.015465,190.8,0,58-98191,10622,N/A
2025-11-23T01:15:44.166531,100,10975,31.999632,36.016132,197.68,0,58-10975,11649,N/A
2025-11-23T01:15:44.166531,100,48886,32.00026,36.015392,21.5,0,58-48886,11649,N/A
2025-11-23T01:15:44.166531,100,11523,32.000935,36.013863,197.6,0,58-11523,10612,N/A
2025-11-23T01:15:44.166531,100,11014,32.004826,36.014347,132.1,0,58-11014,10623,N/A
2025-11-23T01:15:44.166531,100,11724,32.000275,36.01534,0,0,58-11724,11648,N/A
2025-11-23T01:15:44.166531,100,40779,31.96065,35.95736,40.9,0,58-40779,11651,N/A
2025-11-23T01:15:44.166531,100,24926,31.999966,36.015114,232.1,0,58-24926,11653,N/A
2025-11-23T01:15:44.166531,100,50752,32.000263,36.01564,74.8,1,58-50752,11651,N/A
2025-11-23T01:15:44.166531,100,05961,32.000313,36.015438,31.1,1,58-95961,11653,N/A
2025-11-23T01:15:44.166531,100,16863,32.000065,36.01559,0,1,58-16863,11653,N/A
2025-11-23T01:15:44.166531,100,97599,31.992634,35.890064,309.89,1,58-97599,10622,N/A
2025-11-23T01:15:44.166531,100,10987,32.000244,36.01543,0,1,58-10987,11653,N/A
2025-11-23T01:15:44.166531,100,52302,31.964375,35.960926,34.79,1,58-52302,11653,N/A
2025-11-23T01:15:44.166531,100,21423,32.000317,36.01466,218.2,1,58-21423,11653,N/A
2025-11-23T01:15:44.166531,100,30732,32.004444,36.00834,359.4,1,58-30732,11651,N/A
2025-11-23T01:15:44.166531,100,95161,32.000343,36.014633,177.4,1,58-95161,11653,N/A
2025-11-23T01:15:44.166531,100,90702,32.021866,35.844257,43.9,1,58-90702,10613,N/A
2025-11-23T01:15:44.166531,100,10993,32.00027,36.014793,234.1,1,58-10993,11652,N/A
2025-11-23T01:15:44.166531,100,10981,31.999386,36.014343,0,1,58-10981,11653,N/A
2025-11-23T01:15:44.166531,100,11538,32.000355,36.014435,0,1,58-11538,11653,N/A
2025-11-23T01:15:44.166531,100,11520,32.000126,36.014256,298.39,1,58-11520,11653,N/A
2025-11-23T01:15:44.166531,100,93641,31.99996,36.015163,246.4,1,58-93641,11653,N/A
2025-11-23T01:15:44.166531,100,82779,31.963634,35.960278,36.1,1,58-82779,11653,N/A
2025-11-23T01:15:44.166531,100,10996,31.960546,35.956833,0,1,58-10996,11653,N/A
2025-11-23T01:15:44.166531,100,11544,31.961313,35.958122,0,1,58-11544,11653,N/A
2025-11-23T01:16:35.360132,99,22057,32.00033,36.01411,120.8,0,58-22057,10614,N/A
2025-11-23T01:16:35.360132,99,97202,32.000256,36.015682,11.6,0,58-97202,11671,N/A
2025-11-23T01:16:35.360132,99,32725,31.99941,36.014168,116.7,0,58-32725,10625,N/A
2025-11-23T01:16:35.360132,99,96335,31.94514,35.927013,105.5,0,58-96335,10641,N/A
2025-11-23T01:16:35.360132,99,72129,31.944706,35.928158,106.5,0,58-72129,10641,N/A
2025-11-23T01:16:35.360132,99,45556,32.020844,35.84248,286.7,0,58-45556,10612,N/A
2025-11-23T01:16:35.360132,99,11005,32.00024,36.015,0,0,58-11005,10625,N/A
2025-11-23T01:16:35.360132,99,28732,32.021492,35.842632,46.1,0,58-28732,10612,N/A
2025-11-23T01:16:35.360132,99,66163,32.02123,35.84215,346.2,0,58-66163,10612,N/A
2025-11-23T01:16:35.360132,99,56867,32.020847,35.842632,289.3,0,58-56867,10612,N/A
2025-11-23T01:16:35.360132,99,25354,31.944778,35.92804,106.1,0,58-25354,10641,N/A
2025-11-23T01:16:35.360132,99,11649,32.022224,35.845154,72.31,0,58-11649,10612,N/A
2025-11-23T01:16:35.360132,99,11547,32.00016,36.01502,0,0,58-11547,10622,N/A
2025-11-23T01:16:35.360132,99,37113,32.02158,35.842438,0,0,58-37113,10612,N/A
2025-11-23T01:16:35.360132,99,11718,31.94541,35.928734,0,0,58-11718,10635,N/A
2025-11-23T01:16:35.360132,99,49451,31.946053,35.92815,294.1,1,58-49451,10643,N/A
2025-11-23T01:16:35.360132,99,11670,32.00448,36.008205,0,1,58-11670,10636,N/A
2025-11-23T01:16:35.360132,99,11499,32.00014,36.015255,0,1,58-11499,10635,N/A
2025-11-23T01:16:35.360132,99,11526,32.0002,36.01552,0,1,58-11526,10622,N/A
2025-11-23T01:16:35.360132,99,73439,32.023087,35.848095,252.9,1,58-73439,10613,N/A
2025-11-23T01:16:35.360132,99,52827,31.94586,35.91979,285.5,1,58-52827,10643,N/A
2025-11-23T01:16:35.360132,99,11493,31.94533,35.928787,0,1,58-11493,10643,N/A
2025-11-23T01:16:35.360132,99,11496,32.00006,36.015587,192.2,1,58-11496,10642,N/A
2025-11-23T01:16:35.360132,100,50152,31.99949,36.013763,130.8,0,58-50152,10613,N/A
2025-11-23T01:16:35.360132,100,63240,32.001354,36.014027,197,0,58-63240,11649,N/A
2025-11-23T01:16:35.360132,100,98191,32.00009,36.015476,0,0,58-98191,10622,N/A
2025-11-23T01:16:35.360132,100,10975,31.999632,36.016132,197.68,0,58-10975,11649,N/A
2025-11-23T01:16:35.360132,100,48886,32.00026,36.015392,21.5,0,58-48886,11649,N/A
2025-11-23T01:16:35.360132,100,11523,32.000935,36.013863,197.6,0,58-11523,10612,N/A
2025-11-23T01:16:35.360132,100,11014,32.004826,36.014347,132.1,0,58-11014,10619,N/A
2025-11-23T01:16:35.360132,100,11724,32.000275,36.01534,0,0,58-11724,11648,N/A
2025-11-23T01:16:35.360132,100,40779,31.96065,35.95736,40.9,0,58-40779,11651,N/A
2025-11-23T01:16:35.360132,100,24926,31.999966,36.015114,232.1,0,58-24926,11653,N/A
2025-11-23T01:16:35.360132,100,50752,32.000263,36.01564,74.8,1,58-50752,11651,N/A
2025-11-23T01:16:35.360132,100,05961,32.000313,36.015438,31.1,1,58-95961,11653,N/A
2025-11-23T01:16:35.360132,100,16863,32.000065,36.01559,0,1,58-16863,11653,N/A
2025-11-23T01:16:35.360132,100,97599,31.992634,35.890064,309.89,1,58-97599,10622,N/A
2025-11-23T01:16:35.360132,100,10987,32.000244,36.01543,0,1,58-10987,11653,N/A
2025-11-23T01:16:35.360132,100,52302,31.964375,35.960926,34.79,1,58-52302,11653,N/A
2025-11-23T01:16:35.360132,100,21423,32.000317,36.01466,218.2,1,58-21423,11653,N/A
2025-11-23T01:16:35.360132,100,30732,32.004444,36.00834,359.4,1,58-30732,11651,N/A
2025-11-23T01:16:35.360132,100,95161,32.000343,36.014633,177.4,1,58-95161,11653,N/A
2025-11-23T01:16:35.360132,100,90702,32.021866,35.844257,43.9,1,58-90702,10613,N/A
2025-11-23T01:16:35.360132,100,10993,32.00027,36.014793,234.1,1,58-10993,11652,N/A
2025-11-23T01:16:35.360132,100,10981,31.999386,36.014343,0,1,58-10981,11653,N/A
2025-11-23T01:16:35.360132,100,11538,32.000355,36.014435,0,1,58-11538,11653,N/A
2025-11-23T01:16:35.360132,100,11520,32.000126,36.014256,298.39,1,58-11520,11653,N/A
2025-11-23T01:16:35.360132,100,93641,31.99996,36.015163,246.4,1,58-93641,11653,N/A
2025-11-23T01:16:35.360132,100,82779,31.963634,35.960278,36.1,1,58-82779,11653,N/A
2025-11-23T01:16:35.360132,100,10996,31.960546,35.956833,0,1,58-10996,11653,N/A
2025-11-23T01:16:35.360132,100,11544,31.961313,35.958122,0,1,58-11544,11653,N/A
2025-11-23T01:17:22.460039,99,22057,32.00033,36.01411,120.8,0,58-22057,11675,N/A
2025-11-23T01:17:22.460039,99,97202,32.000256,36.015682,11.6,0,58-97202,11671,N/A
2025-11-23T01:17:22.460039,99,32725,31.99941,36.014168,116.7,0,58-32725,10625,N/A
2025-11-23T01:17:22.460039,99,96335,31.94514,35.927013,105.5,0,58-96335,10641,N/A
2025-11-23T01:17:22.460039,99,72129,31.944706,35.928158,106.5,0,58-72129,10641,N/A
2025-11-23T01:17:22.460039,99,45556,32.020844,35.84248,286.7,0,58-45556,10612,N/A
2025-11-23T01:17:22.460039,99,11005,32.00024,36.015,0,0,58-11005,10625,N/A
2025-11-23T01:17:22.460039,99,28732,32.021748,35.842438,58.6,0,58-28732,10612,N/A
2025-11-23T01:17:22.460039,99,66163,32.02123,35.84215,346.2,0,58-66163,10612,N/A
2025-11-23T01:17:22.460039,99,56867,32.020847,35.842632,289.3,0,58-56867,10612,N/A
2025-11-23T01:17:22.460039,99,25354,31.944778,35.92804,106.1,0,58-25354,10641,N/A
2025-11-23T01:17:22.460039,99,11649,32.022224,35.845154,72.31,0,58-11649,10612,N/A
2025-11-23T01:17:22.460039,99,11547,32.00016,36.01502,0,0,58-11547,10622,N/A
2025-11-23T01:17:22.460039,99,37113,32.02191,35.843987,70,0,58-37113,10612,N/A
2025-11-23T01:17:22.460039,99,11718,31.94541,35.928734,0,0,58-11718,10635,N/A
2025-11-23T01:17:22.460039,99,49451,31.946053,35.92815,294.1,1,58-49451,10643,N/A
2025-11-23T01:17:22.460039,99,11670,32.00448,36.008205,0,1,58-11670,10636,N/A
2025-11-23T01:17:22.460039,99,11499,32.00014,36.015255,0,1,58-11499,10635,N/A
2025-11-23T01:17:22.460039,99,11526,32.0002,36.01552,0,1,58-11526,10622,N/A
2025-11-23T01:17:22.460039,99,73439,32.023087,35.848095,252.9,1,58-73439,10613,N/A
2025-11-23T01:17:22.460039,99,52827,31.94586,35.91979,285.5,1,58-52827,10643,N/A
2025-11-23T01:17:22.460039,99,11493,31.94533,35.928787,0,1,58-11493,10643,N/A
2025-11-23T01:17:22.460039,99,11496,32.00006,36.015587,192.2,1,58-11496,10642,N/A
2025-11-23T01:17:22.460039,100,50152,31.99949,36.013763,130.8,0,58-50152,10613,N/A
2025-11-23T01:17:22.460039,100,63240,32.001354,36.014027,197,0,58-63240,11649,N/A
2025-11-23T01:17:22.460039,100,98191,32.00009,36.015476,0,0,58-98191,10622,N/A
2025-11-23T01:17:22.460039,100,10975,31.999632,36.016132,197.68,0,58-10975,11649,N/A
2025-11-23T01:17:22.460039,100,48886,32.00026,36.015392,21.5,0,58-48886,11649,N/A
2025-11-23T01:17:22.460039,100,11523,32.000935,36.013863,197.6,0,58-11523,10612,N/A
2025-11-23T01:17:22.460039,100,11014,32.004826,36.014347,132.1,0,58-11014,10619,N/A
2025-11-23T01:17:22.460039,100,11724,32.000275,36.01534,0,0,58-11724,11648,N/A
2025-11-23T01:17:22.460039,100,40779,31.96065,35.95736,40.9,0,58-40779,11651,N/A
2025-11-23T01:17:22.460039,100,24926,31.999966,36.015114,232.1,0,58-24926,11653,N/A
2025-11-23T01:17:22.460039,100,50752,32.000263,36.01564,74.8,1,58-50752,11651,N/A
2025-11-23T01:17:22.460039,100,05961,32.000313,36.015438,31.1,1,58-95961,11653,N/A
2025-11-23T01:17:22.460039,100,16863,32.000065,36.01559,0,1,58-16863,11653,N/A
2025-11-23T01:17:22.460039,100,97599,31.992634,35.890064,309.89,1,58-97599,10622,N/A
2025-11-23T01:17:22.460039,100,10987,32.000244,36.01543,0,1,58-10987,11653,N/A
2025-11-23T01:17:22.460039,100,52302,31.964375,35.960926,34.79,1,58-52302,11653,N/A
2025-11-23T01:17:22.460039,100,21423,32.000317,36.01466,218.2,1,58-21423,11653,N/A
2025-11-23T01:17:22.460039,100,30732,32.004444,36.00834,359.4,1,58-30732,11651,N/A
2025-11-23T01:17:22.460039,100,95161,32.000343,36.014633,177.4,1,58-95161,11653,N/A
2025-11-23T01:17:22.460039,100,90702,32.021866,35.844257,43.9,1,58-90702,10613,N/A
2025-11-23T01:17:22.460039,100,10993,32.00027,36.014793,234.1,1,58-10993,11652,N/A
2025-11-23T01:17:22.460039,100,10981,31.999386,36.014343,0,1,58-10981,11653,N/A
2025-11-23T01:17:22.460039,100,11538,32.000355,36.014435,0,1,58-11538,11653,N/A
2025-11-23T01:17:22.460039,100,11520,32.000126,36.014256,298.39,1,58-11520,11653,N/A
2025-11-23T01:17:22.460039,100,93641,31.99996,36.015163,246.4,1,58-93641,11653,N/A
2025-11-23T01:17:22.460039,100,82779,31.963634,35.960278,36.1,1,58-82779,11653,N/A
2025-11-23T01:17:22.460039,100,10996,31.960546,35.956833,0,1,58-10996,11653,N/A
2025-11-23T01:17:22.460039,100,11544,31.961313,35.958122,0,1,58-11544,11653,N/A
2025-11-23T01:18:16.942748,99,22057,32.00033,36.01411,120.8,0,58-22057,11675,N/A
2025-11-23T01:18:16.942748,99,97202,32.000256,36.015682,11.6,0,58-97202,11671,N/A
2025-11-23T01:18:16.942748,99,32725,31.99941,36.014168,116.7,0,58-32725,10625,N/A
2025-11-23T01:18:16.942748,99,96335,31.94514,35.927013,105.5,0,58-96335,10641,N/A
2025-11-23T01:18:16.942748,99,72129,31.944706,35.928158,106.5,0,58-72129,10641,N/A
2025-11-23T01:18:16.942748,99,45556,32.020844,35.84248,286.7,0,58-45556,10612,N/A
2025-11-23T01:18:16.942748,99,11005,32.00024,36.015,0,0,58-11005,10625,N/A
2025-11-23T01:18:16.942748,99,28732,32.021748,35.842438,58.6,0,58-28732,10612,N/A
2025-11-23T01:18:16.942748,99,66163,32.02123,35.84215,346.2,0,58-66163,10612,N/A
2025-11-23T01:18:16.942748,99,56867,32.020847,35.842632,289.3,0,58-56867,10612,N/A
2025-11-23T01:18:16.942748,99,25354,31.944778,35.92804,106.1,0,58-25354,10641,N/A
2025-11-23T01:18:16.942748,99,11649,32.022224,35.845154,72.31,0,58-11649,10612,N/A
2025-11-23T01:18:16.942748,99,11547,32.00016,36.01502,0,0,58-11547,10622,N/A
2025-11-23T01:18:16.942748,99,37113,32.02191,35.843987,70,0,58-37113,10612,N/A
2025-11-23T01:18:16.942748,99,11718,31.94541,35.928734,0,0,58-11718,10635,N/A
2025-11-23T01:18:16.942748,99,49451,31.946053,35.92815,294.1,1,58-49451,10643,N/A
2025-11-23T01:18:16.942748,99,11670,32.00448,36.008205,0,1,58-11670,10636,N/A
2025-11-23T01:18:16.942748,99,11499,32.00014,36.015255,0,1,58-11499,10635,N/A
2025-11-23T01:18:16.942748,99,11526,32.0002,36.01552,0,1,58-11526,10622,N/A
2025-11-23T01:18:16.942748,99,73439,32.023087,35.848095,252.9,1,58-73439,10613,N/A
2025-11-23T01:18:16.942748,99,52827,31.94586,35.91979,285.5,1,58-52827,10643,N/A
2025-11-23T01:18:16.942748,99,11493,31.94533,35.928787,0,1,58-11493,10643,N/A
2025-11-23T01:18:16.942748,99,11496,32.00006,36.015587,192.2,1,58-11496,10642,N/A
2025-11-23T01:18:16.942748,100,50152,31.99949,36.013763,130.8,0,58-50152,10613,N/A
2025-11-23T01:18:16.942748,100,63240,32.001354,36.014027,197,0,58-63240,11649,N/A
2025-11-23T01:18:16.942748,100,98191,32.000126,36.015465,190.8,0,58-98191,10622,N/A
2025-11-23T01:18:16.942748,100,10975,31.999632,36.016132,197.68,0,58-10975,11649,N/A
2025-11-23T01:18:16.942748,100,48886,32.00026,36.015392,21.5,0,58-48886,11649,N/A
2025-11-23T01:18:16.942748,100,11523,32.000935,36.013863,197.6,0,58-11523,10612,N/A
2025-11-23T01:18:16.942748,100,11014,32.004826,36.014347,132.1,0,58-11014,10623,N/A
2025-11-23T01:18:16.942748,100,11724,32.000275,36.01534,0,0,58-11724,11648,N/A
2025-11-23T01:18:16.942748,100,40779,31.96065,35.95736,40.9,0,58-40779,11651,N/A
2025-11-23T01:18:16.942748,100,24926,31.999966,36.015114,232.1,0,58-24926,11653,N/A
2025-11-23T01:18:16.942748,100,50752,32.000263,36.01564,74.8,1,58-50752,11651,N/A
2025-11-23T01:18:16.942748,100,05961,32.000313,36.015438,31.1,1,58-95961,11653,N/A
2025-11-23T01:18:16.942748,100,16863,32.000065,36.01559,0,1,58-16863,11653,N/A
2025-11-23T01:18:16.942748,100,97599,31.992634,35.890064,309.89,1,58-97599,10622,N/A
2025-11-23T01:18:16.942748,100,10987,32.000244,36.01543,0,1,58-10987,11653,N/A
2025-11-23T01:18:16.942748,100,52302,31.964375,35.960926,34.79,1,58-52302,11653,N/A
2025-11-23T01:18:16.942748,100,21423,32.000317,36.01466,218.2,1,58-21423,11653,N/A
2025-11-23T01:18:16.942748,100,30732,32.004444,36.00834,359.4,1,58-30732,11651,N/A
2025-11-23T01:18:16.942748,100,95161,32.000343,36.014633,177.4,1,58-95161,11653,N/A
2025-11-23T01:18:16.942748,100,90702,32.021866,35.844257,43.9,1,58-90702,10613,N/A
2025-11-23T01:18:16.942748,100,10993,32.00027,36.014793,234.1,1,58-10993,11652,N/A
2025-11-23T01:18:16.942748,100,10981,31.999386,36.014343,0,1,58-10981,11653,N/A
2025-11-23T01:18:16.942748,100,11538,32.000355,36.014435,0,1,58-11538,11653,N/A
2025-11-23T01:18:16.942748,100,11520,32.000126,36.014256,298.39,1,58-11520,11653,N/A
2025-11-23T01:18:16.942748,100,93641,31.99996,36.015163,246.4,1,58-93641,11653,N/A
2025-11-23T01:18:16.942748,100,82779,31.963634,35.960278,36.1,1,58-82779,11653,N/A
2025-11-23T01:18:16.942748,100,10996,31.960546,35.956833,0,1,58-10996,11653,N/A
2025-11-23T01:18:16.942748,100,11544,31.961313,35.958122,0,1,58-11544,11653,N/A
2025-11-23T01:19:22.675356,99,22057,32.00033,36.01411,120.8,0,58-22057,10614,N/A
2025-11-23T01:19:22.675356,99,97202,32.000256,36.015682,11.6,0,58-97202,11671,N/A
2025-11-23T01:19:22.675356,99,32725,31.99941,36.014168,116.7,0,58-32725,10625,N/A
2025-11-23T01:19:22.675356,99,96335,31.94514,35.927013,105.5,0,58-96335,10641,N/A
2025-11-23T01:19:22.675356,99,72129,31.944706,35.928158,106.5,0,58-72129,10641,N/A
2025-11-23T01:19:22.675356,99,45556,32.020844,35.84248,286.7,0,58-45556,10612,N/A
2025-11-23T01:19:22.675356,99,11005,32.00024,36.015,0,0,58-11005,10625,N/A
2025-11-23T01:19:22.675356,99,28732,32.021492,35.842632,46.1,0,58-28732,10612,N/A
2025-11-23T01:19:22.675356,99,66163,32.02123,35.84215,346.2,0,58-66163,10612,N/A
2025-11-23T01:19:22.675356,99,56867,32.020847,35.842632,289.3,0,58-56867,10612,N/A
2025-11-23T01:19:22.675356,99,25354,31.944778,35.92804,106.1,0,58-25354,10641,N/A
2025-11-23T01:19:22.675356,99,11649,32.022224,35.845154,72.31,0,58-11649,10612,N/A
2025-11-23T01:19:22.675356,99,11547,32.00016,36.01502,0,0,58-11547,10622,N/A
2025-11-23T01:19:22.675356,99,37113,32.02158,35.842438,0,0,58-37113,10612,N/A
2025-11-23T01:19:22.675356,99,11718,31.94541,35.928734,0,0,58-11718,10635,N/A
2025-11-23T01:19:22.675356,99,49451,31.946053,35.92815,294.1,1,58-49451,10643,N/A
2025-11-23T01:19:22.675356,99,11670,32.00448,36.008205,0,1,58-11670,10636,N/A
2025-11-23T01:19:22.675356,99,11499,32.00014,36.015255,0,1,58-11499,10635,N/A
2025-11-23T01:19:22.675356,99,11526,32.0002,36.01552,0,1,58-11526,10622,N/A
2025-11-23T01:19:22.675356,99,73439,32.023087,35.848095,252.9,1,58-73439,10613,N/A
2025-11-23T01:19:22.675356,99,52827,31.94586,35.91979,285.5,1,58-52827,10643,N/A
2025-11-23T01:19:22.675356,99,11493,31.94533,35.928787,0,1,58-11493,10643,N/A
2025-11-23T01:19:22.675356,99,11496,32.00006,36.015587,192.2,1,58-11496,10642,N/A
2025-11-23T01:19:22.675356,100,50152,31.99949,36.013763,130.8,0,58-50152,10613,N/A
2025-11-23T01:19:22.675356,100,63240,32.001354,36.014027,197,0,58-63240,11649,N/A
2025-11-23T01:19:22.675356,100,98191,32.00009,36.015476,0,0,58-98191,10622,N/A
2025-11-23T01:19:22.675356,100,10975,31.999632,36.016132,197.68,0,58-10975,11649,N/A
2025-11-23T01:19:22.675356,100,48886,32.00026,36.015392,21.5,0,58-48886,11649,N/A
2025-11-23T01:19:22.675356,100,11523,32.000935,36.013863,197.6,0,58-11523,10612,N/A
2025-11-23T01:19:22.675356,100,11014,32.004826,36.014347,132.1,0,58-11014,10619,N/A
2025-11-23T01:19:22.675356,100,11724,32.000275,36.01534,0,0,58-11724,11648,N/A
2025-11-23T01:19:22.675356,100,40779,31.96065,35.95736,40.9,0,58-40779,11651,N/A
2025-11-23T01:19:22.675356,100,24926,31.999966,36.015114,232.1,0,58-24926,11653,N/A
2025-11-23T01:19:22.675356,100,50752,32.000263,36.01564,74.8,1,58-50752,11651,N/A
2025-11-23T01:19:22.675356,100,05961,32.000313,36.015438,31.1,1,58-95961,11653,N/A
2025-11-23T01:19:22.675356,100,16863,32.000065,36.01559,0,1,58-16863,11653,N/A
2025-11-23T01:19:22.675356,100,97599,31.992634,35.890064,309.89,1,58-97599,10622,N/A
2025-11-23T01:19:22.675356,100,10987,32.000244,36.01543,0,1,58-10987,11653,N/A
2025-11-23T01:19:22.675356,100,52302,31.964375,35.960926,34.79,1,58-52302,11653,N/A
2025-11-23T01:19:22.675356,100,21423,32.000317,36.01466,218.2,1,58-21423,11653,N/A
2025-11-23T01:19:22.675356,100,30732,32.004444,36.00834,359.4,1,58-30732,11651,N/A
2025-11-23T01:19:22.675356,100,95161,32.000343,36.014633,177.4,1,58-95161,11653,N/A
2025-11-23T01:19:22.675356,100,90702,32.021866,35.844257,43.9,1,58-90702,10613,N/A
2025-11-23T01:19:22.675356,100,10993,32.00027,36.014793,234.1,1,58-10993,11652,N/A
2025-11-23T01:19:22.675356,100,10981,31.999386,36.014343,0,1,58-10981,11653,N/A
2025-11-23T01:19:22.675356,100,11538,32.000355,36.014435,0,1,58-11538,11653,N/A
2025-11-23T01:19:22.675356,100,11520,32.000126,36.014256,298.39,1,58-11520,11653,N/A
2025-11-23T01:19:22.675356,100,93641,31.99996,36.015163,246.4,1,58-93641,11653,N/A
2025-11-23T01:19:22.675356,100,82779,31.963634,35.960278,36.1,1,58-82779,11653,N/A
2025-11-23T01:19:22.675356,100,10996,31.960546,35.956833,0,1,58-10996,11653,N/A
2025-11-23T01:19:22.675356,100,11544,31.961313,35.958122,0,1,58-11544,11653,N/A
2025-11-23T01:20:12.909865,99,22057,32.00033,36.01411,120.8,0,58-22057,10614,N/A
2025-11-23T01:20:12.909865,99,97202,32.000256,36.015682,11.6,0,58-97202,11671,N/A
2025-11-23T01:20:12.909865,99,32725,31.99941,36.014168,116.7,0,58-32725,10625,N/A
2025-11-23T01:20:12.909865,99,96335,31.94514,35.927013,105.5,0,58-96335,10641,N/A
2025-11-23T01:20:12.909865,99,72129,31.944706,35.928158,106.5,0,58-72129,10641,N/A
2025-11-23T01:20:12.909865,99,45556,32.020844,35.84248,286.7,0,58-45556,10612,N/A
2025-11-23T01:20:12.909865,99,11005,32.00024,36.015,0,0,58-11005,10625,N/A
2025-11-23T01:20:12.909865,99,28732,32.021492,35.842632,46.1,0,58-28732,10612,N/A
2025-11-23T01:20:12.909865,99,66163,32.02123,35.84215,346.2,0,58-66163,10612,N/A
2025-11-23T01:20:12.909865,99,56867,32.020847,35.842632,289.3,0,58-56867,10612,N/A
2025-11-23T01:20:12.909865,99,25354,31.944778,35.92804,106.1,0,58-25354,10641,N/A
2025-11-23T01:20:12.909865,99,11649,32.022224,35.845154,72.31,0,58-11649,10612,N/A
2025-11-23T01:20:12.909865,99,11547,32.00016,36.01502,0,0,58-11547,10622,N/A
2025-11-23T01:20:12.909865,99,37113,32.02158,35.842438,0,0,58-37113,10612,N/A
2025-11-23T01:20:12.909865,99,11718,31.94541,35.928734,0,0,58-11718,10635,N/A
2025-11-23T01:20:12.909865,99,49451,31.946053,35.92815,294.1,1,58-49451,10643,N/A
2025-11-23T01:20:12.909865,99,11670,32.00448,36.008205,0,1,58-11670,10636,N/A
2025-11-23T01:20:12.909865,99,11499,32.00014,36.015255,0,1,58-11499,10635,N/A
2025-11-23T01:20:12.909865,99,11526,32.0002,36.01552,0,1,58-11526,10622,N/A
2025-11-23T01:20:12.909865,99,73439,32.023087,35.848095,252.9,1,58-73439,10613,N/A
2025-11-23T01:20:12.909865,99,52827,31.94586,35.91979,285.5,1,58-52827,10643,N/A
2025-11-23T01:20:12.909865,99,11493,31.94533,35.928787,0,1,58-11493,10643,N/A
2025-11-23T01:20:12.909865,99,11496,32.00006,36.015587,192.2,1,58-11496,10642,N/A
2025-11-23T01:20:12.909865,100,50152,31.99949,36.013763,130.8,0,58-50152,10613,N/A
2025-11-23T01:20:12.909865,100,63240,32.001354,36.014027,197,0,58-63240,11649,N/A
2025-11-23T01:20:12.909865,100,98191,32.000126,36.015465,190.8,0,58-98191,10622,N/A
2025-11-23T01:20:12.909865,100,10975,31.999632,36.016132,197.68,0,58-10975,11649,N/A
2025-11-23T01:20:12.909865,100,48886,32.00026,36.015392,21.5,0,58-48886,11649,N/A
2025-11-23T01:20:12.909865,100,11523,32.000935,36.013863,197.6,0,58-11523,10612,N/A
2025-11-23T01:20:12.909865,100,11014,32.004826,36.014347,132.1,0,58-11014,10623,N/A
2025-11-23T01:20:12.909865,100,11724,32.000275,36.01534,0,0,58-11724,11648,N/A
2025-11-23T01:20:12.909865,100,40779,31.96065,35.95736,40.9,0,58-40779,11651,N/A
2025-11-23T01:20:12.909865,100,24926,31.999966,36.015114,232.1,0,58-24926,11653,N/A
2025-11-23T01:20:12.909865,100,50752,32.000263,36.01564,74.8,1,58-50752,11651,N/A
2025-11-23T01:20:12.909865,100,05961,32.000313,36.015438,31.1,1,58-95961,11653,N/A
2025-11-23T01:20:12.909865,100,16863,32.000065,36.01559,0,1,58-16863,11653,N/A
2025-11-23T01:20:12.909865,100,97599,31.992634,35.890064,309.89,1,58-97599,10622,N/A
2025-11-23T01:20:12.909865,100,10987,32.000244,36.01543,0,1,58-10987,11653,N/A
2025-11-23T01:20:12.909865,100,52302,31.964375,35.960926,34.79,1,58-52302,11653,N/A
2025-11-23T01:20:12.909865,100,21423,32.000317,36.01466,218.2,1,58-21423,11653,N/A
2025-11-23T01:20:12.909865,100,30732,32.004444,36.00834,359.4,1,58-30732,11651,N/A
2025-11-23T01:20:12.909865,100,95161,32.000343,36.014633,177.4,1,58-95161,11653,N/A
2025-11-23T01:20:12.909865,100,90702,32.021866,35.844257,43.9,1,58-90702,10613,N/A
2025-11-23T01:20:12.909865,100,10993,32.00027,36.014793,234.1,1,58-10993,11652,N/A
2025-11-23T01:20:12.909865,100,10981,31.999386,36.014343,0,1,58-10981,11653,N/A
2025-11-23T01:20:12.909865,100,11538,32.000355,36.014435,0,1,58-11538,11653,N/A
2025-11-23T01:20:12.909865,100,11520,32.000126,36.014256,298.39,1,58-11520,11653,N/A
2025-11-23T01:20:12.909865,100,93641,31.99996,36.015163,246.4,1,58-93641,11653,N/A
2025-11-23T01:20:12.909865,100,82779,31.963634,35.960278,36.1,1,58-82779,11653,N/A
2025-11-23T01:20:12.909865,100,10996,31.960546,35.956833,0,1,58-10996,11653,N/A
2025-11-23T01:20:12.909865,100,11544,31.961313,35.958122,0,1,58-11544,11653,N/A
2025-11-23T01:21:04.221850,99,22057,32.00033,36.01411,120.8,0,58-22057,11675,N/A
2025-11-23T01:21:04.221850,99,97202,32.000256,36.015682,11.6,0,58-97202,11671,N/A
2025-11-23T01:21:04.221850,99,32725,31.99941,36.014168,116.7,0,58-32725,10625,N/A
2025-11-23T01:21:04.221850,99,96335,31.94514,35.927013,105.5,0,58-96335,10641,N/A
2025-11-23T01:21:04.221850,99,72129,31.944706,35.928158,106.5,0,58-72129,10641,N/A
2025-11-23T01:21:04.221850,99,45556,32.020844,35.84248,286.7,0,58-45556,10612,N/A
2025-11-23T01:21:04.221850,99,11005,32.00024,36.015,0,0,58-11005,10625,N/A
2025-11-23T01:21:04.221850,99,28732,32.021748,35.842438,58.6,0,58-28732,10612,N/A
2025-11-23T01:21:04.221850,99,66163,32.02123,35.84215,346.2,0,58-66163,10612,N/A
2025-11-23T01:21:04.221850,99,56867,32.020847,35.842632,289.3,0,58-56867,10612,N/A
2025-11-23T01:21:04.221850,99,25354,31.944778,35.92804,106.1,0,58-25354,10641,N/A
2025-11-23T01:21:04.221850,99,11649,32.022224,35.845154,72.31,0,58-11649,10612,N/A
2025-11-23T01:21:04.221850,99,11547,32.00016,36.01502,0,0,58-11547,10622,N/A
2025-11-23T01:21:04.221850,99,37113,32.02191,35.843987,70,0,58-37113,10612,N/A
2025-11-23T01:21:04.221850,99,11718,31.94541,35.928734,0,0,58-11718,10635,N/A
2025-11-23T01:21:04.221850,99,49451,31.946053,35.92815,294.1,1,58-49451,10643,N/A
2025-11-23T01:21:04.221850,99,11670,32.00448,36.008205,0,1,58-11670,10636,N/A
2025-11-23T01:21:04.221850,99,11499,32.00014,36.015255,0,1,58-11499,10635,N/A
2025-11-23T01:21:04.221850,99,11526,32.0002,36.01552,0,1,58-11526,10622,N/A
2025-11-23T01:21:04.221850,99,73439,32.023087,35.848095,252.9,1,58-73439,10613,N/A
2025-11-23T01:21:04.221850,99,52827,31.94586,35.91979,285.5,1,58-52827,10643,N/A
2025-11-23T01:21:04.221850,99,11493,31.94533,35.928787,0,1,58-11493,10643,N/A
2025-11-23T01:21:04.221850,99,11496,32.00006,36.015587,192.2,1,58-11496,10642,N/A
2025-11-23T01:21:04.221850,100,50152,31.99949,36.013763,130.8,0,58-50152,10613,N/A
2025-11-23T01:21:04.221850,100,63240,32.001354,36.014027,197,0,58-63240,11649,N/A
2025-11-23T01:21:04.221850,100,98191,32.000126,36.015465,190.8,0,58-98191,10622,N/A
2025-11-23T01:21:04.221850,100,10975,31.999632,36.016132,197.68,0,58-10975,11649,N/A
2025-11-23T01:21:04.221850,100,48886,32.00026,36.015392,21.5,0,58-48886,11649,N/A
2025-11-23T01:21:04.221850,100,11523,32.000935,36.013863,197.6,0,58-11523,10612,N/A
2025-11-23T01:21:04.221850,100,11014,32.004826,36.014347,132.1,0,58-11014,10623,N/A
2025-11-23T01:21:04.221850,100,11724,32.000275,36.01534,0,0,58-11724,11648,N/A
2025-11-23T01:21:04.221850,100,40779,31.96065,35.95736,40.9,0,58-40779,11651,N/A
2025-11-23T01:21:04.221850,100,24926,31.999966,36.015114,232.1,0,58-24926,11653,N/A
2025-11-23T01:21:04.221850,100,50752,32.000263,36.01564,74.8,1,58-50752,11653,N/A
2025-11-23T01:21:04.221850,100,05961,32.000313,36.015438,31.1,1,58-95961,11653,N/A
2025-11-23T01:21:04.221850,100,16863,32.000065,36.01559,0,1,58-16863,11653,N/A
2025-11-23T01:21:04.221850,100,97599,31.992634,35.890064,309.89,1,58-97599,10622,N/A
2025-11-23T01:21:04.221850,100,10987,32.000244,36.01543,0,1,58-10987,11653,N/A
2025-11-23T01:21:04.221850,100,52302,31.964375,35.960926,34.79,1,58-52302,11653,N/A
2025-11-23T01:21:04.221850,100,21423,32.000317,36.01466,218.2,1,58-21423,11653,N/A
2025-11-23T01:21:04.221850,100,30732,32.004444,36.00834,359.4,1,58-30732,11653,N/A
2025-11-23T01:21:04.221850,100,95161,32.000343,36.014633,177.4,1,58-95161,11653,N/A
2025-11-23T01:21:04.221850,100,90702,32.021866,35.844257,43.9,1,58-90702,10613,N/A
2025-11-23T01:21:04.221850,100,10993,32.00027,36.014793,234.1,1,58-10993,11653,N/A
2025-11-23T01:21:04.221850,100,10981,31.999386,36.014343,0,1,58-10981,11651,N/A
2025-11-23T01:21:04.221850,100,11538,32.000355,36.014435,0,1,58-11538,11652,N/A
2025-11-23T01:21:04.221850,100,11520,32.000126,36.014256,298.39,1,58-11520,11653,N/A
2025-11-23T01:21:04.221850,100,93641,31.99996,36.015163,246.4,1,58-93641,11653,N/A
2025-11-23T01:21:04.221850,100,82779,31.963634,35.960278,36.1,1,58-82779,11653,N/A
2025-11-23T01:21:04.221850,100,10996,31.960546,35.956833,0,1,58-10996,11653,N/A
2025-11-23T01:21:04.221850,100,11544,31.961313,35.958122,0,1,58-11544,11653,N/A
2025-11-23T01:21:50.524117,99,22057,32.00033,36.01411,120.8,0,58-22057,10614,N/A
2025-11-23T01:21:50.524117,99,97202,32.000256,36.015682,11.6,0,58-97202,11671,N/A
2025-11-23T01:21:50.524117,99,32725,31.99941,36.014168,116.7,0,58-32725,10625,N/A
2025-11-23T01:21:50.524117,99,96335,31.94514,35.927013,105.5,0,58-96335,10641,N/A
2025-11-23T01:21:50.524117,99,72129,31.944706,35.928158,106.5,0,58-72129,10641,N/A
2025-11-23T01:21:50.524117,99,45556,32.020844,35.84248,286.7,0,58-45556,10612,N/A
2025-11-23T01:21:50.524117,99,11005,32.00024,36.015,0,0,58-11005,10625,N/A
2025-11-23T01:21:50.524117,99,28732,32.021492,35.842632,46.1,0,58-28732,10612,N/A
2025-11-23T01:21:50.524117,99,66163,32.02123,35.84215,346.2,0,58-66163,10612,N/A
2025-11-23T01:21:50.524117,99,56867,32.020847,35.842632,289.3,0,58-56867,10612,N/A
2025-11-23T01:21:50.524117,99,25354,31.944778,35.92804,106.1,0,58-25354,10641,N/A
2025-11-23T01:21:50.524117,99,11649,32.022224,35.845154,72.31,0,58-11649,10612,N/A
2025-11-23T01:21:50.524117,99,11547,32.00016,36.01502,0,0,58-11547,10622,N/A
2025-11-23T01:21:50.524117,99,37113,32.02158,35.842438,0,0,58-37113,10612,N/A
2025-11-23T01:21:50.524117,99,11718,31.94541,35.928734,0,0,58-11718,10635,N/A
2025-11-23T01:21:50.524117,99,49451,31.946053,35.92815,294.1,1,58-49451,10643,N/A
2025-11-23T01:21:50.524117,99,11670,32.00448,36.008205,0,1,58-11670,10636,N/A
2025-11-23T01:21:50.524117,99,11499,32.00014,36.015255,0,1,58-11499,10635,N/A
2025-11-23T01:21:50.524117,99,11526,32.0002,36.01552,0,1,58-11526,10622,N/A
2025-11-23T01:21:50.524117,99,73439,32.023087,35.848095,252.9,1,58-73439,10613,N/A
2025-11-23T01:21:50.524117,99,52827,31.94586,35.91979,285.5,1,58-52827,10643,N/A
2025-11-23T01:21:50.524117,99,11493,31.94533,35.928787,0,1,58-11493,10643,N/A
2025-11-23T01:21:50.524117,99,11496,32.00006,36.015587,192.2,1,58-11496,10642,N/A
2025-11-23T01:21:50.524117,100,50152,31.99949,36.013763,130.8,0,58-50152,10613,N/A
2025-11-23T01:21:50.524117,100,63240,32.001354,36.014027,197,0,58-63240,11649,N/A
2025-11-23T01:21:50.524117,100,98191,32.00009,36.015476,0,0,58-98191,10622,N/A
2025-11-23T01:21:50.524117,100,10975,31.999632,36.016132,197.68,0,58-10975,11649,N/A
2025-11-23T01:21:50.524117,100,48886,32.00026,36.015392,21.5,0,58-48886,11649,N/A
2025-11-23T01:21:50.524117,100,11523,32.000935,36.013863,197.6,0,58-11523,10612,N/A
2025-11-23T01:21:50.524117,100,11014,32.004826,36.014347,132.1,0,58-11014,10619,N/A
2025-11-23T01:21:50.524117,100,11724,32.000275,36.01534,0,0,58-11724,11648,N/A
2025-11-23T01:21:50.524117,100,40779,31.96065,35.95736,40.9,0,58-40779,11651,N/A
2025-11-23T01:21:50.524117,100,24926,31.999966,36.015114,232.1,0,58-24926,11653,N/A
2025-11-23T01:21:50.524117,100,50752,32.000263,36.01564,74.8,1,58-50752,11653,N/A
2025-11-23T01:21:50.524117,100,05961,32.000313,36.015438,31.1,1,58-95961,11653,N/A
2025-11-23T01:21:50.524117,100,16863,32.000065,36.01559,0,1,58-16863,11653,N/A
2025-11-23T01:21:50.524117,100,97599,31.992634,35.890064,309.89,1,58-97599,10622,N/A
2025-11-23T01:21:50.524117,100,10987,32.000244,36.01543,0,1,58-10987,11653,N/A
2025-11-23T01:21:50.524117,100,52302,31.964375,35.960926,34.79,1,58-52302,11653,N/A
2025-11-23T01:21:50.524117,100,21423,32.000317,36.01466,218.2,1,58-21423,11653,N/A
2025-11-23T01:21:50.524117,100,30732,32.004444,36.00834,359.4,1,58-30732,11653,N/A
2025-11-23T01:21:50.524117,100,95161,32.000343,36.014633,177.4,1,58-95161,11653,N/A
2025-11-23T01:21:50.524117,100,90702,32.021866,35.844257,43.9,1,58-90702,10613,N/A
2025-11-23T01:21:50.524117,100,10993,32.00027,36.014793,234.1,1,58-10993,11653,N/A
2025-11-23T01:21:50.524117,100,10981,31.999386,36.014343,0,1,58-10981,11651,N/A
2025-11-23T01:21:50.524117,100,11538,32.000355,36.014435,0,1,58-11538,11652,N/A
2025-11-23T01:21:50.524117,100,11520,32.000126,36.014256,298.39,1,58-11520,11653,N/A
2025-11-23T01:21:50.524117,100,93641,31.99996,36.015163,246.4,1,58-93641,11653,N/A
2025-11-23T01:21:50.524117,100,82779,31.963634,35.960278,36.1,1,58-82779,11653,N/A
2025-11-23T01:21:50.524117,100,10996,31.960546,35.956833,0,1,58-10996,11653,N/A
2025-11-23T01:21:50.524117,100,11544,31.961313,35.958122,0,1,58-11544,11653,N/A
2025-11-23T01:22:36.135939,99,22057,32.00033,36.01411,120.8,0,58-22057,10614,N/A
2025-11-23T01:22:36.135939,99,97202,32.000256,36.015682,11.6,0,58-97202,11671,N/A
2025-11-23T01:22:36.135939,99,32725,31.99941,36.014168,116.7,0,58-32725,10625,N/A
2025-11-23T01:22:36.135939,99,96335,31.94514,35.927013,105.5,0,58-96335,10641,N/A
2025-11-23T01:22:36.135939,99,72129,31.944706,35.928158,106.5,0,58-72129,10641,N/A
2025-11-23T01:22:36.135939,99,45556,32.020844,35.84248,286.7,0,58-45556,10612,N/A
2025-11-23T01:22:36.135939,99,11005,32.00024,36.015,0,0,58-11005,10625,N/A
2025-11-23T01:22:36.135939,99,28732,32.021492,35.842632,46.1,0,58-28732,10612,N/A
2025-11-23T01:22:36.135939,99,66163,32.02123,35.84215,346.2,0,58-66163,10612,N/A
2025-11-23T01:22:36.135939,99,56867,32.020847,35.842632,289.3,0,58-56867,10612,N/A
2025-11-23T01:22:36.135939,99,25354,31.944778,35.92804,106.1,0,58-25354,10641,N/A
2025-11-23T01:22:36.135939,99,11649,32.022224,35.845154,72.31,0,58-11649,10612,N/A
2025-11-23T01:22:36.135939,99,11547,32.00016,36.01502,0,0,58-11547,10622,N/A
2025-11-23T01:22:36.135939,99,37113,32.02158,35.842438,0,0,58-37113,10612,N/A
2025-11-23T01:22:36.135939,99,11718,31.94541,35.928734,0,0,58-11718,10635,N/A
2025-11-23T01:22:36.135939,99,49451,31.946053,35.92815,294.1,1,58-49451,10643,N/A
2025-11-23T01:22:36.135939,99,11670,32.00448,36.008205,0,1,58-11670,10636,N/A
2025-11-23T01:22:36.135939,99,11499,32.00014,36.015255,0,1,58-11499,10635,N/A
2025-11-23T01:22:36.135939,99,11526,32.0002,36.01552,0,1,58-11526,10622,N/A
2025-11-23T01:22:36.135939,99,73439,32.023087,35.848095,252.9,1,58-73439,10613,N/A
2025-11-23T01:22:36.135939,99,52827,31.94586,35.91979,285.5,1,58-52827,10643,N/A
2025-11-23T01:22:36.135939,99,11493,31.94533,35.928787,0,1,58-11493,10643,N/A
2025-11-23T01:22:36.135939,99,11496,32.00006,36.015587,192.2,1,58-11496,10642,N/A
2025-11-23T01:22:36.135939,100,50152,31.99949,36.013763,130.8,0,58-50152,10613,N/A
2025-11-23T01:22:36.135939,100,63240,32.001354,36.014027,197,0,58-63240,11649,N/A
2025-11-23T01:22:36.135939,100,98191,32.00009,36.015476,0,0,58-98191,10622,N/A
2025-11-23T01:22:36.135939,100,10975,31.999632,36.016132,197.68,0,58-10975,11649,N/A
2025-11-23T01:22:36.135939,100,48886,32.00026,36.015392,21.5,0,58-48886,11649,N/A
2025-11-23T01:22:36.135939,100,11523,32.000935,36.013863,197.6,0,58-11523,10612,N/A
2025-11-23T01:22:36.135939,100,11014,32.004826,36.014347,132.1,0,58-11014,10619,N/A
2025-11-23T01:22:36.135939,100,11724,32.000275,36.01534,0,0,58-11724,11648,N/A
2025-11-23T01:22:36.135939,100,40779,31.96065,35.95736,40.9,0,58-40779,11651,N/A
2025-11-23T01:22:36.135939,100,24926,31.999966,36.015114,232.1,0,58-24926,11653,N/A
2025-11-23T01:22:36.135939,100,50752,32.000263,36.01564,74.8,1,58-50752,11651,N/A
2025-11-23T01:22:36.135939,100,05961,32.000313,36.015438,31.1,1,58-95961,11653,N/A
2025-11-23T01:22:36.135939,100,16863,32.000065,36.01559,0,1,58-16863,11653,N/A
2025-11-23T01:22:36.135939,100,97599,31.992634,35.890064,309.89,1,58-97599,10622,N/A
2025-11-23T01:22:36.135939,100,10987,32.000244,36.01543,0,1,58-10987,11653,N/A
2025-11-23T01:22:36.135939,100,52302,31.964375,35.960926,34.79,1,58-52302,11653,N/A
2025-11-23T01:22:36.135939,100,21423,32.000317,36.01466,218.2,1,58-21423,11653,N/A
2025-11-23T01:22:36.135939,100,30732,32.004444,36.00834,359.4,1,58-30732,11651,N/A
2025-11-23T01:22:36.135939,100,95161,32.000343,36.014633,177.4,1,58-95161,11653,N/A
2025-11-23T01:22:36.135939,100,90702,32.021866,35.844257,43.9,1,58-90702,10613,N/A
2025-11-23T01:22:36.135939,100,10993,32.00027,36.014793,234.1,1,58-10993,11652,N/A
2025-11-23T01:22:36.135939,100,10981,31.999386,36.014343,0,1,58-10981,11653,N/A
2025-11-23T01:22:36.135939,100,11538,32.000355,36.014435,0,1,58-11538,11653,N/A
2025-11-23T01:22:36.135939,100,11520,32.000126,36.014256,298.39,1,58-11520,11653,N/A
2025-11-23T01:22:36.135939,100,93641,31.99996,36.015163,246.4,1,58-93641,11653,N/A
2025-11-23T01:22:36.135939,100,82779,31.963634,35.960278,36.1,1,58-82779,11653,N/A
2025-11-23T01:22:36.135939,100,10996,31.960546,35.956833,0,1,58-10996,11653,N/A
2025-11-23T01:22:36.135939,100,11544,31.961313,35.958122,0,1,58-11544,11653,N/A
2025-11-23T01:23:41.591371,99,22057,32.00033,36.01411,120.8,0,58-22057,10614,N/A
2025-11-23T01:23:41.591371,99,97202,32.000256,36.015682,11.6,0,58-97202,11671,N/A
2025-11-23T01:23:41.591371,99,32725,31.99941,36.014168,116.7,0,58-32725,10625,N/A
2025-11-23T01:23:41.591371,99,96335,31.94514,35.927013,105.5,0,58-96335,10641,N/A
2025-11-23T01:23:41.591371,99,72129,31.944706,35.928158,106.5,0,58-72129,10641,N/A
2025-11-23T01:23:41.591371,99,45556,32.020844,35.84248,286.7,0,58-45556,10612,N/A
2025-11-23T01:23:41.591371,99,11005,32.00024,36.015,0,0,58-11005,10625,N/A
2025-11-23T01:23:41.591371,99,28732,32.021492,35.842632,46.1,0,58-28732,10612,N/A
2025-11-23T01:23:41.591371,99,66163,32.02123,35.84215,346.2,0,58-66163,10612,N/A
2025-11-23T01:23:41.591371,99,56867,32.020847,35.842632,289.3,0,58-56867,10612,N/A
2025-11-23T01:23:41.591371,99,25354,31.944778,35.92804,106.1,0,58-25354,10641,N/A
2025-11-23T01:23:41.591371,99,11649,32.022224,35.845154,72.31,0,58-11649,10612,N/A
2025-11-23T01:23:41.591371,99,11547,32.00016,36.01502,0,0,58-11547,10622,N/A
2025-11-23T01:23:41.591371,99,37113,32.02158,35.842438,0,0,58-37113,10612,N/A
2025-11-23T01:23:41.591371,99,11718,31.94541,35.928734,0,0,58-11718,10635,N/A
2025-11-23T01:23:41.591371,99,49451,31.946053,35.92815,294.1,1,58-49451,10643,N/A
2025-11-23T01:23:41.591371,99,11670,32.00448,36.008205,0,1,58-11670,10636,N/A
2025-11-23T01:23:41.591371,99,11499,32.00014,36.015255,0,1,58-11499,10635,N/A
2025-11-23T01:23:41.591371,99,11526,32.0002,36.01552,0,1,58-11526,10622,N/A
2025-11-23T01:23:41.591371,99,73439,32.023087,35.848095,252.9,1,58-73439,10613,N/A
2025-11-23T01:23:41.591371,99,52827,31.94586,35.91979,285.5,1,58-52827,10643,N/A
2025-11-23T01:23:41.591371,99,11493,31.94533,35.928787,0,1,58-11493,10643,N/A
2025-11-23T01:23:41.591371,99,11496,32.00006,36.015587,192.2,1,58-11496,10642,N/A
2025-11-23T01:23:41.591371,100,50152,31.99949,36.013763,130.8,0,58-50152,10613,N/A
2025-11-23T01:23:41.591371,100,63240,32.001354,36.014027,197,0,58-63240,11649,N/A
2025-11-23T01:23:41.591371,100,98191,32.00009,36.015476,0,0,58-98191,10622,N/A
2025-11-23T01:23:41.591371,100,10975,31.999632,36.016132,197.68,0,58-10975,11649,N/A
2025-11-23T01:23:41.591371,100,48886,32.00026,36.015392,21.5,0,58-48886,11649,N/A
2025-11-23T01:23:41.591371,100,11523,32.000935,36.013863,197.6,0,58-11523,10612,N/A
2025-11-23T01:23:41.591371,100,11014,32.004826,36.014347,132.1,0,58-11014,10619,N/A
2025-11-23T01:23:41.591371,100,11724,32.000275,36.01534,0,0,58-11724,11648,N/A
2025-11-23T01:23:41.591371,100,40779,31.96065,35.95736,40.9,0,58-40779,11651,N/A
2025-11-23T01:23:41.591371,100,24926,31.999966,36.015114,232.1,0,58-24926,11653,N/A
2025-11-23T01:23:41.591371,100,50752,32.000263,36.01564,74.8,1,58-50752,11653,N/A
2025-11-23T01:23:41.591371,100,05961,32.000313,36.015438,31.1,1,58-95961,11653,N/A
2025-11-23T01:23:41.591371,100,16863,32.000065,36.01559,0,1,58-16863,11653,N/A
2025-11-23T01:23:41.591371,100,97599,31.992634,35.890064,309.89,1,58-97599,10622,N/A
2025-11-23T01:23:41.591371,100,10987,32.000244,36.01543,0,1,58-10987,11653,N/A
2025-11-23T01:23:41.591371,100,52302,31.964375,35.960926,34.79,1,58-52302,11653,N/A
2025-11-23T01:23:41.591371,100,21423,32.000317,36.01466,218.2,1,58-21423,11653,N/A
2025-11-23T01:23:41.591371,100,30732,32.004444,36.00834,359.4,1,58-30732,11653,N/A
2025-11-23T01:23:41.591371,100,95161,32.000343,36.014633,177.4,1,58-95161,11653,N/A
2025-11-23T01:23:41.591371,100,90702,32.021866,35.844257,43.9,1,58-90702,10613,N/A
2025-11-23T01:23:41.591371,100,10993,32.00027,36.014793,234.1,1,58-10993,11653,N/A
2025-11-23T01:23:41.591371,100,10981,31.999386,36.014343,0,1,58-10981,11651,N/A
2025-11-23T01:23:41.591371,100,11538,32.000355,36.014435,0,1,58-11538,11652,N/A
2025-11-23T01:23:41.591371,100,11520,32.000126,36.014256,298.39,1,58-11520,11653,N/A
2025-11-23T01:23:41.591371,100,93641,31.99996,36.015163,246.4,1,58-93641,11653,N/A
2025-11-23T01:23:41.591371,100,82779,31.963634,35.960278,36.1,1,58-82779,11653,N/A
2025-11-23T01:23:41.591371,100,10996,31.960546,35.956833,0,1,58-10996,11653,N/A
2025-11-23T01:23:41.591371,100,11544,31.961313,35.958122,0,1,58-11544,11653,N/A
2025-11-23T01:24:29.677526,99,22057,32.00033,36.01411,120.8,0,58-22057,10614,N/A
2025-11-23T01:24:29.677526,99,97202,32.000256,36.015682,11.6,0,58-97202,11671,N/A
2025-11-23T01:24:29.677526,99,32725,31.99941,36.014168,116.7,0,58-32725,10625,N/A
2025-11-23T01:24:29.677526,99,96335,31.94514,35.927013,105.5,0,58-96335,10641,N/A
2025-11-23T01:24:29.677526,99,72129,31.944706,35.928158,106.5,0,58-72129,10641,N/A
2025-11-23T01:24:29.677526,99,45556,32.020844,35.84248,286.7,0,58-45556,10612,N/A
2025-11-23T01:24:29.677526,99,11005,32.00024,36.015,0,0,58-11005,10625,N/A
2025-11-23T01:24:29.677526,99,28732,32.021492,35.842632,46.1,0,58-28732,10612,N/A
2025-11-23T01:24:29.677526,99,66163,32.02123,35.84215,346.2,0,58-66163,10612,N/A
2025-11-23T01:24:29.677526,99,56867,32.020847,35.842632,289.3,0,58-56867,10612,N/A
2025-11-23T01:24:29.677526,99,25354,31.944778,35.92804,106.1,0,58-25354,10641,N/A
2025-11-23T01:24:29.677526,99,11649,32.022224,35.845154,72.31,0,58-11649,10612,N/A
2025-11-23T01:24:29.677526,99,11547,32.00016,36.01502,0,0,58-11547,10622,N/A
2025-11-23T01:24:29.677526,99,37113,32.02158,35.842438,0,0,58-37113,10612,N/A
2025-11-23T01:24:29.677526,99,11718,31.94541,35.928734,0,0,58-11718,10635,N/A
2025-11-23T01:24:29.677526,99,49451,31.946053,35.92815,294.1,1,58-49451,10643,N/A
2025-11-23T01:24:29.677526,99,11670,32.00448,36.008205,0,1,58-11670,10636,N/A
2025-11-23T01:24:29.677526,99,11499,32.00014,36.015255,0,1,58-11499,10635,N/A
2025-11-23T01:24:29.677526,99,11526,32.0002,36.01552,0,1,58-11526,10622,N/A
2025-11-23T01:24:29.677526,99,73439,32.023087,35.848095,252.9,1,58-73439,10613,N/A
2025-11-23T01:24:29.677526,99,52827,31.94586,35.91979,285.5,1,58-52827,10643,N/A
2025-11-23T01:24:29.677526,99,11493,31.94533,35.928787,0,1,58-11493,10643,N/A
2025-11-23T01:24:29.677526,99,11496,32.00006,36.015587,192.2,1,58-11496,10642,N/A
2025-11-23T01:24:29.677526,100,50152,31.99949,36.013763,130.8,0,58-50152,10613,N/A
2025-11-23T01:24:29.677526,100,63240,32.001354,36.014027,197,0,58-63240,11649,N/A
2025-11-23T01:24:29.677526,100,98191,32.000126,36.015465,190.8,0,58-98191,10622,N/A
2025-11-23T01:24:29.677526,100,10975,31.999632,36.016132,197.68,0,58-10975,11649,N/A
2025-11-23T01:24:29.677526,100,48886,32.00026,36.015392,21.5,0,58-48886,11649,N/A
2025-11-23T01:24:29.677526,100,11523,32.000935,36.013863,197.6,0,58-11523,10612,N/A
2025-11-23T01:24:29.677526,100,11014,32.004826,36.014347,132.1,0,58-11014,10623,N/A
2025-11-23T01:24:29.677526,100,11724,32.000275,36.01534,0,0,58-11724,11648,N/A
2025-11-23T01:24:29.677526,100,40779,31.96065,35.95736,40.9,0,58-40779,11651,N/A
2025-11-23T01:24:29.677526,100,24926,31.999966,36.015114,232.1,0,58-24926,11653,N/A
2025-11-23T01:24:29.677526,100,50752,32.000263,36.01564,74.8,1,58-50752,11653,N/A
2025-11-23T01:24:29.677526,100,05961,32.000313,36.015438,31.1,1,58-95961,11653,N/A
2025-11-23T01:24:29.677526,100,16863,32.000065,36.01559,0,1,58-16863,11653,N/A
2025-11-23T01:24:29.677526,100,97599,31.992634,35.890064,309.89,1,58-97599,10622,N/A
2025-11-23T01:24:29.677526,100,10987,32.000244,36.01543,0,1,58-10987,11653,N/A
2025-11-23T01:24:29.677526,100,52302,31.964375,35.960926,34.79,1,58-52302,11653,N/A
2025-11-23T01:24:29.677526,100,21423,32.000317,36.01466,218.2,1,58-21423,11653,N/A
2025-11-23T01:24:29.677526,100,30732,32.004444,36.00834,359.4,1,58-30732,11653,N/A
2025-11-23T01:24:29.677526,100,95161,32.000343,36.014633,177.4,1,58-95161,11653,N/A
2025-11-23T01:24:29.677526,100,90702,32.021866,35.844257,43.9,1,58-90702,10613,N/A
2025-11-23T01:24:29.677526,100,10993,32.00027,36.014793,234.1,1,58-10993,11653,N/A
2025-11-23T01:24:29.677526,100,10981,31.999386,36.014343,0,1,58-10981,11651,N/A
2025-11-23T01:24:29.677526,100,11538,32.000355,36.014435,0,1,58-11538,11652,N/A
2025-11-23T01:24:29.677526,100,11520,32.000126,36.014256,298.39,1,58-11520,11653,N/A
2025-11-23T01:24:29.677526,100,93641,31.99996,36.015163,246.4,1,58-93641,11653,N/A
2025-11-23T01:24:29.677526,100,82779,31.963634,35.960278,36.1,1,58-82779,11653,N/A
2025-11-23T01:24:29.677526,100,10996,31.960546,35.956833,0,1,58-10996,11653,N/A
2025-11-23T01:24:29.677526,100,11544,31.961313,35.958122,0,1,58-11544,11653,N/A
2025-11-23T01:25:22.646689,99,22057,32.00033,36.01411,120.8,0,58-22057,10614,N/A
2025-11-23T01:25:22.646689,99,97202,32.000256,36.015682,11.6,0,58-97202,11671,N/A
2025-11-23T01:25:22.646689,99,32725,31.99941,36.014168,116.7,0,58-32725,10625,N/A
2025-11-23T01:25:22.646689,99,96335,31.94514,35.927013,105.5,0,58-96335,10641,N/A
2025-11-23T01:25:22.646689,99,72129,31.944706,35.928158,106.5,0,58-72129,10641,N/A
2025-11-23T01:25:22.646689,99,45556,32.020844,35.84248,286.7,0,58-45556,10612,N/A
2025-11-23T01:25:22.646689,99,11005,32.00024,36.015,0,0,58-11005,10625,N/A
2025-11-23T01:25:22.646689,99,28732,32.021492,35.842632,46.1,0,58-28732,10612,N/A
2025-11-23T01:25:22.646689,99,66163,32.02123,35.84215,346.2,0,58-66163,10612,N/A
2025-11-23T01:25:22.646689,99,56867,32.020847,35.842632,289.3,0,58-56867,10612,N/A
2025-11-23T01:25:22.646689,99,25354,31.944778,35.92804,106.1,0,58-25354,10641,N/A
2025-11-23T01:25:22.646689,99,11649,32.022224,35.845154,72.31,0,58-11649,10612,N/A
2025-11-23T01:25:22.646689,99,11547,32.00016,36.01502,0,0,58-11547,10622,N/A
2025-11-23T01:25:22.646689,99,37113,32.02158,35.842438,0,0,58-37113,10612,N/A
2025-11-23T01:25:22.646689,99,11718,31.94541,35.928734,0,0,58-11718,10635,N/A
2025-11-23T01:25:22.646689,99,49451,31.946053,35.92815,294.1,1,58-49451,10643,N/A
2025-11-23T01:25:22.646689,99,11670,32.00448,36.008205,0,1,58-11670,10636,N/A
2025-11-23T01:25:22.646689,99,11499,32.00014,36.015255,0,1,58-11499,10635,N/A
2025-11-23T01:25:22.646689,99,11526,32.0002,36.01552,0,1,58-11526,10622,N/A
2025-11-23T01:25:22.646689,99,73439,32.023087,35.848095,252.9,1,58-73439,10613,N/A
2025-11-23T01:25:22.646689,99,52827,31.94586,35.91979,285.5,1,58-52827,10643,N/A
2025-11-23T01:25:22.646689,99,11493,31.94533,35.928787,0,1,58-11493,10643,N/A
2025-11-23T01:25:22.646689,99,11496,32.00006,36.015587,192.2,1,58-11496,10642,N/A
2025-11-23T01:25:22.646689,100,50152,31.99949,36.013763,130.8,0,58-50152,10613,N/A
2025-11-23T01:25:22.646689,100,63240,32.001354,36.014027,197,0,58-63240,11649,N/A
2025-11-23T01:25:22.646689,100,98191,32.000126,36.015465,190.8,0,58-98191,10622,N/A
2025-11-23T01:25:22.646689,100,10975,31.999632,36.016132,197.68,0,58-10975,11649,N/A
2025-11-23T01:25:22.646689,100,48886,32.00026,36.015392,21.5,0,58-48886,11649,N/A
2025-11-23T01:25:22.646689,100,11523,32.000935,36.013863,197.6,0,58-11523,10612,N/A
2025-11-23T01:25:22.646689,100,11014,32.004826,36.014347,132.1,0,58-11014,10623,N/A
2025-11-23T01:25:22.646689,100,11724,32.000275,36.01534,0,0,58-11724,11648,N/A
2025-11-23T01:25:22.646689,100,40779,31.96065,35.95736,40.9,0,58-40779,11651,N/A
2025-11-23T01:25:22.646689,100,24926,31.999966,36.015114,232.1,0,58-24926,11653,N/A
2025-11-23T01:25:22.646689,100,50752,32.000263,36.01564,74.8,1,58-50752,11651,N/A
2025-11-23T01:25:22.646689,100,05961,32.000313,36.015438,31.1,1,58-95961,11653,N/A
2025-11-23T01:25:22.646689,100,16863,32.000065,36.01559,0,1,58-16863,11653,N/A
2025-11-23T01:25:22.646689,100,97599,31.992634,35.890064,309.89,1,58-97599,10622,N/A
2025-11-23T01:25:22.646689,100,10987,32.000244,36.01543,0,1,58-10987,11653,N/A
2025-11-23T01:25:22.646689,100,52302,31.964375,35.960926,34.79,1,58-52302,11653,N/A
2025-11-23T01:25:22.646689,100,21423,32.000317,36.01466,218.2,1,58-21423,11653,N/A
2025-11-23T01:25:22.646689,100,30732,32.004444,36.00834,359.4,1,58-30732,11651,N/A
2025-11-23T01:25:22.646689,100,95161,32.000343,36.014633,177.4,1,58-95161,11653,N/A
2025-11-23T01:25:22.646689,100,90702,32.021866,35.844257,43.9,1,58-90702,10613,N/A
2025-11-23T01:25:22.646689,100,10993,32.00027,36.014793,234.1,1,58-10993,11652,N/A
2025-11-23T01:25:22.646689,100,10981,31.999386,36.014343,0,1,58-10981,11653,N/A
2025-11-23T01:25:22.646689,100,11538,32.000355,36.014435,0,1,58-11538,11653,N/A
2025-11-23T01:25:22.646689,100,11520,32.000126,36.014256,298.39,1,58-11520,11653,N/A
2025-11-23T01:25:22.646689,100,93641,31.99996,36.015163,246.4,1,58-93641,11653,N/A
2025-11-23T01:25:22.646689,100,82779,31.963634,35.960278,36.1,1,58-82779,11653,N/A
2025-11-23T01:25:22.646689,100,10996,31.960546,35.956833,0,1,58-10996,11653,N/A
2025-11-23T01:25:22.646689,100,11544,31.961313,35.958122,0,1,58-11544,11653,N/A
2025-11-23T01:26:06.572685,99,22057,32.00033,36.01411,120.8,0,58-22057,10614,N/A
2025-11-23T01:26:06.572685,99,97202,32.000256,36.015682,11.6,0,58-97202,11671,N/A
2025-11-23T01:26:06.572685,99,32725,31.99941,36.014168,116.7,0,58-32725,10625,N/A
2025-11-23T01:26:06.572685,99,96335,31.94514,35.927013,105.5,0,58-96335,10641,N/A
2025-11-23T01:26:06.572685,99,72129,31.944706,35.928158,106.5,0,58-72129,10641,N/A
2025-11-23T01:26:06.572685,99,45556,32.020844,35.84248,286.7,0,58-45556,10612,N/A
2025-11-23T01:26:06.572685,99,11005,32.00024,36.015,0,0,58-11005,10625,N/A
2025-11-23T01:26:06.572685,99,28732,32.021492,35.842632,46.1,0,58-28732,10612,N/A
2025-11-23T01:26:06.572685,99,66163,32.02123,35.84215,346.2,0,58-66163,10612,N/A
2025-11-23T01:26:06.572685,99,56867,32.020847,35.842632,289.3,0,58-56867,10612,N/A
2025-11-23T01:26:06.572685,99,25354,31.944778,35.92804,106.1,0,58-25354,10641,N/A
2025-11-23T01:26:06.572685,99,11649,32.022224,35.845154,72.31,0,58-11649,10612,N/A
2025-11-23T01:26:06.572685,99,11547,32.00016,36.01502,0,0,58-11547,10622,N/A
2025-11-23T01:26:06.572685,99,37113,32.02158,35.842438,0,0,58-37113,10612,N/A
2025-11-23T01:26:06.572685,99,11718,31.94541,35.928734,0,0,58-11718,10635,N/A
2025-11-23T01:26:06.572685,99,49451,31.946053,35.92815,294.1,1,58-49451,10643,N/A
2025-11-23T01:26:06.572685,99,11670,32.00448,36.008205,0,1,58-11670,10636,N/A
2025-11-23T01:26:06.572685,99,11499,32.00014,36.015255,0,1,58-11499,10635,N/A
2025-11-23T01:26:06.572685,99,11526,32.0002,36.01552,0,1,58-11526,10622,N/A
2025-11-23T01:26:06.572685,99,73439,32.023087,35.848095,252.9,1,58-73439,10613,N/A
2025-11-23T01:26:06.572685,99,52827,31.94586,35.91979,285.5,1,58-52827,10643,N/A
2025-11-23T01:26:06.572685,99,11493,31.94533,35.928787,0,1,58-11493,10643,N/A
2025-11-23T01:26:06.572685,99,11496,32.00006,36.015587,192.2,1,58-11496,10642,N/A
2025-11-23T01:26:06.572685,100,50152,31.99949,36.013763,130.8,0,58-50152,10613,N/A
2025-11-23T01:26:06.572685,100,63240,32.001354,36.014027,197,0,58-63240,11649,N/A
2025-11-23T01:26:06.572685,100,98191,32.00009,36.015476,0,0,58-98191,10622,N/A
2025-11-23T01:26:06.572685,100,10975,31.999632,36.016132,197.68,0,58-10975,11649,N/A
2025-11-23T01:26:06.572685,100,48886,32.00026,36.015392,21.5,0,58-48886,11649,N/A
2025-11-23T01:26:06.572685,100,11523,32.000935,36.013863,197.6,0,58-11523,10612,N/A
2025-11-23T01:26:06.572685,100,11014,32.004826,36.014347,132.1,0,58-11014,10619,N/A
2025-11-23T01:26:06.572685,100,11724,32.000275,36.01534,0,0,58-11724,11648,N/A
2025-11-23T01:26:06.572685,100,40779,31.96065,35.95736,40.9,0,58-40779,11651,N/A
2025-11-23T01:26:06.572685,100,24926,31.999966,36.015114,232.1,0,58-24926,11653,N/A
2025-11-23T01:26:06.572685,100,50752,32.000263,36.01564,74.8,1,58-50752,11651,N/A
2025-11-23T01:26:06.572685,100,05961,32.000313,36.015438,31.1,1,58-95961,11653,N/A
2025-11-23T01:26:06.572685,100,16863,32.000065,36.01559,0,1,58-16863,11653,N/A
2025-11-23T01:26:06.572685,100,97599,31.992634,35.890064,309.89,1,58-97599,10622,N/A
2025-11-23T01:26:06.572685,100,10987,32.000244,36.01543,0,1,58-10987,11653,N/A
2025-11-23T01:26:06.572685,100,52302,31.964375,35.960926,34.79,1,58-52302,11653,N/A
2025-11-23T01:26:06.572685,100,21423,32.000317,36.01466,218.2,1,58-21423,11653,N/A
2025-11-23T01:26:06.572685,100,30732,32.004444,36.00834,359.4,1,58-30732,11651,N/A
2025-11-23T01:26:06.572685,100,95161,32.000343,36.014633,177.4,1,58-95161,11653,N/A
2025-11-23T01:26:06.572685,100,90702,32.021866,35.844257,43.9,1,58-90702,10613,N/A
2025-11-23T01:26:06.572685,100,10993,32.00027,36.014793,234.1,1,58-10993,11652,N/A
2025-11-23T01:26:06.572685,100,10981,31.999386,36.014343,0,1,58-10981,11653,N/A
2025-11-23T01:26:06.572685,100,11538,32.000355,36.014435,0,1,58-11538,11653,N/A
2025-11-23T01:26:06.572685,100,11520,32.000126,36.014256,298.39,1,58-11520,11653,N/A
2025-11-23T01:26:06.572685,100,93641,31.99996,36.015163,246.4,1,58-93641,11653,N/A
2025-11-23T01:26:06.572685,100,82779,31.963634,35.960278,36.1,1,58-82779,11653,N/A
2025-11-23T01:26:06.572685,100,10996,31.960546,35.956833,0,1,58-10996,11653,N/A
2025-11-23T01:26:06.572685,100,11544,31.961313,35.958122,0,1,58-11544,11653,N/A
2025-11-23T01:26:59.888004,99,22057,32.00033,36.01411,120.8,0,58-22057,10614,N/A
2025-11-23T01:26:59.888004,99,97202,32.000256,36.015682,11.6,0,58-97202,11671,N/A
2025-11-23T01:26:59.888004,99,32725,31.99941,36.014168,116.7,0,58-32725,10625,N/A
2025-11-23T01:26:59.888004,99,96335,31.94514,35.927013,105.5,0,58-96335,10641,N/A
2025-11-23T01:26:59.888004,99,72129,31.944706,35.928158,106.5,0,58-72129,10641,N/A
2025-11-23T01:26:59.888004,99,45556,32.020844,35.84248,286.7,0,58-45556,10612,N/A
2025-11-23T01:26:59.888004,99,11005,32.00024,36.015,0,0,58-11005,10625,N/A
2025-11-23T01:26:59.888004,99,28732,32.021492,35.842632,46.1,0,58-28732,10612,N/A
2025-11-23T01:26:59.888004,99,66163,32.02123,35.84215,346.2,0,58-66163,10612,N/A
2025-11-23T01:26:59.888004,99,56867,32.020847,35.842632,289.3,0,58-56867,10612,N/A
2025-11-23T01:26:59.888004,99,25354,31.944778,35.92804,106.1,0,58-25354,10641,N/A
2025-11-23T01:26:59.888004,99,11649,32.022224,35.845154,72.31,0,58-11649,10612,N/A
2025-11-23T01:26:59.888004,99,11547,32.00016,36.01502,0,0,58-11547,10622,N/A
2025-11-23T01:26:59.888004,99,37113,32.02158,35.842438,0,0,58-37113,10612,N/A
2025-11-23T01:26:59.888004,99,11718,31.94541,35.928734,0,0,58-11718,10635,N/A
2025-11-23T01:26:59.888004,99,49451,31.946053,35.92815,294.1,1,58-49451,10643,N/A
2025-11-23T01:26:59.888004,99,11670,32.00448,36.008205,0,1,58-11670,10636,N/A
2025-11-23T01:26:59.888004,99,11499,32.00014,36.015255,0,1,58-11499,10635,N/A
2025-11-23T01:26:59.888004,99,11526,32.0002,36.01552,0,1,58-11526,10622,N/A
2025-11-23T01:26:59.888004,99,73439,32.023087,35.848095,252.9,1,58-73439,10613,N/A
2025-11-23T01:26:59.888004,99,52827,31.94586,35.91979,285.5,1,58-52827,10643,N/A
2025-11-23T01:26:59.888004,99,11493,31.94533,35.928787,0,1,58-11493,10643,N/A
2025-11-23T01:26:59.888004,99,11496,32.00006,36.015587,192.2,1,58-11496,10642,N/A
2025-11-23T01:26:59.888004,100,50152,31.99949,36.013763,130.8,0,58-50152,10613,N/A
2025-11-23T01:26:59.888004,100,63240,32.001354,36.014027,197,0,58-63240,11649,N/A
2025-11-23T01:26:59.888004,100,98191,32.00009,36.015476,0,0,58-98191,10622,N/A
2025-11-23T01:26:59.888004,100,10975,31.999632,36.016132,197.68,0,58-10975,11649,N/A
2025-11-23T01:26:59.888004,100,48886,32.00026,36.015392,21.5,0,58-48886,11649,N/A
2025-11-23T01:26:59.888004,100,11523,32.000935,36.013863,197.6,0,58-11523,10612,N/A
2025-11-23T01:26:59.888004,100,11014,32.004826,36.014347,132.1,0,58-11014,10619,N/A
2025-11-23T01:26:59.888004,100,11724,32.000275,36.01534,0,0,58-11724,11648,N/A
2025-11-23T01:26:59.888004,100,40779,31.96065,35.95736,40.9,0,58-40779,11651,N/A
2025-11-23T01:26:59.888004,100,24926,31.999966,36.015114,232.1,0,58-24926,11653,N/A
2025-11-23T01:26:59.888004,100,50752,32.000263,36.01564,74.8,1,58-50752,11651,N/A
2025-11-23T01:26:59.888004,100,05961,32.000313,36.015438,31.1,1,58-95961,11653,N/A
2025-11-23T01:26:59.888004,100,16863,32.000065,36.01559,0,1,58-16863,11653,N/A
2025-11-23T01:26:59.888004,100,97599,31.992634,35.890064,309.89,1,58-97599,10622,N/A
2025-11-23T01:26:59.888004,100,10987,32.000244,36.01543,0,1,58-10987,11653,N/A
2025-11-23T01:26:59.888004,100,52302,31.964375,35.960926,34.79,1,58-52302,11653,N/A
2025-11-23T01:26:59.888004,100,21423,32.000317,36.01466,218.2,1,58-21423,11653,N/A
2025-11-23T01:26:59.888004,100,30732,32.004444,36.00834,359.4,1,58-30732,11651,N/A
2025-11-23T01:26:59.888004,100,95161,32.000343,36.014633,177.4,1,58-95161,11653,N/A
2025-11-23T01:26:59.888004,100,90702,32.021866,35.844257,43.9,1,58-90702,10613,N/A
2025-11-23T01:26:59.888004,100,10993,32.00027,36.014793,234.1,1,58-10993,11652,N/A
2025-11-23T01:26:59.888004,100,10981,31.999386,36.014343,0,1,58-10981,11653,N/A
2025-11-23T01:26:59.888004,100,11538,32.000355,36.014435,0,1,58-11538,11653,N/A
2025-11-23T01:26:59.888004,100,11520,32.000126,36.014256,298.39,1,58-11520,11653,N/A
2025-11-23T01:26:59.888004,100,93641,31.99996,36.015163,246.4,1,58-93641,11653,N/A
2025-11-23T01:26:59.888004,100,82779,31.963634,35.960278,36.1,1,58-82779,11653,N/A
2025-11-23T01:26:59.888004,100,10996,31.960546,35.956833,0,1,58-10996,11653,N/A
2025-11-23T01:26:59.888004,100,11544,31.961313,35.958122,0,1,58-11544,11653,N/A
2025-11-23T01:27:55.543284,99,22057,32.00033,36.01411,120.8,0,58-22057,11675,N/A
2025-11-23T01:27:55.543284,99,97202,32.000256,36.015682,11.6,0,58-97202,11671,N/A
2025-11-23T01:27:55.543284,99,32725,31.99941,36.014168,116.7,0,58-32725,10625,N/A
2025-11-23T01:27:55.543284,99,96335,31.94514,35.927013,105.5,0,58-96335,10641,N/A
2025-11-23T01:27:55.543284,99,72129,31.944706,35.928158,106.5,0,58-72129,10641,N/A
2025-11-23T01:27:55.543284,99,45556,32.020844,35.84248,286.7,0,58-45556,10612,N/A
2025-11-23T01:27:55.543284,99,11005,32.00024,36.015,0,0,58-11005,10625,N/A
2025-11-23T01:27:55.543284,99,28732,32.021748,35.842438,58.6,0,58-28732,10612,N/A
2025-11-23T01:27:55.543284,99,66163,32.02123,35.84215,346.2,0,58-66163,10612,N/A
2025-11-23T01:27:55.543284,99,56867,32.020847,35.842632,289.3,0,58-56867,10612,N/A
2025-11-23T01:27:55.543284,99,25354,31.944778,35.92804,106.1,0,58-25354,10641,N/A
2025-11-23T01:27:55.543284,99,11649,32.022224,35.845154,72.31,0,58-11649,10612,N/A
2025-11-23T01:27:55.543284,99,11547,32.00016,36.01502,0,0,58-11547,10622,N/A
2025-11-23T01:27:55.543284,99,37113,32.02191,35.843987,70,0,58-37113,10612,N/A
2025-11-23T01:27:55.543284,99,11718,31.94541,35.928734,0,0,58-11718,10635,N/A
2025-11-23T01:27:55.543284,99,49451,31.946053,35.92815,294.1,1,58-49451,10643,N/A
2025-11-23T01:27:55.543284,99,11670,32.00448,36.008205,0,1,58-11670,10636,N/A
2025-11-23T01:27:55.543284,99,11499,32.00014,36.015255,0,1,58-11499,10635,N/A
2025-11-23T01:27:55.543284,99,11526,32.0002,36.01552,0,1,58-11526,10622,N/A
2025-11-23T01:27:55.543284,99,73439,32.023087,35.848095,252.9,1,58-73439,10613,N/A
2025-11-23T01:27:55.543284,99,52827,31.94586,35.91979,285.5,1,58-52827,10643,N/A
2025-11-23T01:27:55.543284,99,11493,31.94533,35.928787,0,1,58-11493,10643,N/A
2025-11-23T01:27:55.543284,99,11496,32.00006,36.015587,192.2,1,58-11496,10642,N/A
2025-11-23T01:27:55.543284,100,50152,31.99949,36.013763,130.8,0,58-50152,10613,N/A
2025-11-23T01:27:55.543284,100,63240,32.001354,36.014027,197,0,58-63240,11649,N/A
2025-11-23T01:27:55.543284,100,98191,32.000126,36.015465,190.8,0,58-98191,10622,N/A
2025-11-23T01:27:55.543284,100,10975,31.999632,36.016132,197.68,0,58-10975,11649,N/A
2025-11-23T01:27:55.543284,100,48886,32.00026,36.015392,21.5,0,58-48886,11649,N/A
2025-11-23T01:27:55.543284,100,11523,32.000935,36.013863,197.6,0,58-11523,10612,N/A
2025-11-23T01:27:55.543284,100,11014,32.004826,36.014347,132.1,0,58-11014,10623,N/A
2025-11-23T01:27:55.543284,100,11724,32.000275,36.01534,0,0,58-11724,11648,N/A
2025-11-23T01:27:55.543284,100,40779,31.96065,35.95736,40.9,0,58-40779,11651,N/A
2025-11-23T01:27:55.543284,100,24926,31.999966,36.015114,232.1,0,58-24926,11653,N/A
2025-11-23T01:27:55.543284,100,50752,32.000263,36.01564,74.8,1,58-50752,11653,N/A
2025-11-23T01:27:55.543284,100,05961,32.000313,36.015438,31.1,1,58-95961,11653,N/A
2025-11-23T01:27:55.543284,100,16863,32.000065,36.01559,0,1,58-16863,11653,N/A
2025-11-23T01:27:55.543284,100,97599,31.992634,35.890064,309.89,1,58-97599,10622,N/A
2025-11-23T01:27:55.543284,100,10987,32.000244,36.01543,0,1,58-10987,11653,N/A
2025-11-23T01:27:55.543284,100,52302,31.964375,35.960926,34.79,1,58-52302,11653,N/A
2025-11-23T01:27:55.543284,100,21423,32.000317,36.01466,218.2,1,58-21423,11653,N/A
2025-11-23T01:27:55.543284,100,30732,32.004444,36.00834,359.4,1,58-30732,11653,N/A
2025-11-23T01:27:55.543284,100,95161,32.000343,36.014633,177.4,1,58-95161,11653,N/A
2025-11-23T01:27:55.543284,100,90702,32.021866,35.844257,43.9,1,58-90702,10613,N/A
2025-11-23T01:27:55.543284,100,10993,32.00027,36.014793,234.1,1,58-10993,11653,N/A
2025-11-23T01:27:55.543284,100,10981,31.999386,36.014343,0,1,58-10981,11651,N/A
2025-11-23T01:27:55.543284,100,11538,32.000355,36.014435,0,1,58-11538,11652,N/A
2025-11-23T01:27:55.543284,100,11520,32.000126,36.014256,298.39,1,58-11520,11653,N/A
2025-11-23T01:27:55.543284,100,93641,31.99996,36.015163,246.4,1,58-93641,11653,N/A
2025-11-23T01:27:55.543284,100,82779,31.963634,35.960278,36.1,1,58-82779,11653,N/A
2025-11-23T01:27:55.543284,100,10996,31.960546,35.956833,0,1,58-10996,11653,N/A
2025-11-23T01:27:55.543284,100,11544,31.961313,35.958122,0,1,58-11544,11653,N/A
2025-11-23T01:28:40.076635,99,22057,32.00033,36.01411,120.8,0,58-22057,10614,N/A
2025-11-23T01:28:40.076635,99,97202,32.000256,36.015682,11.6,0,58-97202,11671,N/A
2025-11-23T01:28:40.076635,99,32725,31.99941,36.014168,116.7,0,58-32725,10625,N/A
2025-11-23T01:28:40.076635,99,96335,31.94514,35.927013,105.5,0,58-96335,10641,N/A
2025-11-23T01:28:40.076635,99,72129,31.944706,35.928158,106.5,0,58-72129,10641,N/A
2025-11-23T01:28:40.076635,99,45556,32.020844,35.84248,286.7,0,58-45556,10612,N/A
2025-11-23T01:28:40.076635,99,11005,32.00024,36.015,0,0,58-11005,10625,N/A
2025-11-23T01:28:40.076635,99,28732,32.021492,35.842632,46.1,0,58-28732,10612,N/A
2025-11-23T01:28:40.076635,99,66163,32.02123,35.84215,346.2,0,58-66163,10612,N/A
2025-11-23T01:28:40.076635,99,56867,32.020847,35.842632,289.3,0,58-56867,10612,N/A
2025-11-23T01:28:40.076635,99,25354,31.944778,35.92804,106.1,0,58-25354,10641,N/A
2025-11-23T01:28:40.076635,99,11649,32.022224,35.845154,72.31,0,58-11649,10612,N/A
2025-11-23T01:28:40.076635,99,11547,32.00016,36.01502,0,0,58-11547,10622,N/A
2025-11-23T01:28:40.076635,99,37113,32.02158,35.842438,0,0,58-37113,10612,N/A
2025-11-23T01:28:40.076635,99,11718,31.94541,35.928734,0,0,58-11718,10635,N/A
2025-11-23T01:28:40.076635,99,49451,31.946053,35.92815,294.1,1,58-49451,10643,N/A
2025-11-23T01:28:40.076635,99,11670,32.00448,36.008205,0,1,58-11670,10636,N/A
2025-11-23T01:28:40.076635,99,11499,32.00014,36.015255,0,1,58-11499,10635,N/A
2025-11-23T01:28:40.076635,99,11526,32.0002,36.01552,0,1,58-11526,10622,N/A
2025-11-23T01:28:40.076635,99,73439,32.023087,35.848095,252.9,1,58-73439,10613,N/A
2025-11-23T01:28:40.076635,99,52827,31.94586,35.91979,285.5,1,58-52827,10643,N/A
2025-11-23T01:28:40.076635,99,11493,31.94533,35.928787,0,1,58-11493,10643,N/A
2025-11-23T01:28:40.076635,99,11496,32.00006,36.015587,192.2,1,58-11496,10642,N/A
2025-11-23T01:28:40.076635,100,50152,31.99949,36.013763,130.8,0,58-50152,10613,N/A
2025-11-23T01:28:40.076635,100,63240,32.001354,36.014027,197,0,58-63240,11649,N/A
2025-11-23T01:28:40.076635,100,98191,32.00009,36.015476,0,0,58-98191,10622,N/A
2025-11-23T01:28:40.076635,100,10975,31.999632,36.016132,197.68,0,58-10975,11649,N/A
2025-11-23T01:28:40.076635,100,48886,32.00026,36.015392,21.5,0,58-48886,11649,N/A
2025-11-23T01:28:40.076635,100,11523,32.000935,36.013863,197.6,0,58-11523,10612,N/A
2025-11-23T01:28:40.076635,100,11014,32.004826,36.014347,132.1,0,58-11014,10619,N/A
2025-11-23T01:28:40.076635,100,11724,32.000275,36.01534,0,0,58-11724,11648,N/A
2025-11-23T01:28:40.076635,100,40779,31.96065,35.95736,40.9,0,58-40779,11651,N/A
2025-11-23T01:28:40.076635,100,24926,31.999966,36.015114,232.1,0,58-24926,11653,N/A
2025-11-23T01:28:40.076635,100,50752,32.000263,36.01564,74.8,1,58-50752,11651,N/A
2025-11-23T01:28:40.076635,100,05961,32.000313,36.015438,31.1,1,58-95961,11653,N/A
2025-11-23T01:28:40.076635,100,16863,32.000065,36.01559,0,1,58-16863,11653,N/A
2025-11-23T01:28:40.076635,100,97599,31.992634,35.890064,309.89,1,58-97599,10622,N/A
2025-11-23T01:28:40.076635,100,10987,32.000244,36.01543,0,1,58-10987,11653,N/A
2025-11-23T01:28:40.076635,100,52302,31.964375,35.960926,34.79,1,58-52302,11653,N/A
2025-11-23T01:28:40.076635,100,21423,32.000317,36.01466,218.2,1,58-21423,11653,N/A
2025-11-23T01:28:40.076635,100,30732,32.004444,36.00834,359.4,1,58-30732,11651,N/A
2025-11-23T01:28:40.076635,100,95161,32.000343,36.014633,177.4,1,58-95161,11653,N/A
2025-11-23T01:28:40.076635,100,90702,32.021866,35.844257,43.9,1,58-90702,10613,N/A
2025-11-23T01:28:40.076635,100,10993,32.00027,36.014793,234.1,1,58-10993,11652,N/A
2025-11-23T01:28:40.076635,100,10981,31.999386,36.014343,0,1,58-10981,11653,N/A
2025-11-23T01:28:40.076635,100,11538,32.000355,36.014435,0,1,58-11538,11653,N/A
2025-11-23T01:28:40.076635,100,11520,32.000126,36.014256,298.39,1,58-11520,11653,N/A
2025-11-23T01:28:40.076635,100,93641,31.99996,36.015163,246.4,1,58-93641,11653,N/A
2025-11-23T01:28:40.076635,100,82779,31.963634,35.960278,36.1,1,58-82779,11653,N/A
2025-11-23T01:28:40.076635,100,10996,31.960546,35.956833,0,1,58-10996,11653,N/A
2025-11-23T01:28:40.076635,100,11544,31.961313,35.958122,0,1,58-11544,11653,N/A
2025-11-23T01:29:27.238370,99,22057,32.00033,36.01411,120.8,0,58-22057,11675,N/A
2025-11-23T01:29:27.238370,99,97202,32.000256,36.015682,11.6,0,58-97202,11671,N/A
2025-11-23T01:29:27.238370,99,32725,31.99941,36.014168,116.7,0,58-32725,10625,N/A
2025-11-23T01:29:27.238370,99,96335,31.94514,35.927013,105.5,0,58-96335,10641,N/A
2025-11-23T01:29:27.238370,99,72129,31.944706,35.928158,106.5,0,58-72129,10641,N/A
2025-11-23T01:29:27.238370,99,45556,32.020844,35.84248,286.7,0,58-45556,10612,N/A
2025-11-23T01:29:27.238370,99,11005,32.00024,36.015,0,0,58-11005,10625,N/A
2025-11-23T01:29:27.238370,99,28732,32.021748,35.842438,58.6,0,58-28732,10612,N/A
2025-11-23T01:29:27.238370,99,66163,32.02123,35.84215,346.2,0,58-66163,10612,N/A
2025-11-23T01:29:27.238370,99,56867,32.020847,35.842632,289.3,0,58-56867,10612,N/A
2025-11-23T01:29:27.238370,99,25354,31.944778,35.92804,106.1,0,58-25354,10641,N/A
2025-11-23T01:29:27.238370,99,11649,32.022224,35.845154,72.31,0,58-11649,10612,N/A
2025-11-23T01:29:27.238370,99,11547,32.00016,36.01502,0,0,58-11547,10622,N/A
2025-11-23T01:29:27.238370,99,37113,32.02191,35.843987,70,0,58-37113,10612,N/A
2025-11-23T01:29:27.238370,99,11718,31.94541,35.928734,0,0,58-11718,10635,N/A
2025-11-23T01:29:27.238370,99,49451,31.946053,35.92815,294.1,1,58-49451,10643,N/A
2025-11-23T01:29:27.238370,99,11670,32.00448,36.008205,0,1,58-11670,10636,N/A
2025-11-23T01:29:27.238370,99,11499,32.00014,36.015255,0,1,58-11499,10635,N/A
2025-11-23T01:29:27.238370,99,11526,32.0002,36.01552,0,1,58-11526,10622,N/A
2025-11-23T01:29:27.238370,99,73439,32.023087,35.848095,252.9,1,58-73439,10613,N/A
2025-11-23T01:29:27.238370,99,52827,31.94586,35.91979,285.5,1,58-52827,10643,N/A
2025-11-23T01:29:27.238370,99,11493,31.94533,35.928787,0,1,58-11493,10643,N/A
2025-11-23T01:29:27.238370,99,11496,32.00006,36.015587,192.2,1,58-11496,10642,N/A
2025-11-23T01:29:27.238370,100,50152,31.99949,36.013763,130.8,0,58-50152,10613,N/A
2025-11-23T01:29:27.238370,100,63240,32.001354,36.014027,197,0,58-63240,11649,N/A
2025-11-23T01:29:27.238370,100,98191,32.00009,36.015476,0,0,58-98191,10622,N/A
2025-11-23T01:29:27.238370,100,10975,31.999632,36.016132,197.68,0,58-10975,11649,N/A
2025-11-23T01:29:27.238370,100,48886,32.00026,36.015392,21.5,0,58-48886,11649,N/A
2025-11-23T01:29:27.238370,100,11523,32.000935,36.013863,197.6,0,58-11523,10612,N/A
2025-11-23T01:29:27.238370,100,11014,32.004826,36.014347,132.1,0,58-11014,10619,N/A
2025-11-23T01:29:27.238370,100,11724,32.000275,36.01534,0,0,58-11724,11648,N/A
2025-11-23T01:29:27.238370,100,40779,31.96065,35.95736,40.9,0,58-40779,11651,N/A
2025-11-23T01:29:27.238370,100,24926,31.999966,36.015114,232.1,0,58-24926,11653,N/A
2025-11-23T01:29:27.238370,100,50752,32.000263,36.01564,74.8,1,58-50752,11653,N/A
2025-11-23T01:29:27.238370,100,05961,32.000313,36.015438,31.1,1,58-95961,11653,N/A
2025-11-23T01:29:27.238370,100,16863,32.000065,36.01559,0,1,58-16863,11653,N/A
2025-11-23T01:29:27.238370,100,97599,31.992634,35.890064,309.89,1,58-97599,10622,N/A
2025-11-23T01:29:27.238370,100,10987,32.000244,36.01543,0,1,58-10987,11653,N/A
2025-11-23T01:29:27.238370,100,52302,31.964375,35.960926,34.79,1,58-52302,11653,N/A
2025-11-23T01:29:27.238370,100,21423,32.000317,36.01466,218.2,1,58-21423,11653,N/A
2025-11-23T01:29:27.238370,100,30732,32.004444,36.00834,359.4,1,58-30732,11653,N/A
2025-11-23T01:29:27.238370,100,95161,32.000343,36.014633,177.4,1,58-95161,11653,N/A
2025-11-23T01:29:27.238370,100,90702,32.021866,35.844257,43.9,1,58-90702,10613,N/A
2025-11-23T01:29:27.238370,100,10993,32.00027,36.014793,234.1,1,58-10993,11653,N/A
2025-11-23T01:29:27.238370,100,10981,31.999386,36.014343,0,1,58-10981,11651,N/A
2025-11-23T01:29:27.238370,100,11538,32.000355,36.014435,0,1,58-11538,11652,N/A
2025-11-23T01:29:27.238370,100,11520,32.000126,36.014256,298.39,1,58-11520,11653,N/A
2025-11-23T01:29:27.238370,100,93641,31.99996,36.015163,246.4,1,58-93641,11653,N/A
2025-11-23T01:29:27.238370,100,82779,31.963634,35.960278,36.1,1,58-82779,11653,N/A
2025-11-23T01:29:27.238370,100,10996,31.960546,35.956833,0,1,58-10996,11653,N/A
2025-11-23T01:29:27.238370,100,11544,31.961313,35.958122,0,1,58-11544,11653,N/A
2025-11-23T01:30:11.239536,99,22057,32.00033,36.01411,120.8,0,58-22057,10614,N/A
2025-11-23T01:30:11.239536,99,97202,32.000256,36.015682,11.6,0,58-97202,11671,N/A
2025-11-23T01:30:11.239536,99,32725,31.99941,36.014168,116.7,0,58-32725,10625,N/A
2025-11-23T01:30:11.239536,99,96335,31.94514,35.927013,105.5,0,58-96335,10641,N/A
2025-11-23T01:30:11.239536,99,72129,31.944706,35.928158,106.5,0,58-72129,10641,N/A
2025-11-23T01:30:11.239536,99,45556,32.020844,35.84248,286.7,0,58-45556,10612,N/A
2025-11-23T01:30:11.239536,99,11005,32.00024,36.015,0,0,58-11005,10625,N/A
2025-11-23T01:30:11.239536,99,28732,32.021492,35.842632,46.1,0,58-28732,10612,N/A
2025-11-23T01:30:11.239536,99,66163,32.02123,35.84215,346.2,0,58-66163,10612,N/A
2025-11-23T01:30:11.239536,99,56867,32.020847,35.842632,289.3,0,58-56867,10612,N/A
2025-11-23T01:30:11.239536,99,25354,31.944778,35.92804,106.1,0,58-25354,10641,N/A
2025-11-23T01:30:11.239536,99,11649,32.022224,35.845154,72.31,0,58-11649,10612,N/A
2025-11-23T01:30:11.239536,99,11547,32.00016,36.01502,0,0,58-11547,10622,N/A
2025-11-23T01:30:11.239536,99,37113,32.02158,35.842438,0,0,58-37113,10612,N/A
2025-11-23T01:30:11.239536,99,11718,31.94541,35.928734,0,0,58-11718,10635,N/A
2025-11-23T01:30:11.239536,99,49451,31.946053,35.92815,294.1,1,58-49451,10643,N/A
2025-11-23T01:30:11.239536,99,11670,32.00448,36.008205,0,1,58-11670,10636,N/A
2025-11-23T01:30:11.239536,99,11499,32.00014,36.015255,0,1,58-11499,10635,N/A
2025-11-23T01:30:11.239536,99,11526,32.0002,36.01552,0,1,58-11526,10622,N/A
2025-11-23T01:30:11.239536,99,73439,32.023087,35.848095,252.9,1,58-73439,10613,N/A
2025-11-23T01:30:11.239536,99,52827,31.94586,35.91979,285.5,1,58-52827,10643,N/A
2025-11-23T01:30:11.239536,99,11493,31.94533,35.928787,0,1,58-11493,10643,N/A
2025-11-23T01:30:11.239536,99,11496,32.00006,36.015587,192.2,1,58-11496,10642,N/A
2025-11-23T01:30:11.239536,100,50152,31.99949,36.013763,130.8,0,58-50152,10613,N/A
2025-11-23T01:30:11.239536,100,63240,32.001354,36.014027,197,0,58-63240,11649,N/A
2025-11-23T01:30:11.239536,100,98191,32.000126,36.015465,190.8,0,58-98191,10622,N/A
2025-11-23T01:30:11.239536,100,10975,31.999632,36.016132,197.68,0,58-10975,11649,N/A
2025-11-23T01:30:11.239536,100,48886,32.00026,36.015392,21.5,0,58-48886,11649,N/A
2025-11-23T01:30:11.239536,100,11523,32.000935,36.013863,197.6,0,58-11523,10612,N/A
2025-11-23T01:30:11.239536,100,11014,32.004826,36.014347,132.1,0,58-11014,10623,N/A
2025-11-23T01:30:11.239536,100,11724,32.000275,36.01534,0,0,58-11724,11648,N/A
2025-11-23T01:30:11.239536,100,40779,31.96065,35.95736,40.9,0,58-40779,11651,N/A
2025-11-23T01:30:11.239536,100,24926,31.999966,36.015114,232.1,0,58-24926,11653,N/A
2025-11-23T01:30:11.239536,100,50752,32.000263,36.01564,74.8,1,58-50752,11653,N/A
2025-11-23T01:30:11.239536,100,05961,32.000313,36.015438,31.1,1,58-95961,11653,N/A
2025-11-23T01:30:11.239536,100,16863,32.000065,36.01559,0,1,58-16863,11653,N/A
2025-11-23T01:30:11.239536,100,97599,31.992634,35.890064,309.89,1,58-97599,10622,N/A
2025-11-23T01:30:11.239536,100,10987,32.000244,36.01543,0,1,58-10987,11653,N/A
2025-11-23T01:30:11.239536,100,52302,31.964375,35.960926,34.79,1,58-52302,11653,N/A
2025-11-23T01:30:11.239536,100,21423,32.000317,36.01466,218.2,1,58-21423,11653,N/A
2025-11-23T01:30:11.239536,100,30732,32.004444,36.00834,359.4,1,58-30732,11653,N/A
2025-11-23T01:30:11.239536,100,95161,32.000343,36.014633,177.4,1,58-95161,11653,N/A
2025-11-23T01:30:11.239536,100,90702,32.021866,35.844257,43.9,1,58-90702,10613,N/A
2025-11-23T01:30:11.239536,100,10993,32.00027,36.014793,234.1,1,58-10993,11653,N/A
2025-11-23T01:30:11.239536,100,10981,31.999386,36.014343,0,1,58-10981,11651,N/A
2025-11-23T01:30:11.239536,100,11538,32.000355,36.014435,0,1,58-11538,11652,N/A
2025-11-23T01:30:11.239536,100,11520,32.000126,36.014256,298.39,1,58-11520,11653,N/A
2025-11-23T01:30:11.239536,100,93641,31.99996,36.015163,246.4,1,58-93641,11653,N/A
2025-11-23T01:30:11.239536,100,82779,31.963634,35.960278,36.1,1,58-82779,11653,N/A
2025-11-23T01:30:11.239536,100,10996,31.960546,35.956833,0,1,58-10996,11653,N/A
2025-11-23T01:30:11.239536,100,11544,31.961313,35.958122,0,1,58-11544,11653,N/A
2025-11-23T01:30:56.209605,99,22057,32.00033,36.01411,120.8,0,58-22057,10614,N/A
2025-11-23T01:30:56.209605,99,97202,32.000256,36.015682,11.6,0,58-97202,11671,N/A
2025-11-23T01:30:56.209605,99,32725,31.99941,36.014168,116.7,0,58-32725,10625,N/A
2025-11-23T01:30:56.209605,99,96335,31.94514,35.927013,105.5,0,58-96335,10641,N/A
2025-11-23T01:30:56.209605,99,72129,31.944706,35.928158,106.5,0,58-72129,10641,N/A
2025-11-23T01:30:56.209605,99,45556,32.020844,35.84248,286.7,0,58-45556,10612,N/A
2025-11-23T01:30:56.209605,99,11005,32.00024,36.015,0,0,58-11005,10625,N/A
2025-11-23T01:30:56.209605,99,28732,32.021492,35.842632,46.1,0,58-28732,10612,N/A
2025-11-23T01:30:56.209605,99,66163,32.02123,35.84215,346.2,0,58-66163,10612,N/A
2025-11-23T01:30:56.209605,99,56867,32.020847,35.842632,289.3,0,58-56867,10612,N/A
2025-11-23T01:30:56.209605,99,25354,31.944778,35.92804,106.1,0,58-25354,10641,N/A
2025-11-23T01:30:56.209605,99,11649,32.022224,35.845154,72.31,0,58-11649,10612,N/A
2025-11-23T01:30:56.209605,99,11547,32.00016,36.01502,0,0,58-11547,10622,N/A
2025-11-23T01:30:56.209605,99,37113,32.02158,35.842438,0,0,58-37113,10612,N/A
2025-11-23T01:30:56.209605,99,11718,31.94541,35.928734,0,0,58-11718,10635,N/A
2025-11-23T01:30:56.209605,99,49451,31.946053,35.92815,294.1,1,58-49451,10643,N/A
2025-11-23T01:30:56.209605,99,11670,32.00448,36.008205,0,1,58-11670,10636,N/A
2025-11-23T01:30:56.209605,99,11499,32.00014,36.015255,0,1,58-11499,10635,N/A
2025-11-23T01:30:56.209605,99,11526,32.0002,36.01552,0,1,58-11526,10622,N/A
2025-11-23T01:30:56.209605,99,73439,32.023087,35.848095,252.9,1,58-73439,10613,N/A
2025-11-23T01:30:56.209605,99,52827,31.94586,35.91979,285.5,1,58-52827,10643,N/A
2025-11-23T01:30:56.209605,99,11493,31.94533,35.928787,0,1,58-11493,10643,N/A
2025-11-23T01:30:56.209605,99,11496,32.00006,36.015587,192.2,1,58-11496,10642,N/A
2025-11-23T01:30:56.209605,100,50152,31.99949,36.013763,130.8,0,58-50152,10613,N/A
2025-11-23T01:30:56.209605,100,63240,32.001354,36.014027,197,0,58-63240,11649,N/A
2025-11-23T01:30:56.209605,100,98191,32.000126,36.015465,190.8,0,58-98191,10622,N/A
2025-11-23T01:30:56.209605,100,10975,31.999632,36.016132,197.68,0,58-10975,11649,N/A
2025-11-23T01:30:56.209605,100,48886,32.00026,36.015392,21.5,0,58-48886,11649,N/A
2025-11-23T01:30:56.209605,100,11523,32.000935,36.013863,197.6,0,58-11523,10612,N/A
2025-11-23T01:30:56.209605,100,11014,32.004826,36.014347,132.1,0,58-11014,10623,N/A
2025-11-23T01:30:56.209605,100,11724,32.000275,36.01534,0,0,58-11724,11648,N/A
2025-11-23T01:30:56.209605,100,40779,31.96065,35.95736,40.9,0,58-40779,11651,N/A
2025-11-23T01:30:56.209605,100,24926,31.999966,36.015114,232.1,0,58-24926,11653,N/A
2025-11-23T01:30:56.209605,100,50752,32.000263,36.01564,74.8,1,58-50752,11653,N/A
2025-11-23T01:30:56.209605,100,05961,32.000313,36.015438,31.1,1,58-95961,11653,N/A
2025-11-23T01:30:56.209605,100,16863,32.000065,36.01559,0,1,58-16863,11653,N/A
2025-11-23T01:30:56.209605,100,97599,31.992634,35.890064,309.89,1,58-97599,10622,N/A
2025-11-23T01:30:56.209605,100,10987,32.000244,36.01543,0,1,58-10987,11653,N/A
2025-11-23T01:30:56.209605,100,52302,31.964375,35.960926,34.79,1,58-52302,11653,N/A
2025-11-23T01:30:56.209605,100,21423,32.000317,36.01466,218.2,1,58-21423,11653,N/A
2025-11-23T01:30:56.209605,100,30732,32.004444,36.00834,359.4,1,58-30732,11653,N/A
2025-11-23T01:30:56.209605,100,95161,32.000343,36.014633,177.4,1,58-95161,11653,N/A
2025-11-23T01:30:56.209605,100,90702,32.021866,35.844257,43.9,1,58-90702,10613,N/A
2025-11-23T01:30:56.209605,100,10993,32.00027,36.014793,234.1,1,58-10993,11653,N/A
2025-11-23T01:30:56.209605,100,10981,31.999386,36.014343,0,1,58-10981,11651,N/A
2025-11-23T01:30:56.209605,100,11538,32.000355,36.014435,0,1,58-11538,11652,N/A
2025-11-23T01:30:56.209605,100,11520,32.000126,36.014256,298.39,1,58-11520,11653,N/A
2025-11-23T01:30:56.209605,100,93641,31.99996,36.015163,246.4,1,58-93641,11653,N/A
2025-11-23T01:30:56.209605,100,82779,31.963634,35.960278,36.1,1,58-82779,11653,N/A
2025-11-23T01:30:56.209605,100,10996,31.960546,35.956833,0,1,58-10996,11653,N/A
2025-11-23T01:30:56.209605,100,11544,31.961313,35.958122,0,1,58-11544,11653,N/A
2025-11-23T01:31:46.074388,99,22057,32.00033,36.01411,120.8,0,58-22057,10614,N/A
2025-11-23T01:31:46.074388,99,97202,32.000256,36.015682,11.6,0,58-97202,11671,N/A
2025-11-23T01:31:46.074388,99,32725,31.99941,36.014168,116.7,0,58-32725,10625,N/A
2025-11-23T01:31:46.074388,99,96335,31.94514,35.927013,105.5,0,58-96335,10641,N/A
2025-11-23T01:31:46.074388,99,72129,31.944706,35.928158,106.5,0,58-72129,10641,N/A
2025-11-23T01:31:46.074388,99,45556,32.020844,35.84248,286.7,0,58-45556,10612,N/A
2025-11-23T01:31:46.074388,99,11005,32.00024,36.015,0,0,58-11005,10625,N/A
2025-11-23T01:31:46.074388,99,28732,32.021492,35.842632,46.1,0,58-28732,10612,N/A
2025-11-23T01:31:46.074388,99,66163,32.02123,35.84215,346.2,0,58-66163,10612,N/A
2025-11-23T01:31:46.074388,99,56867,32.020847,35.842632,289.3,0,58-56867,10612,N/A
2025-11-23T01:31:46.074388,99,25354,31.944778,35.92804,106.1,0,58-25354,10641,N/A
2025-11-23T01:31:46.074388,99,11649,32.022224,35.845154,72.31,0,58-11649,10612,N/A
2025-11-23T01:31:46.074388,99,11547,32.00016,36.01502,0,0,58-11547,10622,N/A
2025-11-23T01:31:46.074388,99,37113,32.02158,35.842438,0,0,58-37113,10612,N/A
2025-11-23T01:31:46.074388,99,11718,31.94541,35.928734,0,0,58-11718,10635,N/A
2025-11-23T01:31:46.074388,99,49451,31.946053,35.92815,294.1,1,58-49451,10643,N/A
2025-11-23T01:31:46.074388,99,11670,32.00448,36.008205,0,1,58-11670,10636,N/A
2025-11-23T01:31:46.074388,99,11499,32.00014,36.015255,0,1,58-11499,10635,N/A
2025-11-23T01:31:46.074388,99,11526,32.0002,36.01552,0,1,58-11526,10622,N/A
2025-11-23T01:31:46.074388,99,73439,32.023087,35.848095,252.9,1,58-73439,10613,N/A
2025-11-23T01:31:46.074388,99,52827,31.94586,35.91979,285.5,1,58-52827,10643,N/A
2025-11-23T01:31:46.074388,99,11493,31.94533,35.928787,0,1,58-11493,10643,N/A
2025-11-23T01:31:46.074388,99,11496,32.00006,36.015587,192.2,1,58-11496,10642,N/A
2025-11-23T01:31:46.074388,100,50152,31.99949,36.013763,130.8,0,58-50152,10613,N/A
2025-11-23T01:31:46.074388,100,63240,32.001354,36.014027,197,0,58-63240,11649,N/A
2025-11-23T01:31:46.074388,100,98191,32.000126,36.015465,190.8,0,58-98191,10622,N/A
2025-11-23T01:31:46.074388,100,10975,31.999632,36.016132,197.68,0,58-10975,11649,N/A
2025-11-23T01:31:46.074388,100,48886,32.00026,36.015392,21.5,0,58-48886,11649,N/A
2025-11-23T01:31:46.074388,100,11523,32.000935,36.013863,197.6,0,58-11523,10612,N/A
2025-11-23T01:31:46.074388,100,11014,32.004826,36.014347,132.1,0,58-11014,10623,N/A
2025-11-23T01:31:46.074388,100,11724,32.000275,36.01534,0,0,58-11724,11648,N/A
2025-11-23T01:31:46.074388,100,40779,31.96065,35.95736,40.9,0,58-40779,11651,N/A
2025-11-23T01:31:46.074388,100,24926,31.999966,36.015114,232.1,0,58-24926,11653,N/A
2025-11-23T01:31:46.074388,100,50752,32.000263,36.01564,74.8,1,58-50752,11653,N/A
2025-11-23T01:31:46.074388,100,05961,32.000313,36.015438,31.1,1,58-95961,11653,N/A
2025-11-23T01:31:46.074388,100,16863,32.000065,36.01559,0,1,58-16863,11653,N/A
2025-11-23T01:31:46.074388,100,97599,31.992634,35.890064,309.89,1,58-97599,10622,N/A
2025-11-23T01:31:46.074388,100,10987,32.000244,36.01543,0,1,58-10987,11653,N/A
2025-11-23T01:31:46.074388,100,52302,31.964375,35.960926,34.79,1,58-52302,11653,N/A
2025-11-23T01:31:46.074388,100,21423,32.000317,36.01466,218.2,1,58-21423,11653,N/A
2025-11-23T01:31:46.074388,100,30732,32.004444,36.00834,359.4,1,58-30732,11653,N/A
2025-11-23T01:31:46.074388,100,95161,32.000343,36.014633,177.4,1,58-95161,11653,N/A
2025-11-23T01:31:46.074388,100,90702,32.021866,35.844257,43.9,1,58-90702,10613,N/A
2025-11-23T01:31:46.074388,100,10993,32.00027,36.014793,234.1,1,58-10993,11653,N/A
2025-11-23T01:31:46.074388,100,10981,31.999386,36.014343,0,1,58-10981,11651,N/A
2025-11-23T01:31:46.074388,100,11538,32.000355,36.014435,0,1,58-11538,11652,N/A
2025-11-23T01:31:46.074388,100,11520,32.000126,36.014256,298.39,1,58-11520,11653,N/A
2025-11-23T01:31:46.074388,100,93641,31.99996,36.015163,246.4,1,58-93641,11653,N/A
2025-11-23T01:31:46.074388,100,82779,31.963634,35.960278,36.1,1,58-82779,11653,N/A
2025-11-23T01:31:46.074388,100,10996,31.960546,35.956833,0,1,58-10996,11653,N/A
2025-11-23T01:31:46.074388,100,11544,31.961313,35.958122,0,1,58-11544,11653,N/A
2025-11-23T01:32:43.256888,99,22057,32.00033,36.01411,120.8,0,58-22057,11675,N/A
2025-11-23T01:32:43.256888,99,97202,32.000256,36.015682,11.6,0,58-97202,11671,N/A
2025-11-23T01:32:43.256888,99,32725,31.99941,36.014168,116.7,0,58-32725,10625,N/A
2025-11-23T01:32:43.256888,99,96335,31.94514,35.927013,105.5,0,58-96335,10641,N/A
2025-11-23T01:32:43.256888,99,72129,31.944706,35.928158,106.5,0,58-72129,10641,N/A
2025-11-23T01:32:43.256888,99,45556,32.020844,35.84248,286.7,0,58-45556,10612,N/A
2025-11-23T01:32:43.256888,99,11005,32.00024,36.015,0,0,58-11005,10625,N/A
2025-11-23T01:32:43.256888,99,28732,32.021748,35.842438,58.6,0,58-28732,10612,N/A
2025-11-23T01:32:43.256888,99,66163,32.02123,35.84215,346.2,0,58-66163,10612,N/A
2025-11-23T01:32:43.256888,99,56867,32.020847,35.842632,289.3,0,58-56867,10612,N/A
2025-11-23T01:32:43.256888,99,25354,31.944778,35.92804,106.1,0,58-25354,10641,N/A
2025-11-23T01:32:43.256888,99,11649,32.022224,35.845154,72.31,0,58-11649,10612,N/A
2025-11-23T01:32:43.256888,99,11547,32.00016,36.01502,0,0,58-11547,10622,N/A
2025-11-23T01:32:43.256888,99,37113,32.02191,35.843987,70,0,58-37113,10612,N/A
2025-11-23T01:32:43.256888,99,11718,31.94541,35.928734,0,0,58-11718,10635,N/A
2025-11-23T01:32:43.256888,99,49451,31.946053,35.92815,294.1,1,58-49451,10643,N/A
2025-11-23T01:32:43.256888,99,11670,32.00448,36.008205,0,1,58-11670,10636,N/A
2025-11-23T01:32:43.256888,99,11499,32.00014,36.015255,0,1,58-11499,10635,N/A
2025-11-23T01:32:43.256888,99,11526,32.0002,36.01552,0,1,58-11526,10622,N/A
2025-11-23T01:32:43.256888,99,73439,32.023087,35.848095,252.9,1,58-73439,10613,N/A
2025-11-23T01:32:43.256888,99,52827,31.94586,35.91979,285.5,1,58-52827,10643,N/A
2025-11-23T01:32:43.256888,99,11493,31.94533,35.928787,0,1,58-11493,10643,N/A
2025-11-23T01:32:43.256888,99,11496,32.00006,36.015587,192.2,1,58-11496,10642,N/A
2025-11-23T01:32:43.256888,100,50152,31.99949,36.013763,130.8,0,58-50152,10613,N/A
2025-11-23T01:32:43.256888,100,63240,32.001354,36.014027,197,0,58-63240,11649,N/A
2025-11-23T01:32:43.256888,100,98191,32.000126,36.015465,190.8,0,58-98191,10622,N/A
2025-11-23T01:32:43.256888,100,10975,31.999632,36.016132,197.68,0,58-10975,11649,N/A
2025-11-23T01:32:43.256888,100,48886,32.00026,36.015392,21.5,0,58-48886,11649,N/A
2025-11-23T01:32:43.256888,100,11523,32.000935,36.013863,197.6,0,58-11523,10612,N/A
2025-11-23T01:32:43.256888,100,11014,32.004826,36.014347,132.1,0,58-11014,10623,N/A
2025-11-23T01:32:43.256888,100,11724,32.000275,36.01534,0,0,58-11724,11648,N/A
2025-11-23T01:32:43.256888,100,40779,31.96065,35.95736,40.9,0,58-40779,11651,N/A
2025-11-23T01:32:43.256888,100,24926,31.999966,36.015114,232.1,0,58-24926,11653,N/A
2025-11-23T01:32:43.256888,100,50752,32.000263,36.01564,74.8,1,58-50752,11651,N/A
2025-11-23T01:32:43.256888,100,05961,32.000313,36.015438,31.1,1,58-95961,11653,N/A
2025-11-23T01:32:43.256888,100,16863,32.000065,36.01559,0,1,58-16863,11653,N/A
2025-11-23T01:32:43.256888,100,97599,31.992634,35.890064,309.89,1,58-97599,10622,N/A
2025-11-23T01:32:43.256888,100,10987,32.000244,36.01543,0,1,58-10987,11653,N/A
2025-11-23T01:32:43.256888,100,52302,31.964375,35.960926,34.79,1,58-52302,11653,N/A
2025-11-23T01:32:43.256888,100,21423,32.000317,36.01466,218.2,1,58-21423,11653,N/A
2025-11-23T01:32:43.256888,100,30732,32.004444,36.00834,359.4,1,58-30732,11651,N/A
2025-11-23T01:32:43.256888,100,95161,32.000343,36.014633,177.4,1,58-95161,11653,N/A
2025-11-23T01:32:43.256888,100,90702,32.021866,35.844257,43.9,1,58-90702,10613,N/A
2025-11-23T01:32:43.256888,100,10993,32.00027,36.014793,234.1,1,58-10993,11652,N/A
2025-11-23T01:32:43.256888,100,10981,31.999386,36.014343,0,1,58-10981,11653,N/A
2025-11-23T01:32:43.256888,100,11538,32.000355,36.014435,0,1,58-11538,11653,N/A
2025-11-23T01:32:43.256888,100,11520,32.000126,36.014256,298.39,1,58-11520,11653,N/A
2025-11-23T01:32:43.256888,100,93641,31.99996,36.015163,246.4,1,58-93641,11653,N/A
2025-11-23T01:32:43.256888,100,82779,31.963634,35.960278,36.1,1,58-82779,11653,N/A
2025-11-23T01:32:43.256888,100,10996,31.960546,35.956833,0,1,58-10996,11653,N/A
2025-11-23T01:32:43.256888,100,11544,31.961313,35.958122,0,1,58-11544,11653,N/A
2025-11-23T01:33:32.899011,99,22057,32.00033,36.01411,120.8,0,58-22057,10614,N/A
2025-11-23T01:33:32.899011,99,97202,32.000256,36.015682,11.6,0,58-97202,11671,N/A
2025-11-23T01:33:32.899011,99,32725,31.99941,36.014168,116.7,0,58-32725,10625,N/A
2025-11-23T01:33:32.899011,99,96335,31.94514,35.927013,105.5,0,58-96335,10641,N/A
2025-11-23T01:33:32.899011,99,72129,31.944706,35.928158,106.5,0,58-72129,10641,N/A
2025-11-23T01:33:32.899011,99,45556,32.020844,35.84248,286.7,0,58-45556,10612,N/A
2025-11-23T01:33:32.899011,99,11005,32.00024,36.015,0,0,58-11005,10625,N/A
2025-11-23T01:33:32.899011,99,28732,32.021492,35.842632,46.1,0,58-28732,10612,N/A
2025-11-23T01:33:32.899011,99,66163,32.02123,35.84215,346.2,0,58-66163,10612,N/A
2025-11-23T01:33:32.899011,99,56867,32.020847,35.842632,289.3,0,58-56867,10612,N/A
2025-11-23T01:33:32.899011,99,25354,31.944778,35.92804,106.1,0,58-25354,10641,N/A
2025-11-23T01:33:32.899011,99,11649,32.022224,35.845154,72.31,0,58-11649,10612,N/A
2025-11-23T01:33:32.899011,99,11547,32.00016,36.01502,0,0,58-11547,10622,N/A
2025-11-23T01:33:32.899011,99,37113,32.02158,35.842438,0,0,58-37113,10612,N/A
2025-11-23T01:33:32.899011,99,11718,31.94541,35.928734,0,0,58-11718,10635,N/A
2025-11-23T01:33:32.899011,99,49451,31.946053,35.92815,294.1,1,58-49451,10643,N/A
2025-11-23T01:33:32.899011,99,11670,32.00448,36.008205,0,1,58-11670,10636,N/A
2025-11-23T01:33:32.899011,99,11499,32.00014,36.015255,0,1,58-11499,10635,N/A
2025-11-23T01:33:32.899011,99,11526,32.0002,36.01552,0,1,58-11526,10622,N/A
2025-11-23T01:33:32.899011,99,73439,32.023087,35.848095,252.9,1,58-73439,10613,N/A
2025-11-23T01:33:32.899011,99,52827,31.94586,35.91979,285.5,1,58-52827,10643,N/A
2025-11-23T01:33:32.899011,99,11493,31.94533,35.928787,0,1,58-11493,10643,N/A
2025-11-23T01:33:32.899011,99,11496,32.00006,36.015587,192.2,1,58-11496,10642,N/A
2025-11-23T01:33:32.899011,100,50152,31.99949,36.013763,130.8,0,58-50152,10613,N/A
2025-11-23T01:33:32.899011,100,63240,32.001354,36.014027,197,0,58-63240,11649,N/A
2025-11-23T01:33:32.899011,100,98191,32.000126,36.015465,190.8,0,58-98191,10622,N/A
2025-11-23T01:33:32.899011,100,10975,31.999632,36.016132,197.68,0,58-10975,11649,N/A
2025-11-23T01:33:32.899011,100,48886,32.00026,36.015392,21.5,0,58-48886,11649,N/A
2025-11-23T01:33:32.899011,100,11523,32.000935,36.013863,197.6,0,58-11523,10612,N/A
2025-11-23T01:33:32.899011,100,11014,32.004826,36.014347,132.1,0,58-11014,10623,N/A
2025-11-23T01:33:32.899011,100,11724,32.000275,36.01534,0,0,58-11724,11648,N/A
2025-11-23T01:33:32.899011,100,40779,31.96065,35.95736,40.9,0,58-40779,11651,N/A
2025-11-23T01:33:32.899011,100,24926,31.999966,36.015114,232.1,0,58-24926,11653,N/A
2025-11-23T01:33:32.899011,100,50752,32.000263,36.01564,74.8,1,58-50752,11651,N/A
2025-11-23T01:33:32.899011,100,05961,32.000313,36.015438,31.1,1,58-95961,11653,N/A
2025-11-23T01:33:32.899011,100,16863,32.000065,36.01559,0,1,58-16863,11653,N/A
2025-11-23T01:33:32.899011,100,97599,31.992634,35.890064,309.89,1,58-97599,10622,N/A
2025-11-23T01:33:32.899011,100,10987,32.000244,36.01543,0,1,58-10987,11653,N/A
2025-11-23T01:33:32.899011,100,52302,31.964375,35.960926,34.79,1,58-52302,11653,N/A
2025-11-23T01:33:32.899011,100,21423,32.000317,36.01466,218.2,1,58-21423,11653,N/A
2025-11-23T01:33:32.899011,100,30732,32.004444,36.00834,359.4,1,58-30732,11651,N/A
2025-11-23T01:33:32.899011,100,95161,32.000343,36.014633,177.4,1,58-95161,11653,N/A
2025-11-23T01:33:32.899011,100,90702,32.021866,35.844257,43.9,1,58-90702,10613,N/A
2025-11-23T01:33:32.899011,100,10993,32.00027,36.014793,234.1,1,58-10993,11652,N/A
2025-11-23T01:33:32.899011,100,10981,31.999386,36.014343,0,1,58-10981,11653,N/A
2025-11-23T01:33:32.899011,100,11538,32.000355,36.014435,0,1,58-11538,11653,N/A
2025-11-23T01:33:32.899011,100,11520,32.000126,36.014256,298.39,1,58-11520,11653,N/A
2025-11-23T01:33:32.899011,100,93641,31.99996,36.015163,246.4,1,58-93641,11653,N/A
2025-11-23T01:33:32.899011,100,82779,31.963634,35.960278,36.1,1,58-82779,11653,N/A
2025-11-23T01:33:32.899011,100,10996,31.960546,35.956833,0,1,58-10996,11653,N/A
2025-11-23T01:33:32.899011,100,11544,31.961313,35.958122,0,1,58-11544,11653,N/A
2025-11-23T01:34:22.916099,99,22057,32.00033,36.01411,120.8,0,58-22057,11675,N/A
2025-11-23T01:34:22.916099,99,97202,32.000256,36.015682,11.6,0,58-97202,11671,N/A
2025-11-23T01:34:22.916099,99,32725,31.99941,36.014168,116.7,0,58-32725,10625,N/A
2025-11-23T01:34:22.916099,99,96335,31.94514,35.927013,105.5,0,58-96335,10641,N/A
2025-11-23T01:34:22.916099,99,72129,31.944706,35.928158,106.5,0,58-72129,10641,N/A
2025-11-23T01:34:22.916099,99,45556,32.020844,35.84248,286.7,0,58-45556,10612,N/A
2025-11-23T01:34:22.916099,99,11005,32.00024,36.015,0,0,58-11005,10625,N/A
2025-11-23T01:34:22.916099,99,28732,32.021748,35.842438,58.6,0,58-28732,10612,N/A
2025-11-23T01:34:22.916099,99,66163,32.02123,35.84215,346.2,0,58-66163,10612,N/A
2025-11-23T01:34:22.916099,99,56867,32.020847,35.842632,289.3,0,58-56867,10612,N/A
2025-11-23T01:34:22.916099,99,25354,31.944778,35.92804,106.1,0,58-25354,10641,N/A
2025-11-23T01:34:22.916099,99,11649,32.022224,35.845154,72.31,0,58-11649,10612,N/A
2025-11-23T01:34:22.916099,99,11547,32.00016,36.01502,0,0,58-11547,10622,N/A
2025-11-23T01:34:22.916099,99,37113,32.02191,35.843987,70,0,58-37113,10612,N/A
2025-11-23T01:34:22.916099,99,11718,31.94541,35.928734,0,0,58-11718,10635,N/A
2025-11-23T01:34:22.916099,99,49451,31.946053,35.92815,294.1,1,58-49451,10643,N/A
2025-11-23T01:34:22.916099,99,11670,32.00448,36.008205,0,1,58-11670,10636,N/A
2025-11-23T01:34:22.916099,99,11499,32.00014,36.015255,0,1,58-11499,10635,N/A
2025-11-23T01:34:22.916099,99,11526,32.0002,36.01552,0,1,58-11526,10622,N/A
2025-11-23T01:34:22.916099,99,73439,32.023087,35.848095,252.9,1,58-73439,10613,N/A
2025-11-23T01:34:22.916099,99,52827,31.94586,35.91979,285.5,1,58-52827,10643,N/A
2025-11-23T01:34:22.916099,99,11493,31.94533,35.928787,0,1,58-11493,10643,N/A
2025-11-23T01:34:22.916099,99,11496,32.00006,36.015587,192.2,1,58-11496,10642,N/A
2025-11-23T01:34:22.916099,100,50152,31.99949,36.013763,130.8,0,58-50152,10613,N/A
2025-11-23T01:34:22.916099,100,63240,32.001354,36.014027,197,0,58-63240,11649,N/A
2025-11-23T01:34:22.916099,100,98191,32.000126,36.015465,190.8,0,58-98191,10622,N/A
2025-11-23T01:34:22.916099,100,10975,31.999632,36.016132,197.68,0,58-10975,11649,N/A
2025-11-23T01:34:22.916099,100,48886,32.00026,36.015392,21.5,0,58-48886,11649,N/A
2025-11-23T01:34:22.916099,100,11523,32.000935,36.013863,197.6,0,58-11523,10612,N/A
2025-11-23T01:34:22.916099,100,11014,32.004826,36.014347,132.1,0,58-11014,10623,N/A
2025-11-23T01:34:22.916099,100,11724,32.000275,36.01534,0,0,58-11724,11648,N/A
2025-11-23T01:34:22.916099,100,40779,31.96065,35.95736,40.9,0,58-40779,11651,N/A
2025-11-23T01:34:22.916099,100,24926,31.999966,36.015114,232.1,0,58-24926,11653,N/A
2025-11-23T01:34:22.916099,100,50752,32.000263,36.01564,74.8,1,58-50752,11653,N/A
2025-11-23T01:34:22.916099,100,05961,32.000313,36.015438,31.1,1,58-95961,11653,N/A
2025-11-23T01:34:22.916099,100,16863,32.000065,36.01559,0,1,58-16863,11653,N/A
2025-11-23T01:34:22.916099,100,97599,31.992634,35.890064,309.89,1,58-97599,10622,N/A
2025-11-23T01:34:22.916099,100,10987,32.000244,36.01543,0,1,58-10987,11653,N/A
2025-11-23T01:34:22.916099,100,52302,31.964375,35.960926,34.79,1,58-52302,11653,N/A
2025-11-23T01:34:22.916099,100,21423,32.000317,36.01466,218.2,1,58-21423,11653,N/A
2025-11-23T01:34:22.916099,100,30732,32.004444,36.00834,359.4,1,58-30732,11653,N/A
2025-11-23T01:34:22.916099,100,95161,32.000343,36.014633,177.4,1,58-95161,11653,N/A
2025-11-23T01:34:22.916099,100,90702,32.021866,35.844257,43.9,1,58-90702,10613,N/A
2025-11-23T01:34:22.916099,100,10993,32.00027,36.014793,234.1,1,58-10993,11653,N/A
2025-11-23T01:34:22.916099,100,10981,31.999386,36.014343,0,1,58-10981,11651,N/A
2025-11-23T01:34:22.916099,100,11538,32.000355,36.014435,0,1,58-11538,11652,N/A
2025-11-23T01:34:22.916099,100,11520,32.000126,36.014256,298.39,1,58-11520,11653,N/A
2025-11-23T01:34:22.916099,100,93641,31.99996,36.015163,246.4,1,58-93641,11653,N/A
2025-11-23T01:34:22.916099,100,82779,31.963634,35.960278,36.1,1,58-82779,11653,N/A
2025-11-23T01:34:22.916099,100,10996,31.960546,35.956833,0,1,58-10996,11653,N/A
2025-11-23T01:34:22.916099,100,11544,31.961313,35.958122,0,1,58-11544,11653,N/A
2025-11-23T01:35:06.362002,99,22057,32.00033,36.01411,120.8,0,58-22057,10614,N/A
2025-11-23T01:35:06.362002,99,97202,32.000256,36.015682,11.6,0,58-97202,11671,N/A
2025-11-23T01:35:06.362002,99,32725,31.99941,36.014168,116.7,0,58-32725,10625,N/A
2025-11-23T01:35:06.362002,99,96335,31.94514,35.927013,105.5,0,58-96335,10641,N/A
2025-11-23T01:35:06.362002,99,72129,31.944706,35.928158,106.5,0,58-72129,10641,N/A
2025-11-23T01:35:06.362002,99,45556,32.020844,35.84248,286.7,0,58-45556,10612,N/A
2025-11-23T01:35:06.362002,99,11005,32.00024,36.015,0,0,58-11005,10625,N/A
2025-11-23T01:35:06.362002,99,28732,32.021492,35.842632,46.1,0,58-28732,10612,N/A
2025-11-23T01:35:06.362002,99,66163,32.02123,35.84215,346.2,0,58-66163,10612,N/A
2025-11-23T01:35:06.362002,99,56867,32.020847,35.842632,289.3,0,58-56867,10612,N/A
2025-11-23T01:35:06.362002,99,25354,31.944778,35.92804,106.1,0,58-25354,10641,N/A
2025-11-23T01:35:06.362002,99,11649,32.022224,35.845154,72.31,0,58-11649,10612,N/A
2025-11-23T01:35:06.362002,99,11547,32.00016,36.01502,0,0,58-11547,10622,N/A
2025-11-23T01:35:06.362002,99,37113,32.02158,35.842438,0,0,58-37113,10612,N/A
2025-11-23T01:35:06.362002,99,11718,31.94541,35.928734,0,0,58-11718,10635,N/A
2025-11-23T01:35:06.362002,99,49451,31.946053,35.92815,294.1,1,58-49451,10643,N/A
2025-11-23T01:35:06.362002,99,11670,32.00448,36.008205,0,1,58-11670,10636,N/A
2025-11-23T01:35:06.362002,99,11499,32.00014,36.015255,0,1,58-11499,10635,N/A
2025-11-23T01:35:06.362002,99,11526,32.0002,36.01552,0,1,58-11526,10622,N/A
2025-11-23T01:35:06.362002,99,73439,32.023087,35.848095,252.9,1,58-73439,10613,N/A
2025-11-23T01:35:06.362002,99,52827,31.94586,35.91979,285.5,1,58-52827,10643,N/A
2025-11-23T01:35:06.362002,99,11493,31.94533,35.928787,0,1,58-11493,10643,N/A
2025-11-23T01:35:06.362002,99,11496,32.00006,36.015587,192.2,1,58-11496,10642,N/A
2025-11-23T01:35:06.362002,100,50152,31.99949,36.013763,130.8,0,58-50152,10613,N/A
2025-11-23T01:35:06.362002,100,63240,32.001354,36.014027,197,0,58-63240,11649,N/A
2025-11-23T01:35:06.362002,100,98191,32.00009,36.015476,0,0,58-98191,10622,N/A
2025-11-23T01:35:06.362002,100,10975,31.999632,36.016132,197.68,0,58-10975,11649,N/A
2025-11-23T01:35:06.362002,100,48886,32.00026,36.015392,21.5,0,58-48886,11649,N/A
2025-11-23T01:35:06.362002,100,11523,32.000935,36.013863,197.6,0,58-11523,10612,N/A
2025-11-23T01:35:06.362002,100,11014,32.004826,36.014347,132.1,0,58-11014,10619,N/A
2025-11-23T01:35:06.362002,100,11724,32.000275,36.01534,0,0,58-11724,11648,N/A
2025-11-23T01:35:06.362002,100,40779,31.96065,35.95736,40.9,0,58-40779,11651,N/A
2025-11-23T01:35:06.362002,100,24926,31.999966,36.015114,232.1,0,58-24926,11653,N/A
2025-11-23T01:35:06.362002,100,50752,32.000263,36.01564,74.8,1,58-50752,11651,N/A
2025-11-23T01:35:06.362002,100,05961,32.000313,36.015438,31.1,1,58-95961,11653,N/A
2025-11-23T01:35:06.362002,100,16863,32.000065,36.01559,0,1,58-16863,11653,N/A
2025-11-23T01:35:06.362002,100,97599,31.992634,35.890064,309.89,1,58-97599,10622,N/A
2025-11-23T01:35:06.362002,100,10987,32.000244,36.01543,0,1,58-10987,11653,N/A
2025-11-23T01:35:06.362002,100,52302,31.964375,35.960926,34.79,1,58-52302,11653,N/A
2025-11-23T01:35:06.362002,100,21423,32.000317,36.01466,218.2,1,58-21423,11653,N/A
2025-11-23T01:35:06.362002,100,30732,32.004444,36.00834,359.4,1,58-30732,11651,N/A
2025-11-23T01:35:06.362002,100,95161,32.000343,36.014633,177.4,1,58-95161,11653,N/A
2025-11-23T01:35:06.362002,100,90702,32.021866,35.844257,43.9,1,58-90702,10613,N/A
2025-11-23T01:35:06.362002,100,10993,32.00027,36.014793,234.1,1,58-10993,11652,N/A
2025-11-23T01:35:06.362002,100,10981,31.999386,36.014343,0,1,58-10981,11653,N/A
2025-11-23T01:35:06.362002,100,11538,32.000355,36.014435,0,1,58-11538,11653,N/A
2025-11-23T01:35:06.362002,100,11520,32.000126,36.014256,298.39,1,58-11520,11653,N/A
2025-11-23T01:35:06.362002,100,93641,31.99996,36.015163,246.4,1,58-93641,11653,N/A
2025-11-23T01:35:06.362002,100,82779,31.963634,35.960278,36.1,1,58-82779,11653,N/A
2025-11-23T01:35:06.362002,100,10996,31.960546,35.956833,0,1,58-10996,11653,N/A
2025-11-23T01:35:06.362002,100,11544,31.961313,35.958122,0,1,58-11544,11653,N/A
2025-11-23T01:35:59.749709,99,22057,32.00033,36.01411,120.8,0,58-22057,10614,N/A
2025-11-23T01:35:59.749709,99,97202,32.000256,36.015682,11.6,0,58-97202,11671,N/A
2025-11-23T01:35:59.749709,99,32725,31.99941,36.014168,116.7,0,58-32725,10625,N/A
2025-11-23T01:35:59.749709,99,96335,31.94514,35.927013,105.5,0,58-96335,10641,N/A
2025-11-23T01:35:59.749709,99,72129,31.944706,35.928158,106.5,0,58-72129,10641,N/A
2025-11-23T01:35:59.749709,99,45556,32.020844,35.84248,286.7,0,58-45556,10612,N/A
2025-11-23T01:35:59.749709,99,11005,32.00024,36.015,0,0,58-11005,10625,N/A
2025-11-23T01:35:59.749709,99,28732,32.021492,35.842632,46.1,0,58-28732,10612,N/A
2025-11-23T01:35:59.749709,99,66163,32.02123,35.84215,346.2,0,58-66163,10612,N/A
2025-11-23T01:35:59.749709,99,56867,32.020847,35.842632,289.3,0,58-56867,10612,N/A
2025-11-23T01:35:59.749709,99,25354,31.944778,35.92804,106.1,0,58-25354,10641,N/A
2025-11-23T01:35:59.749709,99,11649,32.022224,35.845154,72.31,0,58-11649,10612,N/A
2025-11-23T01:35:59.749709,99,11547,32.00016,36.01502,0,0,58-11547,10622,N/A
2025-11-23T01:35:59.749709,99,37113,32.02158,35.842438,0,0,58-37113,10612,N/A
2025-11-23T01:35:59.749709,99,11718,31.94541,35.928734,0,0,58-11718,10635,N/A
2025-11-23T01:35:59.749709,99,49451,31.946053,35.92815,294.1,1,58-49451,10643,N/A
2025-11-23T01:35:59.749709,99,11670,32.00448,36.008205,0,1,58-11670,10636,N/A
2025-11-23T01:35:59.749709,99,11499,32.00014,36.015255,0,1,58-11499,10635,N/A
2025-11-23T01:35:59.749709,99,11526,32.0002,36.01552,0,1,58-11526,10622,N/A
2025-11-23T01:35:59.749709,99,73439,32.023087,35.848095,252.9,1,58-73439,10613,N/A
2025-11-23T01:35:59.749709,99,52827,31.94586,35.91979,285.5,1,58-52827,10643,N/A
2025-11-23T01:35:59.749709,99,11493,31.94533,35.928787,0,1,58-11493,10643,N/A
2025-11-23T01:35:59.749709,99,11496,32.00006,36.015587,192.2,1,58-11496,10642,N/A
2025-11-23T01:35:59.749709,100,50152,31.99949,36.013763,130.8,0,58-50152,10613,N/A
2025-11-23T01:35:59.749709,100,63240,32.001354,36.014027,197,0,58-63240,11649,N/A
2025-11-23T01:35:59.749709,100,98191,32.00009,36.015476,0,0,58-98191,10622,N/A
2025-11-23T01:35:59.749709,100,10975,31.999632,36.016132,197.68,0,58-10975,11649,N/A
2025-11-23T01:35:59.749709,100,48886,32.00026,36.015392,21.5,0,58-48886,11649,N/A
2025-11-23T01:35:59.749709,100,11523,32.000935,36.013863,197.6,0,58-11523,10612,N/A
2025-11-23T01:35:59.749709,100,11014,32.004826,36.014347,132.1,0,58-11014,10619,N/A
2025-11-23T01:35:59.749709,100,11724,32.000275,36.01534,0,0,58-11724,11648,N/A
2025-11-23T01:35:59.749709,100,40779,31.96065,35.95736,40.9,0,58-40779,11651,N/A
2025-11-23T01:35:59.749709,100,24926,31.999966,36.015114,232.1,0,58-24926,11653,N/A
2025-11-23T01:35:59.749709,100,50752,32.000263,36.01564,74.8,1,58-50752,11653,N/A
2025-11-23T01:35:59.749709,100,05961,32.000313,36.015438,31.1,1,58-95961,11653,N/A
2025-11-23T01:35:59.749709,100,16863,32.000065,36.01559,0,1,58-16863,11653,N/A
2025-11-23T01:35:59.749709,100,97599,31.992634,35.890064,309.89,1,58-97599,10622,N/A
2025-11-23T01:35:59.749709,100,10987,32.000244,36.01543,0,1,58-10987,11653,N/A
2025-11-23T01:35:59.749709,100,52302,31.964375,35.960926,34.79,1,58-52302,11653,N/A
2025-11-23T01:35:59.749709,100,21423,32.000317,36.01466,218.2,1,58-21423,11653,N/A
2025-11-23T01:35:59.749709,100,30732,32.004444,36.00834,359.4,1,58-30732,11653,N/A
2025-11-23T01:35:59.749709,100,95161,32.000343,36.014633,177.4,1,58-95161,11653,N/A
2025-11-23T01:35:59.749709,100,90702,32.021866,35.844257,43.9,1,58-90702,10613,N/A
2025-11-23T01:35:59.749709,100,10993,32.00027,36.014793,234.1,1,58-10993,11653,N/A
2025-11-23T01:35:59.749709,100,10981,31.999386,36.014343,0,1,58-10981,11651,N/A
2025-11-23T01:35:59.749709,100,11538,32.000355,36.014435,0,1,58-11538,11652,N/A
2025-11-23T01:35:59.749709,100,11520,32.000126,36.014256,298.39,1,58-11520,11653,N/A
2025-11-23T01:35:59.749709,100,93641,31.99996,36.015163,246.4,1,58-93641,11653,N/A
2025-11-23T01:35:59.749709,100,82779,31.963634,35.960278,36.1,1,58-82779,11653,N/A
2025-11-23T01:35:59.749709,100,10996,31.960546,35.956833,0,1,58-10996,11653,N/A
2025-11-23T01:35:59.749709,100,11544,31.961313,35.958122,0,1,58-11544,11653,N/A
2025-11-23T01:36:50.212289,99,22057,32.00033,36.01411,120.8,0,58-22057,10614,N/A
2025-11-23T01:36:50.212289,99,97202,32.000256,36.015682,11.6,0,58-97202,11671,N/A
2025-11-23T01:36:50.212289,99,32725,31.99941,36.014168,116.7,0,58-32725,10625,N/A
2025-11-23T01:36:50.212289,99,96335,31.94514,35.927013,105.5,0,58-96335,10641,N/A
2025-11-23T01:36:50.212289,99,72129,31.944706,35.928158,106.5,0,58-72129,10641,N/A
2025-11-23T01:36:50.212289,99,45556,32.020844,35.84248,286.7,0,58-45556,10612,N/A
2025-11-23T01:36:50.212289,99,11005,32.00024,36.015,0,0,58-11005,10625,N/A
2025-11-23T01:36:50.212289,99,28732,32.021492,35.842632,46.1,0,58-28732,10612,N/A
2025-11-23T01:36:50.212289,99,66163,32.02123,35.84215,346.2,0,58-66163,10612,N/A
2025-11-23T01:36:50.212289,99,56867,32.020847,35.842632,289.3,0,58-56867,10612,N/A
2025-11-23T01:36:50.212289,99,25354,31.944778,35.92804,106.1,0,58-25354,10641,N/A
2025-11-23T01:36:50.212289,99,11649,32.022224,35.845154,72.31,0,58-11649,10612,N/A
2025-11-23T01:36:50.212289,99,11547,32.00016,36.01502,0,0,58-11547,10622,N/A
2025-11-23T01:36:50.212289,99,37113,32.02158,35.842438,0,0,58-37113,10612,N/A
2025-11-23T01:36:50.212289,99,11718,31.94541,35.928734,0,0,58-11718,10635,N/A
2025-11-23T01:36:50.212289,99,49451,31.946053,35.92815,294.1,1,58-49451,10643,N/A
2025-11-23T01:36:50.212289,99,11670,32.00448,36.008205,0,1,58-11670,10636,N/A
2025-11-23T01:36:50.212289,99,11499,32.00014,36.015255,0,1,58-11499,10635,N/A
2025-11-23T01:36:50.212289,99,11526,32.0002,36.01552,0,1,58-11526,10622,N/A
2025-11-23T01:36:50.212289,99,73439,32.023087,35.848095,252.9,1,58-73439,10613,N/A
2025-11-23T01:36:50.212289,99,52827,31.94586,35.91979,285.5,1,58-52827,10643,N/A
2025-11-23T01:36:50.212289,99,11493,31.94533,35.928787,0,1,58-11493,10643,N/A
2025-11-23T01:36:50.212289,99,11496,32.00006,36.015587,192.2,1,58-11496,10642,N/A
2025-11-23T01:36:50.212289,100,50152,31.99949,36.013763,130.8,0,58-50152,10613,N/A
2025-11-23T01:36:50.212289,100,63240,32.001354,36.014027,197,0,58-63240,11649,N/A
2025-11-23T01:36:50.212289,100,98191,32.000126,36.015465,190.8,0,58-98191,10622,N/A
2025-11-23T01:36:50.212289,100,10975,31.999632,36.016132,197.68,0,58-10975,11649,N/A
2025-11-23T01:36:50.212289,100,48886,32.00026,36.015392,21.5,0,58-48886,11649,N/A
2025-11-23T01:36:50.212289,100,11523,32.000935,36.013863,197.6,0,58-11523,10612,N/A
2025-11-23T01:36:50.212289,100,11014,32.004826,36.014347,132.1,0,58-11014,10623,N/A
2025-11-23T01:36:50.212289,100,11724,32.000275,36.01534,0,0,58-11724,11648,N/A
2025-11-23T01:36:50.212289,100,40779,31.96065,35.95736,40.9,0,58-40779,11651,N/A
2025-11-23T01:36:50.212289,100,24926,31.999966,36.015114,232.1,0,58-24926,11653,N/A
2025-11-23T01:36:50.212289,100,50752,32.000263,36.01564,74.8,1,58-50752,11653,N/A
2025-11-23T01:36:50.212289,100,05961,32.000313,36.015438,31.1,1,58-95961,11653,N/A
2025-11-23T01:36:50.212289,100,16863,32.000065,36.01559,0,1,58-16863,11653,N/A
2025-11-23T01:36:50.212289,100,97599,31.992634,35.890064,309.89,1,58-97599,10622,N/A
2025-11-23T01:36:50.212289,100,10987,32.000244,36.01543,0,1,58-10987,11653,N/A
2025-11-23T01:36:50.212289,100,52302,31.964375,35.960926,34.79,1,58-52302,11653,N/A
2025-11-23T01:36:50.212289,100,21423,32.000317,36.01466,218.2,1,58-21423,11653,N/A
2025-11-23T01:36:50.212289,100,30732,32.004444,36.00834,359.4,1,58-30732,11653,N/A
2025-11-23T01:36:50.212289,100,95161,32.000343,36.014633,177.4,1,58-95161,11653,N/A
2025-11-23T01:36:50.212289,100,90702,32.021866,35.844257,43.9,1,58-90702,10613,N/A
2025-11-23T01:36:50.212289,100,10993,32.00027,36.014793,234.1,1,58-10993,11653,N/A
2025-11-23T01:36:50.212289,100,10981,31.999386,36.014343,0,1,58-10981,11651,N/A
2025-11-23T01:36:50.212289,100,11538,32.000355,36.014435,0,1,58-11538,11652,N/A
2025-11-23T01:36:50.212289,100,11520,32.000126,36.014256,298.39,1,58-11520,11653,N/A
2025-11-23T01:36:50.212289,100,93641,31.99996,36.015163,246.4,1,58-93641,11653,N/A
2025-11-23T01:36:50.212289,100,82779,31.963634,35.960278,36.1,1,58-82779,11653,N/A
2025-11-23T01:36:50.212289,100,10996,31.960546,35.956833,0,1,58-10996,11653,N/A
2025-11-23T01:36:50.212289,100,11544,31.961313,35.958122,0,1,58-11544,11653,N/A
2025-11-23T01:37:35.480639,99,22057,32.00033,36.01411,120.8,0,58-22057,10614,N/A
2025-11-23T01:37:35.480639,99,97202,32.000256,36.015682,11.6,0,58-97202,11671,N/A
2025-11-23T01:37:35.480639,99,32725,31.99941,36.014168,116.7,0,58-32725,10625,N/A
2025-11-23T01:37:35.480639,99,96335,31.94514,35.927013,105.5,0,58-96335,10641,N/A
2025-11-23T01:37:35.480639,99,72129,31.944706,35.928158,106.5,0,58-72129,10641,N/A
2025-11-23T01:37:35.480639,99,45556,32.020844,35.84248,286.7,0,58-45556,10612,N/A
2025-11-23T01:37:35.480639,99,11005,32.00024,36.015,0,0,58-11005,10625,N/A
2025-11-23T01:37:35.480639,99,28732,32.021492,35.842632,46.1,0,58-28732,10612,N/A
2025-11-23T01:37:35.480639,99,66163,32.02123,35.84215,346.2,0,58-66163,10612,N/A
2025-11-23T01:37:35.480639,99,56867,32.020847,35.842632,289.3,0,58-56867,10612,N/A
2025-11-23T01:37:35.480639,99,25354,31.944778,35.92804,106.1,0,58-25354,10641,N/A
2025-11-23T01:37:35.480639,99,11649,32.022224,35.845154,72.31,0,58-11649,10612,N/A
2025-11-23T01:37:35.480639,99,11547,32.00016,36.01502,0,0,58-11547,10622,N/A
2025-11-23T01:37:35.480639,99,37113,32.02158,35.842438,0,0,58-37113,10612,N/A
2025-11-23T01:37:35.480639,99,11718,31.94541,35.928734,0,0,58-11718,10635,N/A
2025-11-23T01:37:35.480639,99,49451,31.946053,35.92815,294.1,1,58-49451,10643,N/A
2025-11-23T01:37:35.480639,99,11670,32.00448,36.008205,0,1,58-11670,10636,N/A
2025-11-23T01:37:35.480639,99,11499,32.00014,36.015255,0,1,58-11499,10635,N/A
2025-11-23T01:37:35.480639,99,11526,32.0002,36.01552,0,1,58-11526,10622,N/A
2025-11-23T01:37:35.480639,99,73439,32.023087,35.848095,252.9,1,58-73439,10613,N/A
2025-11-23T01:37:35.480639,99,52827,31.94586,35.91979,285.5,1,58-52827,10643,N/A
2025-11-23T01:37:35.480639,99,11493,31.94533,35.928787,0,1,58-11493,10643,N/A
2025-11-23T01:37:35.480639,99,11496,32.00006,36.015587,192.2,1,58-11496,10642,N/A
2025-11-23T01:37:35.480639,100,50152,31.99949,36.013763,130.8,0,58-50152,10613,N/A
2025-11-23T01:37:35.480639,100,63240,32.001354,36.014027,197,0,58-63240,11649,N/A
2025-11-23T01:37:35.480639,100,98191,32.000126,36.015465,190.8,0,58-98191,10622,N/A
2025-11-23T01:37:35.480639,100,10975,31.999632,36.016132,197.68,0,58-10975,11649,N/A
2025-11-23T01:37:35.480639,100,48886,32.00026,36.015392,21.5,0,58-48886,11649,N/A
2025-11-23T01:37:35.480639,100,11523,32.000935,36.013863,197.6,0,58-11523,10612,N/A
2025-11-23T01:37:35.480639,100,11014,32.004826,36.014347,132.1,0,58-11014,10623,N/A
2025-11-23T01:37:35.480639,100,11724,32.000275,36.01534,0,0,58-11724,11648,N/A
2025-11-23T01:37:35.480639,100,40779,31.96065,35.95736,40.9,0,58-40779,11651,N/A
2025-11-23T01:37:35.480639,100,24926,31.999966,36.015114,232.1,0,58-24926,11653,N/A
2025-11-23T01:37:35.480639,100,50752,32.000263,36.01564,74.8,1,58-50752,11653,N/A
2025-11-23T01:37:35.480639,100,05961,32.000313,36.015438,31.1,1,58-95961,11653,N/A
2025-11-23T01:37:35.480639,100,16863,32.000065,36.01559,0,1,58-16863,11653,N/A
2025-11-23T01:37:35.480639,100,97599,31.992634,35.890064,309.89,1,58-97599,10622,N/A
2025-11-23T01:37:35.480639,100,10987,32.000244,36.01543,0,1,58-10987,11653,N/A
2025-11-23T01:37:35.480639,100,52302,31.964375,35.960926,34.79,1,58-52302,11653,N/A
2025-11-23T01:37:35.480639,100,21423,32.000317,36.01466,218.2,1,58-21423,11653,N/A
2025-11-23T01:37:35.480639,100,30732,32.004444,36.00834,359.4,1,58-30732,11653,N/A
2025-11-23T01:37:35.480639,100,95161,32.000343,36.014633,177.4,1,58-95161,11653,N/A
2025-11-23T01:37:35.480639,100,90702,32.021866,35.844257,43.9,1,58-90702,10613,N/A
2025-11-23T01:37:35.480639,100,10993,32.00027,36.014793,234.1,1,58-10993,11653,N/A
2025-11-23T01:37:35.480639,100,10981,31.999386,36.014343,0,1,58-10981,11651,N/A
2025-11-23T01:37:35.480639,100,11538,32.000355,36.014435,0,1,58-11538,11652,N/A
2025-11-23T01:37:35.480639,100,11520,32.000126,36.014256,298.39,1,58-11520,11653,N/A
2025-11-23T01:37:35.480639,100,93641,31.99996,36.015163,246.4,1,58-93641,11653,N/A
2025-11-23T01:37:35.480639,100,82779,31.963634,35.960278,36.1,1,58-82779,11653,N/A
2025-11-23T01:37:35.480639,100,10996,31.960546,35.956833,0,1,58-10996,11653,N/A
2025-11-23T01:37:35.480639,100,11544,31.961313,35.958122,0,1,58-11544,11653,N/A
2025-11-23T01:38:23.576549,99,22057,32.00033,36.01411,120.8,0,58-22057,10614,N/A
2025-11-23T01:38:23.576549,99,97202,32.000256,36.015682,11.6,0,58-97202,11671,N/A
2025-11-23T01:38:23.576549,99,32725,31.99941,36.014168,116.7,0,58-32725,10625,N/A
2025-11-23T01:38:23.576549,99,96335,31.94514,35.927013,105.5,0,58-96335,10641,N/A
2025-11-23T01:38:23.576549,99,72129,31.944706,35.928158,106.5,0,58-72129,10641,N/A
2025-11-23T01:38:23.576549,99,45556,32.020844,35.84248,286.7,0,58-45556,10612,N/A
2025-11-23T01:38:23.576549,99,11005,32.00024,36.015,0,0,58-11005,10625,N/A
2025-11-23T01:38:23.576549,99,28732,32.021492,35.842632,46.1,0,58-28732,10612,N/A
2025-11-23T01:38:23.576549,99,66163,32.02123,35.84215,346.2,0,58-66163,10612,N/A
2025-11-23T01:38:23.576549,99,56867,32.020847,35.842632,289.3,0,58-56867,10612,N/A
2025-11-23T01:38:23.576549,99,25354,31.944778,35.92804,106.1,0,58-25354,10641,N/A
2025-11-23T01:38:23.576549,99,11649,32.022224,35.845154,72.31,0,58-11649,10612,N/A
2025-11-23T01:38:23.576549,99,11547,32.00016,36.01502,0,0,58-11547,10622,N/A
2025-11-23T01:38:23.576549,99,37113,32.02158,35.842438,0,0,58-37113,10612,N/A
2025-11-23T01:38:23.576549,99,11718,31.94541,35.928734,0,0,58-11718,10635,N/A
2025-11-23T01:38:23.576549,99,49451,31.946053,35.92815,294.1,1,58-49451,10643,N/A
2025-11-23T01:38:23.576549,99,11670,32.00448,36.008205,0,1,58-11670,10636,N/A
2025-11-23T01:38:23.576549,99,11499,32.00014,36.015255,0,1,58-11499,10635,N/A
2025-11-23T01:38:23.576549,99,11526,32.0002,36.01552,0,1,58-11526,10622,N/A
2025-11-23T01:38:23.576549,99,73439,32.023087,35.848095,252.9,1,58-73439,10613,N/A
2025-11-23T01:38:23.576549,99,52827,31.94586,35.91979,285.5,1,58-52827,10643,N/A
2025-11-23T01:38:23.576549,99,11493,31.94533,35.928787,0,1,58-11493,10643,N/A
2025-11-23T01:38:23.576549,99,11496,32.00006,36.015587,192.2,1,58-11496,10642,N/A
2025-11-23T01:38:23.576549,100,50152,31.99949,36.013763,130.8,0,58-50152,10613,N/A
2025-11-23T01:38:23.576549,100,63240,32.001354,36.014027,197,0,58-63240,11649,N/A
2025-11-23T01:38:23.576549,100,98191,32.00009,36.015476,0,0,58-98191,10622,N/A
2025-11-23T01:38:23.576549,100,10975,31.999632,36.016132,197.68,0,58-10975,11649,N/A
2025-11-23T01:38:23.576549,100,48886,32.00026,36.015392,21.5,0,58-48886,11649,N/A
2025-11-23T01:38:23.576549,100,11523,32.000935,36.013863,197.6,0,58-11523,10612,N/A
2025-11-23T01:38:23.576549,100,11014,32.004826,36.014347,132.1,0,58-11014,10619,N/A
2025-11-23T01:38:23.576549,100,11724,32.000275,36.01534,0,0,58-11724,11648,N/A
2025-11-23T01:38:23.576549,100,40779,31.96065,35.95736,40.9,0,58-40779,11651,N/A
2025-11-23T01:38:23.576549,100,24926,31.999966,36.015114,232.1,0,58-24926,11653,N/A
2025-11-23T01:38:23.576549,100,50752,32.000263,36.01564,74.8,1,58-50752,11651,N/A
2025-11-23T01:38:23.576549,100,05961,32.000313,36.015438,31.1,1,58-95961,11653,N/A
2025-11-23T01:38:23.576549,100,16863,32.000065,36.01559,0,1,58-16863,11653,N/A
2025-11-23T01:38:23.576549,100,97599,31.992634,35.890064,309.89,1,58-97599,10622,N/A
2025-11-23T01:38:23.576549,100,10987,32.000244,36.01543,0,1,58-10987,11653,N/A
2025-11-23T01:38:23.576549,100,52302,31.964375,35.960926,34.79,1,58-52302,11653,N/A
2025-11-23T01:38:23.576549,100,21423,32.000317,36.01466,218.2,1,58-21423,11653,N/A
2025-11-23T01:38:23.576549,100,30732,32.004444,36.00834,359.4,1,58-30732,11651,N/A
2025-11-23T01:38:23.576549,100,95161,32.000343,36.014633,177.4,1,58-95161,11653,N/A
2025-11-23T01:38:23.576549,100,90702,32.021866,35.844257,43.9,1,58-90702,10613,N/A
2025-11-23T01:38:23.576549,100,10993,32.00027,36.014793,234.1,1,58-10993,11652,N/A
2025-11-23T01:38:23.576549,100,10981,31.999386,36.014343,0,1,58-10981,11653,N/A
2025-11-23T01:38:23.576549,100,11538,32.000355,36.014435,0,1,58-11538,11653,N/A
2025-11-23T01:38:23.576549,100,11520,32.000126,36.014256,298.39,1,58-11520,11653,N/A
2025-11-23T01:38:23.576549,100,93641,31.99996,36.015163,246.4,1,58-93641,11653,N/A
2025-11-23T01:38:23.576549,100,82779,31.963634,35.960278,36.1,1,58-82779,11653,N/A
2025-11-23T01:38:23.576549,100,10996,31.960546,35.956833,0,1,58-10996,11653,N/A
2025-11-23T01:38:23.576549,100,11544,31.961313,35.958122,0,1,58-11544,11653,N/A
2025-11-23T01:39:16.981431,99,22057,32.00033,36.01411,120.8,0,58-22057,10614,N/A
2025-11-23T01:39:16.981431,99,97202,32.000256,36.015682,11.6,0,58-97202,11671,N/A
2025-11-23T01:39:16.981431,99,32725,31.99941,36.014168,116.7,0,58-32725,10625,N/A
2025-11-23T01:39:16.981431,99,96335,31.94514,35.927013,105.5,0,58-96335,10641,N/A
2025-11-23T01:39:16.981431,99,72129,31.944706,35.928158,106.5,0,58-72129,10641,N/A
2025-11-23T01:39:16.981431,99,45556,32.020844,35.84248,286.7,0,58-45556,10612,N/A
2025-11-23T01:39:16.981431,99,11005,32.00024,36.015,0,0,58-11005,10625,N/A
2025-11-23T01:39:16.981431,99,28732,32.021492,35.842632,46.1,0,58-28732,10612,N/A
2025-11-23T01:39:16.981431,99,66163,32.02123,35.84215,346.2,0,58-66163,10612,N/A
2025-11-23T01:39:16.981431,99,56867,32.020847,35.842632,289.3,0,58-56867,10612,N/A
2025-11-23T01:39:16.981431,99,25354,31.944778,35.92804,106.1,0,58-25354,10641,N/A
2025-11-23T01:39:16.981431,99,11649,32.022224,35.845154,72.31,0,58-11649,10612,N/A
2025-11-23T01:39:16.981431,99,11547,32.00016,36.01502,0,0,58-11547,10622,N/A
2025-11-23T01:39:16.981431,99,37113,32.02158,35.842438,0,0,58-37113,10612,N/A
2025-11-23T01:39:16.981431,99,11718,31.94541,35.928734,0,0,58-11718,10635,N/A
2025-11-23T01:39:16.981431,99,49451,31.946053,35.92815,294.1,1,58-49451,10643,N/A
2025-11-23T01:39:16.981431,99,11670,32.00448,36.008205,0,1,58-11670,10636,N/A
2025-11-23T01:39:16.981431,99,11499,32.00014,36.015255,0,1,58-11499,10635,N/A
2025-11-23T01:39:16.981431,99,11526,32.0002,36.01552,0,1,58-11526,10622,N/A
2025-11-23T01:39:16.981431,99,73439,32.023087,35.848095,252.9,1,58-73439,10613,N/A
2025-11-23T01:39:16.981431,99,52827,31.94586,35.91979,285.5,1,58-52827,10643,N/A
2025-11-23T01:39:16.981431,99,11493,31.94533,35.928787,0,1,58-11493,10643,N/A
2025-11-23T01:39:16.981431,99,11496,32.00006,36.015587,192.2,1,58-11496,10642,N/A
2025-11-23T01:39:16.981431,100,50152,31.99949,36.013763,130.8,0,58-50152,10613,N/A
2025-11-23T01:39:16.981431,100,63240,32.001354,36.014027,197,0,58-63240,11649,N/A
2025-11-23T01:39:16.981431,100,98191,32.000126,36.015465,190.8,0,58-98191,10622,N/A
2025-11-23T01:39:16.981431,100,10975,31.999632,36.016132,197.68,0,58-10975,11649,N/A
2025-11-23T01:39:16.981431,100,48886,32.00026,36.015392,21.5,0,58-48886,11649,N/A
2025-11-23T01:39:16.981431,100,11523,32.000935,36.013863,197.6,0,58-11523,10612,N/A
2025-11-23T01:39:16.981431,100,11014,32.004826,36.014347,132.1,0,58-11014,10623,N/A
2025-11-23T01:39:16.981431,100,11724,32.000275,36.01534,0,0,58-11724,11648,N/A
2025-11-23T01:39:16.981431,100,40779,31.96065,35.95736,40.9,0,58-40779,11651,N/A
2025-11-23T01:39:16.981431,100,24926,31.999966,36.015114,232.1,0,58-24926,11653,N/A
2025-11-23T01:39:16.981431,100,50752,32.000263,36.01564,74.8,1,58-50752,11653,N/A
2025-11-23T01:39:16.981431,100,05961,32.000313,36.015438,31.1,1,58-95961,11653,N/A
2025-11-23T01:39:16.981431,100,16863,32.000065,36.01559,0,1,58-16863,11653,N/A
2025-11-23T01:39:16.981431,100,97599,31.992634,35.890064,309.89,1,58-97599,10622,N/A
2025-11-23T01:39:16.981431,100,10987,32.000244,36.01543,0,1,58-10987,11653,N/A
2025-11-23T01:39:16.981431,100,52302,31.964375,35.960926,34.79,1,58-52302,11653,N/A
2025-11-23T01:39:16.981431,100,21423,32.000317,36.01466,218.2,1,58-21423,11653,N/A
2025-11-23T01:39:16.981431,100,30732,32.004444,36.00834,359.4,1,58-30732,11653,N/A
2025-11-23T01:39:16.981431,100,95161,32.000343,36.014633,177.4,1,58-95161,11653,N/A
2025-11-23T01:39:16.981431,100,90702,32.021866,35.844257,43.9,1,58-90702,10613,N/A
2025-11-23T01:39:16.981431,100,10993,32.00027,36.014793,234.1,1,58-10993,11653,N/A
2025-11-23T01:39:16.981431,100,10981,31.999386,36.014343,0,1,58-10981,11651,N/A
2025-11-23T01:39:16.981431,100,11538,32.000355,36.014435,0,1,58-11538,11652,N/A
2025-11-23T01:39:16.981431,100,11520,32.000126,36.014256,298.39,1,58-11520,11653,N/A
2025-11-23T01:39:16.981431,100,93641,31.99996,36.015163,246.4,1,58-93641,11653,N/A
2025-11-23T01:39:16.981431,100,82779,31.963634,35.960278,36.1,1,58-82779,11653,N/A
2025-11-23T01:39:16.981431,100,10996,31.960546,35.956833,0,1,58-10996,11653,N/A
2025-11-23T01:39:16.981431,100,11544,31.961313,35.958122,0,1,58-11544,11653,N/A
2025-11-23T01:40:13.275109,99,22057,32.00033,36.01411,120.8,0,58-22057,11675,N/A
2025-11-23T01:40:13.275109,99,97202,32.000256,36.015682,11.6,0,58-97202,11671,N/A
2025-11-23T01:40:13.275109,99,32725,31.99941,36.014168,116.7,0,58-32725,10625,N/A
2025-11-23T01:40:13.275109,99,96335,31.94514,35.927013,105.5,0,58-96335,10641,N/A
2025-11-23T01:40:13.275109,99,72129,31.944706,35.928158,106.5,0,58-72129,10641,N/A
2025-11-23T01:40:13.275109,99,45556,32.020844,35.84248,286.7,0,58-45556,10612,N/A
2025-11-23T01:40:13.275109,99,11005,32.00024,36.015,0,0,58-11005,10625,N/A
2025-11-23T01:40:13.275109,99,28732,32.021748,35.842438,58.6,0,58-28732,10612,N/A
2025-11-23T01:40:13.275109,99,66163,32.02123,35.84215,346.2,0,58-66163,10612,N/A
2025-11-23T01:40:13.275109,99,56867,32.020847,35.842632,289.3,0,58-56867,10612,N/A
2025-11-23T01:40:13.275109,99,25354,31.944778,35.92804,106.1,0,58-25354,10641,N/A
2025-11-23T01:40:13.275109,99,11649,32.022224,35.845154,72.31,0,58-11649,10612,N/A
2025-11-23T01:40:13.275109,99,11547,32.00016,36.01502,0,0,58-11547,10622,N/A
2025-11-23T01:40:13.275109,99,37113,32.02191,35.843987,70,0,58-37113,10612,N/A
2025-11-23T01:40:13.275109,99,11718,31.94541,35.928734,0,0,58-11718,10635,N/A
2025-11-23T01:40:13.275109,99,49451,31.946053,35.92815,294.1,1,58-49451,10643,N/A
2025-11-23T01:40:13.275109,99,11670,32.00448,36.008205,0,1,58-11670,10636,N/A
2025-11-23T01:40:13.275109,99,11499,32.00014,36.015255,0,1,58-11499,10635,N/A
2025-11-23T01:40:13.275109,99,11526,32.0002,36.01552,0,1,58-11526,10622,N/A
2025-11-23T01:40:13.275109,99,73439,32.023087,35.848095,252.9,1,58-73439,10613,N/A
2025-11-23T01:40:13.275109,99,52827,31.94586,35.91979,285.5,1,58-52827,10643,N/A
2025-11-23T01:40:13.275109,99,11493,31.94533,35.928787,0,1,58-11493,10643,N/A
2025-11-23T01:40:13.275109,99,11496,32.00006,36.015587,192.2,1,58-11496,10642,N/A
2025-11-23T01:40:13.275109,100,50152,31.99949,36.013763,130.8,0,58-50152,10613,N/A
2025-11-23T01:40:13.275109,100,63240,32.001354,36.014027,197,0,58-63240,11649,N/A
2025-11-23T01:40:13.275109,100,98191,32.000126,36.015465,190.8,0,58-98191,10622,N/A
2025-11-23T01:40:13.275109,100,10975,31.999632,36.016132,197.68,0,58-10975,11649,N/A
2025-11-23T01:40:13.275109,100,48886,32.00026,36.015392,21.5,0,58-48886,11649,N/A
2025-11-23T01:40:13.275109,100,11523,32.000935,36.013863,197.6,0,58-11523,10612,N/A
2025-11-23T01:40:13.275109,100,11014,32.004826,36.014347,132.1,0,58-11014,10623,N/A
2025-11-23T01:40:13.275109,100,11724,32.000275,36.01534,0,0,58-11724,11648,N/A
2025-11-23T01:40:13.275109,100,40779,31.96065,35.95736,40.9,0,58-40779,11651,N/A
2025-11-23T01:40:13.275109,100,24926,31.999966,36.015114,232.1,0,58-24926,11653,N/A
2025-11-23T01:40:13.275109,100,50752,32.000263,36.01564,74.8,1,58-50752,11653,N/A
2025-11-23T01:40:13.275109,100,05961,32.000313,36.015438,31.1,1,58-95961,11653,N/A
2025-11-23T01:40:13.275109,100,16863,32.000065,36.01559,0,1,58-16863,11653,N/A
2025-11-23T01:40:13.275109,100,97599,31.992634,35.890064,309.89,1,58-97599,10622,N/A
2025-11-23T01:40:13.275109,100,10987,32.000244,36.01543,0,1,58-10987,11653,N/A
2025-11-23T01:40:13.275109,100,52302,31.964375,35.960926,34.79,1,58-52302,11653,N/A
2025-11-23T01:40:13.275109,100,21423,32.000317,36.01466,218.2,1,58-21423,11653,N/A
2025-11-23T01:40:13.275109,100,30732,32.004444,36.00834,359.4,1,58-30732,11653,N/A
2025-11-23T01:40:13.275109,100,95161,32.000343,36.014633,177.4,1,58-95161,11653,N/A
2025-11-23T01:40:13.275109,100,90702,32.021866,35.844257,43.9,1,58-90702,10613,N/A
2025-11-23T01:40:13.275109,100,10993,32.00027,36.014793,234.1,1,58-10993,11653,N/A
2025-11-23T01:40:13.275109,100,10981,31.999386,36.014343,0,1,58-10981,11651,N/A
2025-11-23T01:40:13.275109,100,11538,32.000355,36.014435,0,1,58-11538,11652,N/A
2025-11-23T01:40:13.275109,100,11520,32.000126,36.014256,298.39,1,58-11520,11653,N/A
2025-11-23T01:40:13.275109,100,93641,31.99996,36.015163,246.4,1,58-93641,11653,N/A
2025-11-23T01:40:13.275109,100,82779,31.963634,35.960278,36.1,1,58-82779,11653,N/A
2025-11-23T01:40:13.275109,100,10996,31.960546,35.956833,0,1,58-10996,11653,N/A
2025-11-23T01:40:13.275109,100,11544,31.961313,35.958122,0,1,58-11544,11653,N/A
2025-11-23T01:41:10.334731,99,22057,32.00033,36.01411,120.8,0,58-22057,10614,N/A
2025-11-23T01:41:10.334731,99,97202,32.000256,36.015682,11.6,0,58-97202,11671,N/A
2025-11-23T01:41:10.334731,99,32725,31.99941,36.014168,116.7,0,58-32725,10625,N/A
2025-11-23T01:41:10.334731,99,96335,31.94514,35.927013,105.5,0,58-96335,10641,N/A
2025-11-23T01:41:10.334731,99,72129,31.944706,35.928158,106.5,0,58-72129,10641,N/A
2025-11-23T01:41:10.334731,99,45556,32.020844,35.84248,286.7,0,58-45556,10612,N/A
2025-11-23T01:41:10.334731,99,11005,32.00024,36.015,0,0,58-11005,10625,N/A
2025-11-23T01:41:10.334731,99,28732,32.021492,35.842632,46.1,0,58-28732,10612,N/A
2025-11-23T01:41:10.334731,99,66163,32.02123,35.84215,346.2,0,58-66163,10612,N/A
2025-11-23T01:41:10.334731,99,56867,32.020847,35.842632,289.3,0,58-56867,10612,N/A
2025-11-23T01:41:10.334731,99,25354,31.944778,35.92804,106.1,0,58-25354,10641,N/A
2025-11-23T01:41:10.334731,99,11649,32.022224,35.845154,72.31,0,58-11649,10612,N/A
2025-11-23T01:41:10.334731,99,11547,32.00016,36.01502,0,0,58-11547,10622,N/A
2025-11-23T01:41:10.334731,99,37113,32.02158,35.842438,0,0,58-37113,10612,N/A
2025-11-23T01:41:10.334731,99,11718,31.94541,35.928734,0,0,58-11718,10635,N/A
2025-11-23T01:41:10.334731,99,49451,31.946053,35.92815,294.1,1,58-49451,10643,N/A
2025-11-23T01:41:10.334731,99,11670,32.00448,36.008205,0,1,58-11670,10636,N/A
2025-11-23T01:41:10.334731,99,11499,32.00014,36.015255,0,1,58-11499,10635,N/A
2025-11-23T01:41:10.334731,99,11526,32.0002,36.01552,0,1,58-11526,10622,N/A
2025-11-23T01:41:10.334731,99,73439,32.023087,35.848095,252.9,1,58-73439,10613,N/A
2025-11-23T01:41:10.334731,99,52827,31.94586,35.91979,285.5,1,58-52827,10643,N/A
2025-11-23T01:41:10.334731,99,11493,31.94533,35.928787,0,1,58-11493,10643,N/A
2025-11-23T01:41:10.334731,99,11496,32.00006,36.015587,192.2,1,58-11496,10642,N/A
2025-11-23T01:41:10.334731,100,50152,31.99949,36.013763,130.8,0,58-50152,10613,N/A
2025-11-23T01:41:10.334731,100,63240,32.001354,36.014027,197,0,58-63240,11649,N/A
2025-11-23T01:41:10.334731,100,98191,32.000126,36.015465,190.8,0,58-98191,10622,N/A
2025-11-23T01:41:10.334731,100,10975,31.999632,36.016132,197.68,0,58-10975,11649,N/A
2025-11-23T01:41:10.334731,100,48886,32.00026,36.015392,21.5,0,58-48886,11649,N/A
2025-11-23T01:41:10.334731,100,11523,32.000935,36.013863,197.6,0,58-11523,10612,N/A
2025-11-23T01:41:10.334731,100,11014,32.004826,36.014347,132.1,0,58-11014,10623,N/A
2025-11-23T01:41:10.334731,100,11724,32.000275,36.01534,0,0,58-11724,11648,N/A
2025-11-23T01:41:10.334731,100,40779,31.96065,35.95736,40.9,0,58-40779,11651,N/A
2025-11-23T01:41:10.334731,100,24926,31.999966,36.015114,232.1,0,58-24926,11653,N/A
2025-11-23T01:41:10.334731,100,50752,32.000263,36.01564,74.8,1,58-50752,11653,N/A
2025-11-23T01:41:10.334731,100,05961,32.000313,36.015438,31.1,1,58-95961,11653,N/A
2025-11-23T01:41:10.334731,100,16863,32.000065,36.01559,0,1,58-16863,11653,N/A
2025-11-23T01:41:10.334731,100,97599,31.992634,35.890064,309.89,1,58-97599,10622,N/A
2025-11-23T01:41:10.334731,100,10987,32.000244,36.01543,0,1,58-10987,11653,N/A
2025-11-23T01:41:10.334731,100,52302,31.964375,35.960926,34.79,1,58-52302,11653,N/A
2025-11-23T01:41:10.334731,100,21423,32.000317,36.01466,218.2,1,58-21423,11653,N/A
2025-11-23T01:41:10.334731,100,30732,32.004444,36.00834,359.4,1,58-30732,11653,N/A
2025-11-23T01:41:10.334731,100,95161,32.000343,36.014633,177.4,1,58-95161,11653,N/A
2025-11-23T01:41:10.334731,100,90702,32.021866,35.844257,43.9,1,58-90702,10613,N/A
2025-11-23T01:41:10.334731,100,10993,32.00027,36.014793,234.1,1,58-10993,11653,N/A
2025-11-23T01:41:10.334731,100,10981,31.999386,36.014343,0,1,58-10981,11651,N/A
2025-11-23T01:41:10.334731,100,11538,32.000355,36.014435,0,1,58-11538,11652,N/A
2025-11-23T01:41:10.334731,100,11520,32.000126,36.014256,298.39,1,58-11520,11653,N/A
2025-11-23T01:41:10.334731,100,93641,31.99996,36.015163,246.4,1,58-93641,11653,N/A
2025-11-23T01:41:10.334731,100,82779,31.963634,35.960278,36.1,1,58-82779,11653,N/A
2025-11-23T01:41:10.334731,100,10996,31.960546,35.956833,0,1,58-10996,11653,N/A
2025-11-23T01:41:10.334731,100,11544,31.961313,35.958122,0,1,58-11544,11653,N/A
2025-11-23T01:41:53.497236,99,22057,32.00033,36.01411,120.8,0,58-22057,10614,N/A
2025-11-23T01:41:53.497236,99,97202,32.000256,36.015682,11.6,0,58-97202,11671,N/A
2025-11-23T01:41:53.497236,99,32725,31.99941,36.014168,116.7,0,58-32725,10625,N/A
2025-11-23T01:41:53.497236,99,96335,31.94514,35.927013,105.5,0,58-96335,10641,N/A
2025-11-23T01:41:53.497236,99,72129,31.944706,35.928158,106.5,0,58-72129,10641,N/A
2025-11-23T01:41:53.497236,99,45556,32.020844,35.84248,286.7,0,58-45556,10612,N/A
2025-11-23T01:41:53.497236,99,11005,32.00024,36.015,0,0,58-11005,10625,N/A
2025-11-23T01:41:53.497236,99,28732,32.021492,35.842632,46.1,0,58-28732,10612,N/A
2025-11-23T01:41:53.497236,99,66163,32.02123,35.84215,346.2,0,58-66163,10612,N/A
2025-11-23T01:41:53.497236,99,56867,32.020847,35.842632,289.3,0,58-56867,10612,N/A
2025-11-23T01:41:53.497236,99,25354,31.944778,35.92804,106.1,0,58-25354,10641,N/A
2025-11-23T01:41:53.497236,99,11649,32.022224,35.845154,72.31,0,58-11649,10612,N/A
2025-11-23T01:41:53.497236,99,11547,32.00016,36.01502,0,0,58-11547,10622,N/A
2025-11-23T01:41:53.497236,99,37113,32.02158,35.842438,0,0,58-37113,10612,N/A
2025-11-23T01:41:53.497236,99,11718,31.94541,35.928734,0,0,58-11718,10635,N/A
2025-11-23T01:41:53.497236,99,49451,31.946053,35.92815,294.1,1,58-49451,10643,N/A
2025-11-23T01:41:53.497236,99,11670,32.00448,36.008205,0,1,58-11670,10636,N/A
2025-11-23T01:41:53.497236,99,11499,32.00014,36.015255,0,1,58-11499,10635,N/A
2025-11-23T01:41:53.497236,99,11526,32.0002,36.01552,0,1,58-11526,10622,N/A
2025-11-23T01:41:53.497236,99,73439,32.023087,35.848095,252.9,1,58-73439,10613,N/A
2025-11-23T01:41:53.497236,99,52827,31.94586,35.91979,285.5,1,58-52827,10643,N/A
2025-11-23T01:41:53.497236,99,11493,31.94533,35.928787,0,1,58-11493,10643,N/A
2025-11-23T01:41:53.497236,99,11496,32.00006,36.015587,192.2,1,58-11496,10642,N/A
2025-11-23T01:41:53.497236,100,50152,31.99949,36.013763,130.8,0,58-50152,10613,N/A
2025-11-23T01:41:53.497236,100,63240,32.001354,36.014027,197,0,58-63240,11649,N/A
2025-11-23T01:41:53.497236,100,98191,32.000126,36.015465,190.8,0,58-98191,10622,N/A
2025-11-23T01:41:53.497236,100,10975,31.999632,36.016132,197.68,0,58-10975,11649,N/A
2025-11-23T01:41:53.497236,100,48886,32.00026,36.015392,21.5,0,58-48886,11649,N/A
2025-11-23T01:41:53.497236,100,11523,32.000935,36.013863,197.6,0,58-11523,10612,N/A
2025-11-23T01:41:53.497236,100,11014,32.004826,36.014347,132.1,0,58-11014,10623,N/A
2025-11-23T01:41:53.497236,100,11724,32.000275,36.01534,0,0,58-11724,11648,N/A
2025-11-23T01:41:53.497236,100,40779,31.96065,35.95736,40.9,0,58-40779,11651,N/A
2025-11-23T01:41:53.497236,100,24926,31.999966,36.015114,232.1,0,58-24926,11653,N/A
2025-11-23T01:41:53.497236,100,50752,32.000263,36.01564,74.8,1,58-50752,11651,N/A
2025-11-23T01:41:53.497236,100,05961,32.000313,36.015438,31.1,1,58-95961,11653,N/A
2025-11-23T01:41:53.497236,100,16863,32.000065,36.01559,0,1,58-16863,11653,N/A
2025-11-23T01:41:53.497236,100,97599,31.992634,35.890064,309.89,1,58-97599,10622,N/A
2025-11-23T01:41:53.497236,100,10987,32.000244,36.01543,0,1,58-10987,11653,N/A
2025-11-23T01:41:53.497236,100,52302,31.964375,35.960926,34.79,1,58-52302,11653,N/A
2025-11-23T01:41:53.497236,100,21423,32.000317,36.01466,218.2,1,58-21423,11653,N/A
2025-11-23T01:41:53.497236,100,30732,32.004444,36.00834,359.4,1,58-30732,11651,N/A
2025-11-23T01:41:53.497236,100,95161,32.000343,36.014633,177.4,1,58-95161,11653,N/A
2025-11-23T01:41:53.497236,100,90702,32.021866,35.844257,43.9,1,58-90702,10613,N/A
2025-11-23T01:41:53.497236,100,10993,32.00027,36.014793,234.1,1,58-10993,11652,N/A
2025-11-23T01:41:53.497236,100,10981,31.999386,36.014343,0,1,58-10981,11653,N/A
2025-11-23T01:41:53.497236,100,11538,32.000355,36.014435,0,1,58-11538,11653,N/A
2025-11-23T01:41:53.497236,100,11520,32.000126,36.014256,298.39,1,58-11520,11653,N/A
2025-11-23T01:41:53.497236,100,93641,31.99996,36.015163,246.4,1,58-93641,11653,N/A
2025-11-23T01:41:53.497236,100,82779,31.963634,35.960278,36.1,1,58-82779,11653,N/A
2025-11-23T01:41:53.497236,100,10996,31.960546,35.956833,0,1,58-10996,11653,N/A
2025-11-23T01:41:53.497236,100,11544,31.961313,35.958122,0,1,58-11544,11653,N/A
2025-11-23T01:42:45.933399,99,22057,32.00033,36.01411,120.8,0,58-22057,11675,N/A
2025-11-23T01:42:45.933399,99,97202,32.000256,36.015682,11.6,0,58-97202,11671,N/A
2025-11-23T01:42:45.933399,99,32725,31.99941,36.014168,116.7,0,58-32725,10625,N/A
2025-11-23T01:42:45.933399,99,96335,31.94514,35.927013,105.5,0,58-96335,10641,N/A
2025-11-23T01:42:45.933399,99,72129,31.944706,35.928158,106.5,0,58-72129,10641,N/A
2025-11-23T01:42:45.933399,99,45556,32.020844,35.84248,286.7,0,58-45556,10612,N/A
2025-11-23T01:42:45.933399,99,11005,32.00024,36.015,0,0,58-11005,10625,N/A
2025-11-23T01:42:45.933399,99,28732,32.021748,35.842438,58.6,0,58-28732,10612,N/A
2025-11-23T01:42:45.933399,99,66163,32.02123,35.84215,346.2,0,58-66163,10612,N/A
2025-11-23T01:42:45.933399,99,56867,32.020847,35.842632,289.3,0,58-56867,10612,N/A
2025-11-23T01:42:45.933399,99,25354,31.944778,35.92804,106.1,0,58-25354,10641,N/A
2025-11-23T01:42:45.933399,99,11649,32.022224,35.845154,72.31,0,58-11649,10612,N/A
2025-11-23T01:42:45.933399,99,11547,32.00016,36.01502,0,0,58-11547,10622,N/A
2025-11-23T01:42:45.933399,99,37113,32.02191,35.843987,70,0,58-37113,10612,N/A
2025-11-23T01:42:45.933399,99,11718,31.94541,35.928734,0,0,58-11718,10635,N/A
2025-11-23T01:42:45.933399,99,49451,31.946053,35.92815,294.1,1,58-49451,10643,N/A
2025-11-23T01:42:45.933399,99,11670,32.00448,36.008205,0,1,58-11670,10636,N/A
2025-11-23T01:42:45.933399,99,11499,32.00014,36.015255,0,1,58-11499,10635,N/A
2025-11-23T01:42:45.933399,99,11526,32.0002,36.01552,0,1,58-11526,10622,N/A
2025-11-23T01:42:45.933399,99,73439,32.023087,35.848095,252.9,1,58-73439,10613,N/A
2025-11-23T01:42:45.933399,99,52827,31.94586,35.91979,285.5,1,58-52827,10643,N/A
2025-11-23T01:42:45.933399,99,11493,31.94533,35.928787,0,1,58-11493,10643,N/A
2025-11-23T01:42:45.933399,99,11496,32.00006,36.015587,192.2,1,58-11496,10642,N/A
2025-11-23T01:42:45.933399,100,50152,31.99949,36.013763,130.8,0,58-50152,10613,N/A
2025-11-23T01:42:45.933399,100,63240,32.001354,36.014027,197,0,58-63240,11649,N/A
2025-11-23T01:42:45.933399,100,98191,32.000126,36.015465,190.8,0,58-98191,10622,N/A
2025-11-23T01:42:45.933399,100,10975,31.999632,36.016132,197.68,0,58-10975,11649,N/A
2025-11-23T01:42:45.933399,100,48886,32.00026,36.015392,21.5,0,58-48886,11649,N/A
2025-11-23T01:42:45.933399,100,11523,32.000935,36.013863,197.6,0,58-11523,10612,N/A
2025-11-23T01:42:45.933399,100,11014,32.004826,36.014347,132.1,0,58-11014,10623,N/A
2025-11-23T01:42:45.933399,100,11724,32.000275,36.01534,0,0,58-11724,11648,N/A
2025-11-23T01:42:45.933399,100,40779,31.96065,35.95736,40.9,0,58-40779,11651,N/A
2025-11-23T01:42:45.933399,100,24926,31.999966,36.015114,232.1,0,58-24926,11653,N/A
2025-11-23T01:42:45.933399,100,50752,32.000263,36.01564,74.8,1,58-50752,11653,N/A
2025-11-23T01:42:45.933399,100,05961,32.000313,36.015438,31.1,1,58-95961,11653,N/A
2025-11-23T01:42:45.933399,100,16863,32.000065,36.01559,0,1,58-16863,11653,N/A
2025-11-23T01:42:45.933399,100,97599,31.992634,35.890064,309.89,1,58-97599,10622,N/A
2025-11-23T01:42:45.933399,100,10987,32.000244,36.01543,0,1,58-10987,11653,N/A
2025-11-23T01:42:45.933399,100,52302,31.964375,35.960926,34.79,1,58-52302,11653,N/A
2025-11-23T01:42:45.933399,100,21423,32.000317,36.01466,218.2,1,58-21423,11653,N/A
2025-11-23T01:42:45.933399,100,30732,32.004444,36.00834,359.4,1,58-30732,11653,N/A
2025-11-23T01:42:45.933399,100,95161,32.000343,36.014633,177.4,1,58-95161,11653,N/A
2025-11-23T01:42:45.933399,100,90702,32.021866,35.844257,43.9,1,58-90702,10613,N/A
2025-11-23T01:42:45.933399,100,10993,32.00027,36.014793,234.1,1,58-10993,11653,N/A
2025-11-23T01:42:45.933399,100,10981,31.999386,36.014343,0,1,58-10981,11651,N/A
2025-11-23T01:42:45.933399,100,11538,32.000355,36.014435,0,1,58-11538,11652,N/A
2025-11-23T01:42:45.933399,100,11520,32.000126,36.014256,298.39,1,58-11520,11653,N/A
2025-11-23T01:42:45.933399,100,93641,31.99996,36.015163,246.4,1,58-93641,11653,N/A
2025-11-23T01:42:45.933399,100,82779,31.963634,35.960278,36.1,1,58-82779,11653,N/A
2025-11-23T01:42:45.933399,100,10996,31.960546,35.956833,0,1,58-10996,11653,N/A
2025-11-23T01:42:45.933399,100,11544,31.961313,35.958122,0,1,58-11544,11653,N/A
2025-11-23T01:43:39.512213,99,22057,32.00033,36.01411,120.8,0,58-22057,10614,N/A
2025-11-23T01:43:39.512213,99,97202,32.000256,36.015682,11.6,0,58-97202,11671,N/A
2025-11-23T01:43:39.512213,99,32725,31.99941,36.014168,116.7,0,58-32725,10625,N/A
2025-11-23T01:43:39.512213,99,96335,31.94514,35.927013,105.5,0,58-96335,10641,N/A
2025-11-23T01:43:39.512213,99,72129,31.944706,35.928158,106.5,0,58-72129,10641,N/A
2025-11-23T01:43:39.512213,99,45556,32.020844,35.84248,286.7,0,58-45556,10612,N/A
2025-11-23T01:43:39.512213,99,11005,32.00024,36.015,0,0,58-11005,10625,N/A
2025-11-23T01:43:39.512213,99,28732,32.021492,35.842632,46.1,0,58-28732,10612,N/A
2025-11-23T01:43:39.512213,99,66163,32.02123,35.84215,346.2,0,58-66163,10612,N/A
2025-11-23T01:43:39.512213,99,56867,32.020847,35.842632,289.3,0,58-56867,10612,N/A
2025-11-23T01:43:39.512213,99,25354,31.944778,35.92804,106.1,0,58-25354,10641,N/A
2025-11-23T01:43:39.512213,99,11649,32.022224,35.845154,72.31,0,58-11649,10612,N/A
2025-11-23T01:43:39.512213,99,11547,32.00016,36.01502,0,0,58-11547,10622,N/A
2025-11-23T01:43:39.512213,99,37113,32.02158,35.842438,0,0,58-37113,10612,N/A
2025-11-23T01:43:39.512213,99,11718,31.94541,35.928734,0,0,58-11718,10635,N/A
2025-11-23T01:43:39.512213,99,49451,31.946053,35.92815,294.1,1,58-49451,10643,N/A
2025-11-23T01:43:39.512213,99,11670,32.00448,36.008205,0,1,58-11670,10636,N/A
2025-11-23T01:43:39.512213,99,11499,32.00014,36.015255,0,1,58-11499,10635,N/A
2025-11-23T01:43:39.512213,99,11526,32.0002,36.01552,0,1,58-11526,10622,N/A
2025-11-23T01:43:39.512213,99,73439,32.023087,35.848095,252.9,1,58-73439,10613,N/A
2025-11-23T01:43:39.512213,99,52827,31.94586,35.91979,285.5,1,58-52827,10643,N/A
2025-11-23T01:43:39.512213,99,11493,31.94533,35.928787,0,1,58-11493,10643,N/A
2025-11-23T01:43:39.512213,99,11496,32.00006,36.015587,192.2,1,58-11496,10642,N/A
2025-11-23T01:43:39.512213,100,50152,31.99949,36.013763,130.8,0,58-50152,10613,N/A
2025-11-23T01:43:39.512213,100,63240,32.001354,36.014027,197,0,58-63240,11649,N/A
2025-11-23T01:43:39.512213,100,98191,32.00009,36.015476,0,0,58-98191,10622,N/A
2025-11-23T01:43:39.512213,100,10975,31.999632,36.016132,197.68,0,58-10975,11649,N/A
2025-11-23T01:43:39.512213,100,48886,32.00026,36.015392,21.5,0,58-48886,11649,N/A
2025-11-23T01:43:39.512213,100,11523,32.000935,36.013863,197.6,0,58-11523,10612,N/A
2025-11-23T01:43:39.512213,100,11014,32.004826,36.014347,132.1,0,58-11014,10619,N/A
2025-11-23T01:43:39.512213,100,11724,32.000275,36.01534,0,0,58-11724,11648,N/A
2025-11-23T01:43:39.512213,100,40779,31.96065,35.95736,40.9,0,58-40779,11651,N/A
2025-11-23T01:43:39.512213,100,24926,31.999966,36.015114,232.1,0,58-24926,11653,N/A
2025-11-23T01:43:39.512213,100,50752,32.000263,36.01564,74.8,1,58-50752,11653,N/A
2025-11-23T01:43:39.512213,100,05961,32.000313,36.015438,31.1,1,58-95961,11653,N/A
2025-11-23T01:43:39.512213,100,16863,32.000065,36.01559,0,1,58-16863,11653,N/A
2025-11-23T01:43:39.512213,100,97599,31.992634,35.890064,309.89,1,58-97599,10622,N/A
2025-11-23T01:43:39.512213,100,10987,32.000244,36.01543,0,1,58-10987,11653,N/A
2025-11-23T01:43:39.512213,100,52302,31.964375,35.960926,34.79,1,58-52302,11653,N/A
2025-11-23T01:43:39.512213,100,21423,32.000317,36.01466,218.2,1,58-21423,11653,N/A
2025-11-23T01:43:39.512213,100,30732,32.004444,36.00834,359.4,1,58-30732,11653,N/A
2025-11-23T01:43:39.512213,100,95161,32.000343,36.014633,177.4,1,58-95161,11653,N/A
2025-11-23T01:43:39.512213,100,90702,32.021866,35.844257,43.9,1,58-90702,10613,N/A
2025-11-23T01:43:39.512213,100,10993,32.00027,36.014793,234.1,1,58-10993,11653,N/A
2025-11-23T01:43:39.512213,100,10981,31.999386,36.014343,0,1,58-10981,11651,N/A
2025-11-23T01:43:39.512213,100,11538,32.000355,36.014435,0,1,58-11538,11652,N/A
2025-11-23T01:43:39.512213,100,11520,32.000126,36.014256,298.39,1,58-11520,11653,N/A
2025-11-23T01:43:39.512213,100,93641,31.99996,36.015163,246.4,1,58-93641,11653,N/A
2025-11-23T01:43:39.512213,100,82779,31.963634,35.960278,36.1,1,58-82779,11653,N/A
2025-11-23T01:43:39.512213,100,10996,31.960546,35.956833,0,1,58-10996,11653,N/A
2025-11-23T01:43:39.512213,100,11544,31.961313,35.958122,0,1,58-11544,11653,N/A
2025-11-23T01:44:30.247954,99,22057,32.00033,36.01411,120.8,0,58-22057,11675,N/A
2025-11-23T01:44:30.247954,99,97202,32.000256,36.015682,11.6,0,58-97202,11671,N/A
2025-11-23T01:44:30.247954,99,32725,31.99941,36.014168,116.7,0,58-32725,10625,N/A
2025-11-23T01:44:30.247954,99,96335,31.94514,35.927013,105.5,0,58-96335,10641,N/A
2025-11-23T01:44:30.247954,99,72129,31.944706,35.928158,106.5,0,58-72129,10641,N/A
2025-11-23T01:44:30.247954,99,45556,32.020844,35.84248,286.7,0,58-45556,10612,N/A
2025-11-23T01:44:30.247954,99,11005,32.00024,36.015,0,0,58-11005,10625,N/A
2025-11-23T01:44:30.247954,99,28732,32.021748,35.842438,58.6,0,58-28732,10612,N/A
2025-11-23T01:44:30.247954,99,66163,32.02123,35.84215,346.2,0,58-66163,10612,N/A
2025-11-23T01:44:30.247954,99,56867,32.020847,35.842632,289.3,0,58-56867,10612,N/A
2025-11-23T01:44:30.247954,99,25354,31.944778,35.92804,106.1,0,58-25354,10641,N/A
2025-11-23T01:44:30.247954,99,11649,32.022224,35.845154,72.31,0,58-11649,10612,N/A
2025-11-23T01:44:30.247954,99,11547,32.00016,36.01502,0,0,58-11547,10622,N/A
2025-11-23T01:44:30.247954,99,37113,32.02191,35.843987,70,0,58-37113,10612,N/A
2025-11-23T01:44:30.247954,99,11718,31.94541,35.928734,0,0,58-11718,10635,N/A
2025-11-23T01:44:30.247954,99,49451,31.946053,35.92815,294.1,1,58-49451,10643,N/A
2025-11-23T01:44:30.247954,99,11670,32.00448,36.008205,0,1,58-11670,10636,N/A
2025-11-23T01:44:30.247954,99,11499,32.00014,36.015255,0,1,58-11499,10635,N/A
2025-11-23T01:44:30.247954,99,11526,32.0002,36.01552,0,1,58-11526,10622,N/A
2025-11-23T01:44:30.247954,99,73439,32.023087,35.848095,252.9,1,58-73439,10613,N/A
2025-11-23T01:44:30.247954,99,52827,31.94586,35.91979,285.5,1,58-52827,10643,N/A
2025-11-23T01:44:30.247954,99,11493,31.94533,35.928787,0,1,58-11493,10643,N/A
2025-11-23T01:44:30.247954,99,11496,32.00006,36.015587,192.2,1,58-11496,10642,N/A
2025-11-23T01:44:30.247954,100,50152,31.99949,36.013763,130.8,0,58-50152,10613,N/A
2025-11-23T01:44:30.247954,100,63240,32.001354,36.014027,197,0,58-63240,11649,N/A
2025-11-23T01:44:30.247954,100,98191,32.00009,36.015476,0,0,58-98191,10622,N/A
2025-11-23T01:44:30.247954,100,10975,31.999632,36.016132,197.68,0,58-10975,11649,N/A
2025-11-23T01:44:30.247954,100,48886,32.00026,36.015392,21.5,0,58-48886,11649,N/A
2025-11-23T01:44:30.247954,100,11523,32.000935,36.013863,197.6,0,58-11523,10612,N/A
2025-11-23T01:44:30.247954,100,11014,32.004826,36.014347,132.1,0,58-11014,10619,N/A
2025-11-23T01:44:30.247954,100,11724,32.000275,36.01534,0,0,58-11724,11648,N/A
2025-11-23T01:44:30.247954,100,40779,31.96065,35.95736,40.9,0,58-40779,11651,N/A
2025-11-23T01:44:30.247954,100,24926,31.999966,36.015114,232.1,0,58-24926,11653,N/A
2025-11-23T01:44:30.247954,100,50752,32.000263,36.01564,74.8,1,58-50752,11651,N/A
2025-11-23T01:44:30.247954,100,05961,32.000313,36.015438,31.1,1,58-95961,11653,N/A
2025-11-23T01:44:30.247954,100,16863,32.000065,36.01559,0,1,58-16863,11653,N/A
2025-11-23T01:44:30.247954,100,97599,31.992634,35.890064,309.89,1,58-97599,10622,N/A
2025-11-23T01:44:30.247954,100,10987,32.000244,36.01543,0,1,58-10987,11653,N/A
2025-11-23T01:44:30.247954,100,52302,31.964375,35.960926,34.79,1,58-52302,11653,N/A
2025-11-23T01:44:30.247954,100,21423,32.000317,36.01466,218.2,1,58-21423,11653,N/A
2025-11-23T01:44:30.247954,100,30732,32.004444,36.00834,359.4,1,58-30732,11651,N/A
2025-11-23T01:44:30.247954,100,95161,32.000343,36.014633,177.4,1,58-95161,11653,N/A
2025-11-23T01:44:30.247954,100,90702,32.021866,35.844257,43.9,1,58-90702,10613,N/A
2025-11-23T01:44:30.247954,100,10993,32.00027,36.014793,234.1,1,58-10993,11652,N/A
2025-11-23T01:44:30.247954,100,10981,31.999386,36.014343,0,1,58-10981,11653,N/A
2025-11-23T01:44:30.247954,100,11538,32.000355,36.014435,0,1,58-11538,11653,N/A
2025-11-23T01:44:30.247954,100,11520,32.000126,36.014256,298.39,1,58-11520,11653,N/A
2025-11-23T01:44:30.247954,100,93641,31.99996,36.015163,246.4,1,58-93641,11653,N/A
2025-11-23T01:44:30.247954,100,82779,31.963634,35.960278,36.1,1,58-82779,11653,N/A
2025-11-23T01:44:30.247954,100,10996,31.960546,35.956833,0,1,58-10996,11653,N/A
2025-11-23T01:44:30.247954,100,11544,31.961313,35.958122,0,1,58-11544,11653,N/A
2025-11-23T01:45:23.376936,99,22057,32.00033,36.01411,120.8,0,58-22057,10614,N/A
2025-11-23T01:45:23.376936,99,97202,32.000256,36.015682,11.6,0,58-97202,11671,N/A
2025-11-23T01:45:23.376936,99,32725,31.99941,36.014168,116.7,0,58-32725,10625,N/A
2025-11-23T01:45:23.376936,99,96335,31.94514,35.927013,105.5,0,58-96335,10641,N/A
2025-11-23T01:45:23.376936,99,72129,31.944706,35.928158,106.5,0,58-72129,10641,N/A
2025-11-23T01:45:23.376936,99,45556,32.020844,35.84248,286.7,0,58-45556,10612,N/A
2025-11-23T01:45:23.376936,99,11005,32.00024,36.015,0,0,58-11005,10625,N/A
2025-11-23T01:45:23.376936,99,28732,32.021492,35.842632,46.1,0,58-28732,10612,N/A
2025-11-23T01:45:23.376936,99,66163,32.02123,35.84215,346.2,0,58-66163,10612,N/A
2025-11-23T01:45:23.376936,99,56867,32.020847,35.842632,289.3,0,58-56867,10612,N/A
2025-11-23T01:45:23.376936,99,25354,31.944778,35.92804,106.1,0,58-25354,10641,N/A
2025-11-23T01:45:23.376936,99,11649,32.022224,35.845154,72.31,0,58-11649,10612,N/A
2025-11-23T01:45:23.376936,99,11547,32.00016,36.01502,0,0,58-11547,10622,N/A
2025-11-23T01:45:23.376936,99,37113,32.02158,35.842438,0,0,58-37113,10612,N/A
2025-11-23T01:45:23.376936,99,11718,31.94541,35.928734,0,0,58-11718,10635,N/A
2025-11-23T01:45:23.376936,99,49451,31.946053,35.92815,294.1,1,58-49451,10643,N/A
2025-11-23T01:45:23.376936,99,11670,32.00448,36.008205,0,1,58-11670,10636,N/A
2025-11-23T01:45:23.376936,99,11499,32.00014,36.015255,0,1,58-11499,10635,N/A
2025-11-23T01:45:23.376936,99,11526,32.0002,36.01552,0,1,58-11526,10622,N/A
2025-11-23T01:45:23.376936,99,73439,32.023087,35.848095,252.9,1,58-73439,10613,N/A
2025-11-23T01:45:23.376936,99,52827,31.94586,35.91979,285.5,1,58-52827,10643,N/A
2025-11-23T01:45:23.376936,99,11493,31.94533,35.928787,0,1,58-11493,10643,N/A
2025-11-23T01:45:23.376936,99,11496,32.00006,36.015587,192.2,1,58-11496,10642,N/A
2025-11-23T01:45:23.376936,100,50152,31.99949,36.013763,130.8,0,58-50152,10613,N/A
2025-11-23T01:45:23.376936,100,63240,32.001354,36.014027,197,0,58-63240,11649,N/A
2025-11-23T01:45:23.376936,100,98191,32.00009,36.015476,0,0,58-98191,10622,N/A
2025-11-23T01:45:23.376936,100,10975,31.999632,36.016132,197.68,0,58-10975,11649,N/A
2025-11-23T01:45:23.376936,100,48886,32.00026,36.015392,21.5,0,58-48886,11649,N/A
2025-11-23T01:45:23.376936,100,11523,32.000935,36.013863,197.6,0,58-11523,10612,N/A
2025-11-23T01:45:23.376936,100,11014,32.004826,36.014347,132.1,0,58-11014,10619,N/A
2025-11-23T01:45:23.376936,100,11724,32.000275,36.01534,0,0,58-11724,11648,N/A
2025-11-23T01:45:23.376936,100,40779,31.96065,35.95736,40.9,0,58-40779,11651,N/A
2025-11-23T01:45:23.376936,100,24926,31.999966,36.015114,232.1,0,58-24926,11653,N/A
2025-11-23T01:45:23.376936,100,50752,32.000263,36.01564,74.8,1,58-50752,11651,N/A
2025-11-23T01:45:23.376936,100,05961,32.000313,36.015438,31.1,1,58-95961,11653,N/A
2025-11-23T01:45:23.376936,100,16863,32.000065,36.01559,0,1,58-16863,11653,N/A
2025-11-23T01:45:23.376936,100,97599,31.992634,35.890064,309.89,1,58-97599,10622,N/A
2025-11-23T01:45:23.376936,100,10987,32.000244,36.01543,0,1,58-10987,11653,N/A
2025-11-23T01:45:23.376936,100,52302,31.964375,35.960926,34.79,1,58-52302,11653,N/A
2025-11-23T01:45:23.376936,100,21423,32.000317,36.01466,218.2,1,58-21423,11653,N/A
2025-11-23T01:45:23.376936,100,30732,32.004444,36.00834,359.4,1,58-30732,11651,N/A
2025-11-23T01:45:23.376936,100,95161,32.000343,36.014633,177.4,1,58-95161,11653,N/A
2025-11-23T01:45:23.376936,100,90702,32.021866,35.844257,43.9,1,58-90702,10613,N/A
2025-11-23T01:45:23.376936,100,10993,32.00027,36.014793,234.1,1,58-10993,11652,N/A
2025-11-23T01:45:23.376936,100,10981,31.999386,36.014343,0,1,58-10981,11653,N/A
2025-11-23T01:45:23.376936,100,11538,32.000355,36.014435,0,1,58-11538,11653,N/A
2025-11-23T01:45:23.376936,100,11520,32.000126,36.014256,298.39,1,58-11520,11653,N/A
2025-11-23T01:45:23.376936,100,93641,31.99996,36.015163,246.4,1,58-93641,11653,N/A
2025-11-23T01:45:23.376936,100,82779,31.963634,35.960278,36.1,1,58-82779,11653,N/A
2025-11-23T01:45:23.376936,100,10996,31.960546,35.956833,0,1,58-10996,11653,N/A
2025-11-23T01:45:23.376936,100,11544,31.961313,35.958122,0,1,58-11544,11653,N/A
2025-11-23T01:46:10.224449,99,22057,32.00033,36.01411,120.8,0,58-22057,11675,N/A
2025-11-23T01:46:10.224449,99,97202,32.000256,36.015682,11.6,0,58-97202,11671,N/A
2025-11-23T01:46:10.224449,99,32725,31.99941,36.014168,116.7,0,58-32725,10625,N/A
2025-11-23T01:46:10.224449,99,96335,31.94514,35.927013,105.5,0,58-96335,10641,N/A
2025-11-23T01:46:10.224449,99,72129,31.944706,35.928158,106.5,0,58-72129,10641,N/A
2025-11-23T01:46:10.224449,99,45556,32.020844,35.84248,286.7,0,58-45556,10612,N/A
2025-11-23T01:46:10.224449,99,11005,32.00024,36.015,0,0,58-11005,10625,N/A
2025-11-23T01:46:10.224449,99,28732,32.021748,35.842438,58.6,0,58-28732,10612,N/A
2025-11-23T01:46:10.224449,99,66163,32.02123,35.84215,346.2,0,58-66163,10612,N/A
2025-11-23T01:46:10.224449,99,56867,32.020847,35.842632,289.3,0,58-56867,10612,N/A
2025-11-23T01:46:10.224449,99,25354,31.944778,35.92804,106.1,0,58-25354,10641,N/A
2025-11-23T01:46:10.224449,99,11649,32.022224,35.845154,72.31,0,58-11649,10612,N/A
2025-11-23T01:46:10.224449,99,11547,32.00016,36.01502,0,0,58-11547,10622,N/A
2025-11-23T01:46:10.224449,99,37113,32.02191,35.843987,70,0,58-37113,10612,N/A
2025-11-23T01:46:10.224449,99,11718,31.94541,35.928734,0,0,58-11718,10635,N/A
2025-11-23T01:46:10.224449,99,49451,31.946053,35.92815,294.1,1,58-49451,10643,N/A
2025-11-23T01:46:10.224449,99,11670,32.00448,36.008205,0,1,58-11670,10636,N/A
2025-11-23T01:46:10.224449,99,11499,32.00014,36.015255,0,1,58-11499,10635,N/A
2025-11-23T01:46:10.224449,99,11526,32.0002,36.01552,0,1,58-11526,10622,N/A
2025-11-23T01:46:10.224449,99,73439,32.023087,35.848095,252.9,1,58-73439,10613,N/A
2025-11-23T01:46:10.224449,99,52827,31.94586,35.91979,285.5,1,58-52827,10643,N/A
2025-11-23T01:46:10.224449,99,11493,31.94533,35.928787,0,1,58-11493,10643,N/A
2025-11-23T01:46:10.224449,99,11496,32.00006,36.015587,192.2,1,58-11496,10642,N/A
2025-11-23T01:46:10.224449,100,50152,31.99949,36.013763,130.8,0,58-50152,10613,N/A
2025-11-23T01:46:10.224449,100,63240,32.001354,36.014027,197,0,58-63240,11649,N/A
2025-11-23T01:46:10.224449,100,98191,32.00009,36.015476,0,0,58-98191,10622,N/A
2025-11-23T01:46:10.224449,100,10975,31.999632,36.016132,197.68,0,58-10975,11649,N/A
2025-11-23T01:46:10.224449,100,48886,32.00026,36.015392,21.5,0,58-48886,11649,N/A
2025-11-23T01:46:10.224449,100,11523,32.000935,36.013863,197.6,0,58-11523,10612,N/A
2025-11-23T01:46:10.224449,100,11014,32.004826,36.014347,132.1,0,58-11014,10619,N/A
2025-11-23T01:46:10.224449,100,11724,32.000275,36.01534,0,0,58-11724,11648,N/A
2025-11-23T01:46:10.224449,100,40779,31.96065,35.95736,40.9,0,58-40779,11651,N/A
2025-11-23T01:46:10.224449,100,24926,31.999966,36.015114,232.1,0,58-24926,11653,N/A
2025-11-23T01:46:10.224449,100,50752,32.000263,36.01564,74.8,1,58-50752,11651,N/A
2025-11-23T01:46:10.224449,100,05961,32.000313,36.015438,31.1,1,58-95961,11653,N/A
2025-11-23T01:46:10.224449,100,16863,32.000065,36.01559,0,1,58-16863,11653,N/A
2025-11-23T01:46:10.224449,100,97599,31.992634,35.890064,309.89,1,58-97599,10622,N/A
2025-11-23T01:46:10.224449,100,10987,32.000244,36.01543,0,1,58-10987,11653,N/A
2025-11-23T01:46:10.224449,100,52302,31.964375,35.960926,34.79,1,58-52302,11653,N/A
2025-11-23T01:46:10.224449,100,21423,32.000317,36.01466,218.2,1,58-21423,11653,N/A
2025-11-23T01:46:10.224449,100,30732,32.004444,36.00834,359.4,1,58-30732,11651,N/A
2025-11-23T01:46:10.224449,100,95161,32.000343,36.014633,177.4,1,58-95161,11653,N/A
2025-11-23T01:46:10.224449,100,90702,32.021866,35.844257,43.9,1,58-90702,10613,N/A
2025-11-23T01:46:10.224449,100,10993,32.00027,36.014793,234.1,1,58-10993,11652,N/A
2025-11-23T01:46:10.224449,100,10981,31.999386,36.014343,0,1,58-10981,11653,N/A
2025-11-23T01:46:10.224449,100,11538,32.000355,36.014435,0,1,58-11538,11653,N/A
2025-11-23T01:46:10.224449,100,11520,32.000126,36.014256,298.39,1,58-11520,11653,N/A
2025-11-23T01:46:10.224449,100,93641,31.99996,36.015163,246.4,1,58-93641,11653,N/A
2025-11-23T01:46:10.224449,100,82779,31.963634,35.960278,36.1,1,58-82779,11653,N/A
2025-11-23T01:46:10.224449,100,10996,31.960546,35.956833,0,1,58-10996,11653,N/A
2025-11-23T01:46:10.224449,100,11544,31.961313,35.958122,0,1,58-11544,11653,N/A
2025-11-23T01:46:55.047052,99,22057,32.00033,36.01411,120.8,0,58-22057,10614,N/A
2025-11-23T01:46:55.047052,99,97202,32.000256,36.015682,11.6,0,58-97202,11671,N/A
2025-11-23T01:46:55.047052,99,32725,31.99941,36.014168,116.7,0,58-32725,10625,N/A
2025-11-23T01:46:55.047052,99,96335,31.94514,35.927013,105.5,0,58-96335,10641,N/A
2025-11-23T01:46:55.047052,99,72129,31.944706,35.928158,106.5,0,58-72129,10641,N/A
2025-11-23T01:46:55.047052,99,45556,32.020844,35.84248,286.7,0,58-45556,10612,N/A
2025-11-23T01:46:55.047052,99,11005,32.00024,36.015,0,0,58-11005,10625,N/A
2025-11-23T01:46:55.047052,99,28732,32.021492,35.842632,46.1,0,58-28732,10612,N/A
2025-11-23T01:46:55.047052,99,66163,32.02123,35.84215,346.2,0,58-66163,10612,N/A
2025-11-23T01:46:55.047052,99,56867,32.020847,35.842632,289.3,0,58-56867,10612,N/A
2025-11-23T01:46:55.047052,99,25354,31.944778,35.92804,106.1,0,58-25354,10641,N/A
2025-11-23T01:46:55.047052,99,11649,32.022224,35.845154,72.31,0,58-11649,10612,N/A
2025-11-23T01:46:55.047052,99,11547,32.00016,36.01502,0,0,58-11547,10622,N/A
2025-11-23T01:46:55.047052,99,37113,32.02158,35.842438,0,0,58-37113,10612,N/A
2025-11-23T01:46:55.047052,99,11718,31.94541,35.928734,0,0,58-11718,10635,N/A
2025-11-23T01:46:55.047052,99,49451,31.946053,35.92815,294.1,1,58-49451,10643,N/A
2025-11-23T01:46:55.047052,99,11670,32.00448,36.008205,0,1,58-11670,10636,N/A
2025-11-23T01:46:55.047052,99,11499,32.00014,36.015255,0,1,58-11499,10635,N/A
2025-11-23T01:46:55.047052,99,11526,32.0002,36.01552,0,1,58-11526,10622,N/A
2025-11-23T01:46:55.047052,99,73439,32.023087,35.848095,252.9,1,58-73439,10613,N/A
2025-11-23T01:46:55.047052,99,52827,31.94586,35.91979,285.5,1,58-52827,10643,N/A
2025-11-23T01:46:55.047052,99,11493,31.94533,35.928787,0,1,58-11493,10643,N/A
2025-11-23T01:46:55.047052,99,11496,32.00006,36.015587,192.2,1,58-11496,10642,N/A
2025-11-23T01:46:55.047052,100,50152,31.99949,36.013763,130.8,0,58-50152,10613,N/A
2025-11-23T01:46:55.047052,100,63240,32.001354,36.014027,197,0,58-63240,11649,N/A
2025-11-23T01:46:55.047052,100,98191,32.00009,36.015476,0,0,58-98191,10622,N/A
2025-11-23T01:46:55.047052,100,10975,31.999632,36.016132,197.68,0,58-10975,11649,N/A
2025-11-23T01:46:55.047052,100,48886,32.00026,36.015392,21.5,0,58-48886,11649,N/A
2025-11-23T01:46:55.047052,100,11523,32.000935,36.013863,197.6,0,58-11523,10612,N/A
2025-11-23T01:46:55.047052,100,11014,32.004826,36.014347,132.1,0,58-11014,10619,N/A
2025-11-23T01:46:55.047052,100,11724,32.000275,36.01534,0,0,58-11724,11648,N/A
2025-11-23T01:46:55.047052,100,40779,31.96065,35.95736,40.9,0,58-40779,11651,N/A
2025-11-23T01:46:55.047052,100,24926,31.999966,36.015114,232.1,0,58-24926,11653,N/A
2025-11-23T01:46:55.047052,100,50752,32.000263,36.01564,74.8,1,58-50752,11651,N/A
2025-11-23T01:46:55.047052,100,05961,32.000313,36.015438,31.1,1,58-95961,11653,N/A
2025-11-23T01:46:55.047052,100,16863,32.000065,36.01559,0,1,58-16863,11653,N/A
2025-11-23T01:46:55.047052,100,97599,31.992634,35.890064,309.89,1,58-97599,10622,N/A
2025-11-23T01:46:55.047052,100,10987,32.000244,36.01543,0,1,58-10987,11653,N/A
2025-11-23T01:46:55.047052,100,52302,31.964375,35.960926,34.79,1,58-52302,11653,N/A
2025-11-23T01:46:55.047052,100,21423,32.000317,36.01466,218.2,1,58-21423,11653,N/A
2025-11-23T01:46:55.047052,100,30732,32.004444,36.00834,359.4,1,58-30732,11651,N/A
2025-11-23T01:46:55.047052,100,95161,32.000343,36.014633,177.4,1,58-95161,11653,N/A
2025-11-23T01:46:55.047052,100,90702,32.021866,35.844257,43.9,1,58-90702,10613,N/A
2025-11-23T01:46:55.047052,100,10993,32.00027,36.014793,234.1,1,58-10993,11652,N/A
2025-11-23T01:46:55.047052,100,10981,31.999386,36.014343,0,1,58-10981,11653,N/A
2025-11-23T01:46:55.047052,100,11538,32.000355,36.014435,0,1,58-11538,11653,N/A
2025-11-23T01:46:55.047052,100,11520,32.000126,36.014256,298.39,1,58-11520,11653,N/A
2025-11-23T01:46:55.047052,100,93641,31.99996,36.015163,246.4,1,58-93641,11653,N/A
2025-11-23T01:46:55.047052,100,82779,31.963634,35.960278,36.1,1,58-82779,11653,N/A
2025-11-23T01:46:55.047052,100,10996,31.960546,35.956833,0,1,58-10996,11653,N/A
2025-11-23T01:46:55.047052,100,11544,31.961313,35.958122,0,1,58-11544,11653,N/A
2025-11-23T01:47:40.627428,99,22057,32.00033,36.01411,120.8,0,58-22057,10614,N/A
2025-11-23T01:47:40.627428,99,97202,32.000256,36.015682,11.6,0,58-97202,11671,N/A
2025-11-23T01:47:40.627428,99,32725,31.99941,36.014168,116.7,0,58-32725,10625,N/A
2025-11-23T01:47:40.627428,99,96335,31.94514,35.927013,105.5,0,58-96335,10641,N/A
2025-11-23T01:47:40.627428,99,72129,31.944706,35.928158,106.5,0,58-72129,10641,N/A
2025-11-23T01:47:40.627428,99,45556,32.020844,35.84248,286.7,0,58-45556,10612,N/A
2025-11-23T01:47:40.627428,99,11005,32.00024,36.015,0,0,58-11005,10625,N/A
2025-11-23T01:47:40.627428,99,28732,32.021492,35.842632,46.1,0,58-28732,10612,N/A
2025-11-23T01:47:40.627428,99,66163,32.02123,35.84215,346.2,0,58-66163,10612,N/A
2025-11-23T01:47:40.627428,99,56867,32.020847,35.842632,289.3,0,58-56867,10612,N/A
2025-11-23T01:47:40.627428,99,25354,31.944778,35.92804,106.1,0,58-25354,10641,N/A
2025-11-23T01:47:40.627428,99,11649,32.022224,35.845154,72.31,0,58-11649,10612,N/A
2025-11-23T01:47:40.627428,99,11547,32.00016,36.01502,0,0,58-11547,10622,N/A
2025-11-23T01:47:40.627428,99,37113,32.02158,35.842438,0,0,58-37113,10612,N/A
2025-11-23T01:47:40.627428,99,11718,31.94541,35.928734,0,0,58-11718,10635,N/A
2025-11-23T01:47:40.627428,99,49451,31.946053,35.92815,294.1,1,58-49451,10643,N/A
2025-11-23T01:47:40.627428,99,11670,32.00448,36.008205,0,1,58-11670,10636,N/A
2025-11-23T01:47:40.627428,99,11499,32.00014,36.015255,0,1,58-11499,10635,N/A
2025-11-23T01:47:40.627428,99,11526,32.0002,36.01552,0,1,58-11526,10622,N/A
2025-11-23T01:47:40.627428,99,73439,32.023087,35.848095,252.9,1,58-73439,10613,N/A
2025-11-23T01:47:40.627428,99,52827,31.94586,35.91979,285.5,1,58-52827,10643,N/A
2025-11-23T01:47:40.627428,99,11493,31.94533,35.928787,0,1,58-11493,10643,N/A
2025-11-23T01:47:40.627428,99,11496,32.00006,36.015587,192.2,1,58-11496,10642,N/A
2025-11-23T01:47:40.627428,100,50152,31.99949,36.013763,130.8,0,58-50152,10613,N/A
2025-11-23T01:47:40.627428,100,63240,32.001354,36.014027,197,0,58-63240,11649,N/A
2025-11-23T01:47:40.627428,100,98191,32.00009,36.015476,0,0,58-98191,10622,N/A
2025-11-23T01:47:40.627428,100,10975,31.999632,36.016132,197.68,0,58-10975,11649,N/A
2025-11-23T01:47:40.627428,100,48886,32.00026,36.015392,21.5,0,58-48886,11649,N/A
2025-11-23T01:47:40.627428,100,11523,32.000935,36.013863,197.6,0,58-11523,10612,N/A
2025-11-23T01:47:40.627428,100,11014,32.004826,36.014347,132.1,0,58-11014,10619,N/A
2025-11-23T01:47:40.627428,100,11724,32.000275,36.01534,0,0,58-11724,11648,N/A
2025-11-23T01:47:40.627428,100,40779,31.96065,35.95736,40.9,0,58-40779,11651,N/A
2025-11-23T01:47:40.627428,100,24926,31.999966,36.015114,232.1,0,58-24926,11653,N/A
2025-11-23T01:47:40.627428,100,50752,32.000263,36.01564,74.8,1,58-50752,11651,N/A
2025-11-23T01:47:40.627428,100,05961,32.000313,36.015438,31.1,1,58-95961,11653,N/A
2025-11-23T01:47:40.627428,100,16863,32.000065,36.01559,0,1,58-16863,11653,N/A
2025-11-23T01:47:40.627428,100,97599,31.992634,35.890064,309.89,1,58-97599,10622,N/A
2025-11-23T01:47:40.627428,100,10987,32.000244,36.01543,0,1,58-10987,11653,N/A
2025-11-23T01:47:40.627428,100,52302,31.964375,35.960926,34.79,1,58-52302,11653,N/A
2025-11-23T01:47:40.627428,100,21423,32.000317,36.01466,218.2,1,58-21423,11653,N/A
2025-11-23T01:47:40.627428,100,30732,32.004444,36.00834,359.4,1,58-30732,11651,N/A
2025-11-23T01:47:40.627428,100,95161,32.000343,36.014633,177.4,1,58-95161,11653,N/A
2025-11-23T01:47:40.627428,100,90702,32.021866,35.844257,43.9,1,58-90702,10613,N/A
2025-11-23T01:47:40.627428,100,10993,32.00027,36.014793,234.1,1,58-10993,11652,N/A
2025-11-23T01:47:40.627428,100,10981,31.999386,36.014343,0,1,58-10981,11653,N/A
2025-11-23T01:47:40.627428,100,11538,32.000355,36.014435,0,1,58-11538,11653,N/A
2025-11-23T01:47:40.627428,100,11520,32.000126,36.014256,298.39,1,58-11520,11653,N/A
2025-11-23T01:47:40.627428,100,93641,31.99996,36.015163,246.4,1,58-93641,11653,N/A
2025-11-23T01:47:40.627428,100,82779,31.963634,35.960278,36.1,1,58-82779,11653,N/A
2025-11-23T01:47:40.627428,100,10996,31.960546,35.956833,0,1,58-10996,11653,N/A
2025-11-23T01:47:40.627428,100,11544,31.961313,35.958122,0,1,58-11544,11653,N/A
2025-11-23T01:48:34.661705,99,22057,32.00033,36.01411,120.8,0,58-22057,10614,N/A
2025-11-23T01:48:34.661705,99,97202,32.000256,36.015682,11.6,0,58-97202,11671,N/A
2025-11-23T01:48:34.661705,99,32725,31.99941,36.014168,116.7,0,58-32725,10625,N/A
2025-11-23T01:48:34.661705,99,96335,31.94514,35.927013,105.5,0,58-96335,10641,N/A
2025-11-23T01:48:34.661705,99,72129,31.944706,35.928158,106.5,0,58-72129,10641,N/A
2025-11-23T01:48:34.661705,99,45556,32.020844,35.84248,286.7,0,58-45556,10612,N/A
2025-11-23T01:48:34.661705,99,11005,32.00024,36.015,0,0,58-11005,10625,N/A
2025-11-23T01:48:34.661705,99,28732,32.021492,35.842632,46.1,0,58-28732,10612,N/A
2025-11-23T01:48:34.661705,99,66163,32.02123,35.84215,346.2,0,58-66163,10612,N/A
2025-11-23T01:48:34.661705,99,56867,32.020847,35.842632,289.3,0,58-56867,10612,N/A
2025-11-23T01:48:34.661705,99,25354,31.944778,35.92804,106.1,0,58-25354,10641,N/A
2025-11-23T01:48:34.661705,99,11649,32.022224,35.845154,72.31,0,58-11649,10612,N/A
2025-11-23T01:48:34.661705,99,11547,32.00016,36.01502,0,0,58-11547,10622,N/A
2025-11-23T01:48:34.661705,99,37113,32.02158,35.842438,0,0,58-37113,10612,N/A
2025-11-23T01:48:34.661705,99,11718,31.94541,35.928734,0,0,58-11718,10635,N/A
2025-11-23T01:48:34.661705,99,49451,31.946053,35.92815,294.1,1,58-49451,10643,N/A
2025-11-23T01:48:34.661705,99,11670,32.00448,36.008205,0,1,58-11670,10636,N/A
2025-11-23T01:48:34.661705,99,11499,32.00014,36.015255,0,1,58-11499,10635,N/A
2025-11-23T01:48:34.661705,99,11526,32.0002,36.01552,0,1,58-11526,10622,N/A
2025-11-23T01:48:34.661705,99,73439,32.023087,35.848095,252.9,1,58-73439,10613,N/A
2025-11-23T01:48:34.661705,99,52827,31.94586,35.91979,285.5,1,58-52827,10643,N/A
2025-11-23T01:48:34.661705,99,11493,31.94533,35.928787,0,1,58-11493,10643,N/A
2025-11-23T01:48:34.661705,99,11496,32.00006,36.015587,192.2,1,58-11496,10642,N/A
2025-11-23T01:48:34.661705,100,50152,31.99949,36.013763,130.8,0,58-50152,10613,N/A
2025-11-23T01:48:34.661705,100,63240,32.001354,36.014027,197,0,58-63240,11649,N/A
2025-11-23T01:48:34.661705,100,98191,32.000126,36.015465,190.8,0,58-98191,10622,N/A
2025-11-23T01:48:34.661705,100,10975,31.999632,36.016132,197.68,0,58-10975,11649,N/A
2025-11-23T01:48:34.661705,100,48886,32.00026,36.015392,21.5,0,58-48886,11649,N/A
2025-11-23T01:48:34.661705,100,11523,32.000935,36.013863,197.6,0,58-11523,10612,N/A
2025-11-23T01:48:34.661705,100,11014,32.004826,36.014347,132.1,0,58-11014,10623,N/A
2025-11-23T01:48:34.661705,100,11724,32.000275,36.01534,0,0,58-11724,11648,N/A
2025-11-23T01:48:34.661705,100,40779,31.96065,35.95736,40.9,0,58-40779,11651,N/A
2025-11-23T01:48:34.661705,100,24926,31.999966,36.015114,232.1,0,58-24926,11653,N/A
2025-11-23T01:48:34.661705,100,50752,32.000263,36.01564,74.8,1,58-50752,11653,N/A
2025-11-23T01:48:34.661705,100,05961,32.000313,36.015438,31.1,1,58-95961,11653,N/A
2025-11-23T01:48:34.661705,100,16863,32.000065,36.01559,0,1,58-16863,11653,N/A
2025-11-23T01:48:34.661705,100,97599,31.992634,35.890064,309.89,1,58-97599,10622,N/A
2025-11-23T01:48:34.661705,100,10987,32.000244,36.01543,0,1,58-10987,11653,N/A
2025-11-23T01:48:34.661705,100,52302,31.964375,35.960926,34.79,1,58-52302,11653,N/A
2025-11-23T01:48:34.661705,100,21423,32.000317,36.01466,218.2,1,58-21423,11653,N/A
2025-11-23T01:48:34.661705,100,30732,32.004444,36.00834,359.4,1,58-30732,11653,N/A
2025-11-23T01:48:34.661705,100,95161,32.000343,36.014633,177.4,1,58-95161,11653,N/A
2025-11-23T01:48:34.661705,100,90702,32.021866,35.844257,43.9,1,58-90702,10613,N/A
2025-11-23T01:48:34.661705,100,10993,32.00027,36.014793,234.1,1,58-10993,11653,N/A
2025-11-23T01:48:34.661705,100,10981,31.999386,36.014343,0,1,58-10981,11651,N/A
2025-11-23T01:48:34.661705,100,11538,32.000355,36.014435,0,1,58-11538,11652,N/A
2025-11-23T01:48:34.661705,100,11520,32.000126,36.014256,298.39,1,58-11520,11653,N/A
2025-11-23T01:48:34.661705,100,93641,31.99996,36.015163,246.4,1,58-93641,11653,N/A
2025-11-23T01:48:34.661705,100,82779,31.963634,35.960278,36.1,1,58-82779,11653,N/A
2025-11-23T01:48:34.661705,100,10996,31.960546,35.956833,0,1,58-10996,11653,N/A
2025-11-23T01:48:34.661705,100,11544,31.961313,35.958122,0,1,58-11544,11653,N/A
2025-11-23T01:49:32.270032,99,22057,32.00033,36.01411,120.8,0,58-22057,10614,N/A
2025-11-23T01:49:32.270032,99,97202,32.000256,36.015682,11.6,0,58-97202,11671,N/A
2025-11-23T01:49:32.270032,99,32725,31.99941,36.014168,116.7,0,58-32725,10625,N/A
2025-11-23T01:49:32.270032,99,96335,31.94514,35.927013,105.5,0,58-96335,10641,N/A
2025-11-23T01:49:32.270032,99,72129,31.944706,35.928158,106.5,0,58-72129,10641,N/A
2025-11-23T01:49:32.270032,99,45556,32.020844,35.84248,286.7,0,58-45556,10612,N/A
2025-11-23T01:49:32.270032,99,11005,32.00024,36.015,0,0,58-11005,10625,N/A
2025-11-23T01:49:32.270032,99,28732,32.021492,35.842632,46.1,0,58-28732,10612,N/A
2025-11-23T01:49:32.270032,99,66163,32.02123,35.84215,346.2,0,58-66163,10612,N/A
2025-11-23T01:49:32.270032,99,56867,32.020847,35.842632,289.3,0,58-56867,10612,N/A
2025-11-23T01:49:32.270032,99,25354,31.944778,35.92804,106.1,0,58-25354,10641,N/A
2025-11-23T01:49:32.270032,99,11649,32.022224,35.845154,72.31,0,58-11649,10612,N/A
2025-11-23T01:49:32.270032,99,11547,32.00016,36.01502,0,0,58-11547,10622,N/A
2025-11-23T01:49:32.270032,99,37113,32.02158,35.842438,0,0,58-37113,10612,N/A
2025-11-23T01:49:32.270032,99,11718,31.94541,35.928734,0,0,58-11718,10635,N/A
2025-11-23T01:49:32.270032,99,49451,31.946053,35.92815,294.1,1,58-49451,10643,N/A
2025-11-23T01:49:32.270032,99,11670,32.00448,36.008205,0,1,58-11670,10636,N/A
2025-11-23T01:49:32.270032,99,11499,32.00014,36.015255,0,1,58-11499,10635,N/A
2025-11-23T01:49:32.270032,99,11526,32.0002,36.01552,0,1,58-11526,10622,N/A
2025-11-23T01:49:32.270032,99,73439,32.023087,35.848095,252.9,1,58-73439,10613,N/A
2025-11-23T01:49:32.270032,99,52827,31.94586,35.91979,285.5,1,58-52827,10643,N/A
2025-11-23T01:49:32.270032,99,11493,31.94533,35.928787,0,1,58-11493,10643,N/A
2025-11-23T01:49:32.270032,99,11496,32.00006,36.015587,192.2,1,58-11496,10642,N/A
2025-11-23T01:49:32.270032,100,50152,31.99949,36.013763,130.8,0,58-50152,10613,N/A
2025-11-23T01:49:32.270032,100,63240,32.001354,36.014027,197,0,58-63240,11649,N/A
2025-11-23T01:49:32.270032,100,98191,32.00009,36.015476,0,0,58-98191,10622,N/A
2025-11-23T01:49:32.270032,100,10975,31.999632,36.016132,197.68,0,58-10975,11649,N/A
2025-11-23T01:49:32.270032,100,48886,32.00026,36.015392,21.5,0,58-48886,11649,N/A
2025-11-23T01:49:32.270032,100,11523,32.000935,36.013863,197.6,0,58-11523,10612,N/A
2025-11-23T01:49:32.270032,100,11014,32.004826,36.014347,132.1,0,58-11014,10619,N/A
2025-11-23T01:49:32.270032,100,11724,32.000275,36.01534,0,0,58-11724,11648,N/A
2025-11-23T01:49:32.270032,100,40779,31.96065,35.95736,40.9,0,58-40779,11651,N/A
2025-11-23T01:49:32.270032,100,24926,31.999966,36.015114,232.1,0,58-24926,11653,N/A
2025-11-23T01:49:32.270032,100,50752,32.000263,36.01564,74.8,1,58-50752,11651,N/A
2025-11-23T01:49:32.270032,100,05961,32.000313,36.015438,31.1,1,58-95961,11653,N/A
2025-11-23T01:49:32.270032,100,16863,32.000065,36.01559,0,1,58-16863,11653,N/A
2025-11-23T01:49:32.270032,100,97599,31.992634,35.890064,309.89,1,58-97599,10622,N/A
2025-11-23T01:49:32.270032,100,10987,32.000244,36.01543,0,1,58-10987,11653,N/A
2025-11-23T01:49:32.270032,100,52302,31.964375,35.960926,34.79,1,58-52302,11653,N/A
2025-11-23T01:49:32.270032,100,21423,32.000317,36.01466,218.2,1,58-21423,11653,N/A
2025-11-23T01:49:32.270032,100,30732,32.004444,36.00834,359.4,1,58-30732,11651,N/A
2025-11-23T01:49:32.270032,100,95161,32.000343,36.014633,177.4,1,58-95161,11653,N/A
2025-11-23T01:49:32.270032,100,90702,32.021866,35.844257,43.9,1,58-90702,10613,N/A
2025-11-23T01:49:32.270032,100,10993,32.00027,36.014793,234.1,1,58-10993,11652,N/A
2025-11-23T01:49:32.270032,100,10981,31.999386,36.014343,0,1,58-10981,11653,N/A
2025-11-23T01:49:32.270032,100,11538,32.000355,36.014435,0,1,58-11538,11653,N/A
2025-11-23T01:49:32.270032,100,11520,32.000126,36.014256,298.39,1,58-11520,11653,N/A
2025-11-23T01:49:32.270032,100,93641,31.99996,36.015163,246.4,1,58-93641,11653,N/A
2025-11-23T01:49:32.270032,100,82779,31.963634,35.960278,36.1,1,58-82779,11653,N/A
2025-11-23T01:49:32.270032,100,10996,31.960546,35.956833,0,1,58-10996,11653,N/A
2025-11-23T01:49:32.270032,100,11544,31.961313,35.958122,0,1,58-11544,11653,N/A
2025-11-23T01:50:15.919081,99,22057,32.00033,36.01411,120.8,0,58-22057,11675,N/A
2025-11-23T01:50:15.919081,99,97202,32.000256,36.015682,11.6,0,58-97202,11671,N/A
2025-11-23T01:50:15.919081,99,32725,31.99941,36.014168,116.7,0,58-32725,10625,N/A
2025-11-23T01:50:15.919081,99,96335,31.94514,35.927013,105.5,0,58-96335,10641,N/A
2025-11-23T01:50:15.919081,99,72129,31.944706,35.928158,106.5,0,58-72129,10641,N/A
2025-11-23T01:50:15.919081,99,45556,32.020844,35.84248,286.7,0,58-45556,10612,N/A
2025-11-23T01:50:15.919081,99,11005,32.00024,36.015,0,0,58-11005,10625,N/A
2025-11-23T01:50:15.919081,99,28732,32.021748,35.842438,58.6,0,58-28732,10612,N/A
2025-11-23T01:50:15.919081,99,66163,32.02123,35.84215,346.2,0,58-66163,10612,N/A
2025-11-23T01:50:15.919081,99,56867,32.020847,35.842632,289.3,0,58-56867,10612,N/A
2025-11-23T01:50:15.919081,99,25354,31.944778,35.92804,106.1,0,58-25354,10641,N/A
2025-11-23T01:50:15.919081,99,11649,32.022224,35.845154,72.31,0,58-11649,10612,N/A
2025-11-23T01:50:15.919081,99,11547,32.00016,36.01502,0,0,58-11547,10622,N/A
2025-11-23T01:50:15.919081,99,37113,32.02191,35.843987,70,0,58-37113,10612,N/A
2025-11-23T01:50:15.919081,99,11718,31.94541,35.928734,0,0,58-11718,10635,N/A
2025-11-23T01:50:15.919081,99,49451,31.946053,35.92815,294.1,1,58-49451,10643,N/A
2025-11-23T01:50:15.919081,99,11670,32.00448,36.008205,0,1,58-11670,10636,N/A
2025-11-23T01:50:15.919081,99,11499,32.00014,36.015255,0,1,58-11499,10635,N/A
2025-11-23T01:50:15.919081,99,11526,32.0002,36.01552,0,1,58-11526,10622,N/A
2025-11-23T01:50:15.919081,99,73439,32.023087,35.848095,252.9,1,58-73439,10613,N/A
2025-11-23T01:50:15.919081,99,52827,31.94586,35.91979,285.5,1,58-52827,10643,N/A
2025-11-23T01:50:15.919081,99,11493,31.94533,35.928787,0,1,58-11493,10643,N/A
2025-11-23T01:50:15.919081,99,11496,32.00006,36.015587,192.2,1,58-11496,10642,N/A
2025-11-23T01:50:15.919081,100,50152,31.99949,36.013763,130.8,0,58-50152,10613,N/A
2025-11-23T01:50:15.919081,100,63240,32.001354,36.014027,197,0,58-63240,11649,N/A
2025-11-23T01:50:15.919081,100,98191,32.00009,36.015476,0,0,58-98191,10622,N/A
2025-11-23T01:50:15.919081,100,10975,31.999632,36.016132,197.68,0,58-10975,11649,N/A
2025-11-23T01:50:15.919081,100,48886,32.00026,36.015392,21.5,0,58-48886,11649,N/A
2025-11-23T01:50:15.919081,100,11523,32.000935,36.013863,197.6,0,58-11523,10612,N/A
2025-11-23T01:50:15.919081,100,11014,32.004826,36.014347,132.1,0,58-11014,10619,N/A
2025-11-23T01:50:15.919081,100,11724,32.000275,36.01534,0,0,58-11724,11648,N/A
2025-11-23T01:50:15.919081,100,40779,31.96065,35.95736,40.9,0,58-40779,11651,N/A
2025-11-23T01:50:15.919081,100,24926,31.999966,36.015114,232.1,0,58-24926,11653,N/A
2025-11-23T01:50:15.919081,100,50752,32.000263,36.01564,74.8,1,58-50752,11651,N/A
2025-11-23T01:50:15.919081,100,05961,32.000313,36.015438,31.1,1,58-95961,11653,N/A
2025-11-23T01:50:15.919081,100,16863,32.000065,36.01559,0,1,58-16863,11653,N/A
2025-11-23T01:50:15.919081,100,97599,31.992634,35.890064,309.89,1,58-97599,10622,N/A
2025-11-23T01:50:15.919081,100,10987,32.000244,36.01543,0,1,58-10987,11653,N/A
2025-11-23T01:50:15.919081,100,52302,31.964375,35.960926,34.79,1,58-52302,11653,N/A
2025-11-23T01:50:15.919081,100,21423,32.000317,36.01466,218.2,1,58-21423,11653,N/A
2025-11-23T01:50:15.919081,100,30732,32.004444,36.00834,359.4,1,58-30732,11651,N/A
2025-11-23T01:50:15.919081,100,95161,32.000343,36.014633,177.4,1,58-95161,11653,N/A
2025-11-23T01:50:15.919081,100,90702,32.021866,35.844257,43.9,1,58-90702,10613,N/A
2025-11-23T01:50:15.919081,100,10993,32.00027,36.014793,234.1,1,58-10993,11652,N/A
2025-11-23T01:50:15.919081,100,10981,31.999386,36.014343,0,1,58-10981,11653,N/A
2025-11-23T01:50:15.919081,100,11538,32.000355,36.014435,0,1,58-11538,11653,N/A
2025-11-23T01:50:15.919081,100,11520,32.000126,36.014256,298.39,1,58-11520,11653,N/A
2025-11-23T01:50:15.919081,100,93641,31.99996,36.015163,246.4,1,58-93641,11653,N/A
2025-11-23T01:50:15.919081,100,82779,31.963634,35.960278,36.1,1,58-82779,11653,N/A
2025-11-23T01:50:15.919081,100,10996,31.960546,35.956833,0,1,58-10996,11653,N/A
2025-11-23T01:50:15.919081,100,11544,31.961313,35.958122,0,1,58-11544,11653,N/A
2025-11-23T01:51:03.193797,99,22057,32.00033,36.01411,120.8,0,58-22057,10614,N/A
2025-11-23T01:51:03.193797,99,97202,32.000256,36.015682,11.6,0,58-97202,11671,N/A
2025-11-23T01:51:03.193797,99,32725,31.99941,36.014168,116.7,0,58-32725,10625,N/A
2025-11-23T01:51:03.193797,99,96335,31.94514,35.927013,105.5,0,58-96335,10641,N/A
2025-11-23T01:51:03.193797,99,72129,31.944706,35.928158,106.5,0,58-72129,10641,N/A
2025-11-23T01:51:03.193797,99,45556,32.020844,35.84248,286.7,0,58-45556,10612,N/A
2025-11-23T01:51:03.193797,99,11005,32.00024,36.015,0,0,58-11005,10625,N/A
2025-11-23T01:51:03.193797,99,28732,32.021492,35.842632,46.1,0,58-28732,10612,N/A
2025-11-23T01:51:03.193797,99,66163,32.02123,35.84215,346.2,0,58-66163,10612,N/A
2025-11-23T01:51:03.193797,99,56867,32.020847,35.842632,289.3,0,58-56867,10612,N/A
2025-11-23T01:51:03.193797,99,25354,31.944778,35.92804,106.1,0,58-25354,10641,N/A
2025-11-23T01:51:03.193797,99,11649,32.022224,35.845154,72.31,0,58-11649,10612,N/A
2025-11-23T01:51:03.193797,99,11547,32.00016,36.01502,0,0,58-11547,10622,N/A
2025-11-23T01:51:03.193797,99,37113,32.02158,35.842438,0,0,58-37113,10612,N/A
2025-11-23T01:51:03.193797,99,11718,31.94541,35.928734,0,0,58-11718,10635,N/A
2025-11-23T01:51:03.193797,99,49451,31.946053,35.92815,294.1,1,58-49451,10643,N/A
2025-11-23T01:51:03.193797,99,11670,32.00448,36.008205,0,1,58-11670,10636,N/A
2025-11-23T01:51:03.193797,99,11499,32.00014,36.015255,0,1,58-11499,10635,N/A
2025-11-23T01:51:03.193797,99,11526,32.0002,36.01552,0,1,58-11526,10622,N/A
2025-11-23T01:51:03.193797,99,73439,32.023087,35.848095,252.9,1,58-73439,10613,N/A
2025-11-23T01:51:03.193797,99,52827,31.94586,35.91979,285.5,1,58-52827,10643,N/A
2025-11-23T01:51:03.193797,99,11493,31.94533,35.928787,0,1,58-11493,10643,N/A
2025-11-23T01:51:03.193797,99,11496,32.00006,36.015587,192.2,1,58-11496,10642,N/A
2025-11-23T01:51:03.193797,100,50152,31.99949,36.013763,130.8,0,58-50152,10613,N/A
2025-11-23T01:51:03.193797,100,63240,32.001354,36.014027,197,0,58-63240,11649,N/A
2025-11-23T01:51:03.193797,100,98191,32.00009,36.015476,0,0,58-98191,10622,N/A
2025-11-23T01:51:03.193797,100,10975,31.999632,36.016132,197.68,0,58-10975,11649,N/A
2025-11-23T01:51:03.193797,100,48886,32.00026,36.015392,21.5,0,58-48886,11649,N/A
2025-11-23T01:51:03.193797,100,11523,32.000935,36.013863,197.6,0,58-11523,10612,N/A
2025-11-23T01:51:03.193797,100,11014,32.004826,36.014347,132.1,0,58-11014,10619,N/A
2025-11-23T01:51:03.193797,100,11724,32.000275,36.01534,0,0,58-11724,11648,N/A
2025-11-23T01:51:03.193797,100,40779,31.96065,35.95736,40.9,0,58-40779,11651,N/A
2025-11-23T01:51:03.193797,100,24926,31.999966,36.015114,232.1,0,58-24926,11653,N/A
2025-11-23T01:51:03.193797,100,50752,32.000263,36.01564,74.8,1,58-50752,11651,N/A
2025-11-23T01:51:03.193797,100,05961,32.000313,36.015438,31.1,1,58-95961,11653,N/A
2025-11-23T01:51:03.193797,100,16863,32.000065,36.01559,0,1,58-16863,11653,N/A
2025-11-23T01:51:03.193797,100,97599,31.992634,35.890064,309.89,1,58-97599,10622,N/A
2025-11-23T01:51:03.193797,100,10987,32.000244,36.01543,0,1,58-10987,11653,N/A
2025-11-23T01:51:03.193797,100,52302,31.964375,35.960926,34.79,1,58-52302,11653,N/A
2025-11-23T01:51:03.193797,100,21423,32.000317,36.01466,218.2,1,58-21423,11653,N/A
2025-11-23T01:51:03.193797,100,30732,32.004444,36.00834,359.4,1,58-30732,11651,N/A
2025-11-23T01:51:03.193797,100,95161,32.000343,36.014633,177.4,1,58-95161,11653,N/A
2025-11-23T01:51:03.193797,100,90702,32.021866,35.844257,43.9,1,58-90702,10613,N/A
2025-11-23T01:51:03.193797,100,10993,32.00027,36.014793,234.1,1,58-10993,11652,N/A
2025-11-23T01:51:03.193797,100,10981,31.999386,36.014343,0,1,58-10981,11653,N/A
2025-11-23T01:51:03.193797,100,11538,32.000355,36.014435,0,1,58-11538,11653,N/A
2025-11-23T01:51:03.193797,100,11520,32.000126,36.014256,298.39,1,58-11520,11653,N/A
2025-11-23T01:51:03.193797,100,93641,31.99996,36.015163,246.4,1,58-93641,11653,N/A
2025-11-23T01:51:03.193797,100,82779,31.963634,35.960278,36.1,1,58-82779,11653,N/A
2025-11-23T01:51:03.193797,100,10996,31.960546,35.956833,0,1,58-10996,11653,N/A
2025-11-23T01:51:03.193797,100,11544,31.961313,35.958122,0,1,58-11544,11653,N/A
2025-11-23T01:52:00.103673,99,22057,32.00033,36.01411,120.8,0,58-22057,10614,N/A
2025-11-23T01:52:00.103673,99,97202,32.000256,36.015682,11.6,0,58-97202,11671,N/A
2025-11-23T01:52:00.103673,99,32725,31.99941,36.014168,116.7,0,58-32725,10625,N/A
2025-11-23T01:52:00.103673,99,96335,31.94514,35.927013,105.5,0,58-96335,10641,N/A
2025-11-23T01:52:00.103673,99,72129,31.944706,35.928158,106.5,0,58-72129,10641,N/A
2025-11-23T01:52:00.103673,99,45556,32.020844,35.84248,286.7,0,58-45556,10612,N/A
2025-11-23T01:52:00.103673,99,11005,32.00024,36.015,0,0,58-11005,10625,N/A
2025-11-23T01:52:00.103673,99,28732,32.021492,35.842632,46.1,0,58-28732,10612,N/A
2025-11-23T01:52:00.103673,99,66163,32.02123,35.84215,346.2,0,58-66163,10612,N/A
2025-11-23T01:52:00.103673,99,56867,32.020847,35.842632,289.3,0,58-56867,10612,N/A
2025-11-23T01:52:00.103673,99,25354,31.944778,35.92804,106.1,0,58-25354,10641,N/A
2025-11-23T01:52:00.103673,99,11649,32.022224,35.845154,72.31,0,58-11649,10612,N/A
2025-11-23T01:52:00.103673,99,11547,32.00016,36.01502,0,0,58-11547,10622,N/A
2025-11-23T01:52:00.103673,99,37113,32.02158,35.842438,0,0,58-37113,10612,N/A
2025-11-23T01:52:00.103673,99,11718,31.94541,35.928734,0,0,58-11718,10635,N/A
2025-11-23T01:52:00.103673,99,49451,31.946053,35.92815,294.1,1,58-49451,10643,N/A
2025-11-23T01:52:00.103673,99,11670,32.00448,36.008205,0,1,58-11670,10636,N/A
2025-11-23T01:52:00.103673,99,11499,32.00014,36.015255,0,1,58-11499,10635,N/A
2025-11-23T01:52:00.103673,99,11526,32.0002,36.01552,0,1,58-11526,10622,N/A
2025-11-23T01:52:00.103673,99,73439,32.023087,35.848095,252.9,1,58-73439,10613,N/A
2025-11-23T01:52:00.103673,99,52827,31.94586,35.91979,285.5,1,58-52827,10643,N/A
2025-11-23T01:52:00.103673,99,11493,31.94533,35.928787,0,1,58-11493,10643,N/A
2025-11-23T01:52:00.103673,99,11496,32.00006,36.015587,192.2,1,58-11496,10642,N/A
2025-11-23T01:52:00.103673,100,50152,31.99949,36.013763,130.8,0,58-50152,10613,N/A
2025-11-23T01:52:00.103673,100,63240,32.001354,36.014027,197,0,58-63240,11649,N/A
2025-11-23T01:52:00.103673,100,98191,32.000126,36.015465,190.8,0,58-98191,10622,N/A
2025-11-23T01:52:00.103673,100,10975,31.999632,36.016132,197.68,0,58-10975,11649,N/A
2025-11-23T01:52:00.103673,100,48886,32.00026,36.015392,21.5,0,58-48886,11649,N/A
2025-11-23T01:52:00.103673,100,11523,32.000935,36.013863,197.6,0,58-11523,10612,N/A
2025-11-23T01:52:00.103673,100,11014,32.004826,36.014347,132.1,0,58-11014,10623,N/A
2025-11-23T01:52:00.103673,100,11724,32.000275,36.01534,0,0,58-11724,11648,N/A
2025-11-23T01:52:00.103673,100,40779,31.96065,35.95736,40.9,0,58-40779,11651,N/A
2025-11-23T01:52:00.103673,100,24926,31.999966,36.015114,232.1,0,58-24926,11653,N/A
2025-11-23T01:52:00.103673,100,50752,32.000263,36.01564,74.8,1,58-50752,11651,N/A
2025-11-23T01:52:00.103673,100,05961,32.000313,36.015438,31.1,1,58-95961,11653,N/A
2025-11-23T01:52:00.103673,100,16863,32.000065,36.01559,0,1,58-16863,11653,N/A
2025-11-23T01:52:00.103673,100,97599,31.992634,35.890064,309.89,1,58-97599,10622,N/A
2025-11-23T01:52:00.103673,100,10987,32.000244,36.01543,0,1,58-10987,11653,N/A
2025-11-23T01:52:00.103673,100,52302,31.964375,35.960926,34.79,1,58-52302,11653,N/A
2025-11-23T01:52:00.103673,100,21423,32.000317,36.01466,218.2,1,58-21423,11653,N/A
2025-11-23T01:52:00.103673,100,30732,32.004444,36.00834,359.4,1,58-30732,11651,N/A
2025-11-23T01:52:00.103673,100,95161,32.000343,36.014633,177.4,1,58-95161,11653,N/A
2025-11-23T01:52:00.103673,100,90702,32.021866,35.844257,43.9,1,58-90702,10613,N/A
2025-11-23T01:52:00.103673,100,10993,32.00027,36.014793,234.1,1,58-10993,11652,N/A
2025-11-23T01:52:00.103673,100,10981,31.999386,36.014343,0,1,58-10981,11653,N/A
2025-11-23T01:52:00.103673,100,11538,32.000355,36.014435,0,1,58-11538,11653,N/A
2025-11-23T01:52:00.103673,100,11520,32.000126,36.014256,298.39,1,58-11520,11653,N/A
2025-11-23T01:52:00.103673,100,93641,31.99996,36.015163,246.4,1,58-93641,11653,N/A
2025-11-23T01:52:00.103673,100,82779,31.963634,35.960278,36.1,1,58-82779,11653,N/A
2025-11-23T01:52:00.103673,100,10996,31.960546,35.956833,0,1,58-10996,11653,N/A
2025-11-23T01:52:00.103673,100,11544,31.961313,35.958122,0,1,58-11544,11653,N/A
2025-11-23T01:52:53.468806,99,22057,32.00033,36.01411,120.8,0,58-22057,11675,N/A
2025-11-23T01:52:53.468806,99,97202,32.000256,36.015682,11.6,0,58-97202,11671,N/A
2025-11-23T01:52:53.468806,99,32725,31.99941,36.014168,116.7,0,58-32725,10625,N/A
2025-11-23T01:52:53.468806,99,96335,31.94514,35.927013,105.5,0,58-96335,10641,N/A
2025-11-23T01:52:53.468806,99,72129,31.944706,35.928158,106.5,0,58-72129,10641,N/A
2025-11-23T01:52:53.468806,99,45556,32.020844,35.84248,286.7,0,58-45556,10612,N/A
2025-11-23T01:52:53.468806,99,11005,32.00024,36.015,0,0,58-11005,10625,N/A
2025-11-23T01:52:53.468806,99,28732,32.021748,35.842438,58.6,0,58-28732,10612,N/A
2025-11-23T01:52:53.468806,99,66163,32.02123,35.84215,346.2,0,58-66163,10612,N/A
2025-11-23T01:52:53.468806,99,56867,32.020847,35.842632,289.3,0,58-56867,10612,N/A
2025-11-23T01:52:53.468806,99,25354,31.944778,35.92804,106.1,0,58-25354,10641,N/A
2025-11-23T01:52:53.468806,99,11649,32.022224,35.845154,72.31,0,58-11649,10612,N/A
2025-11-23T01:52:53.468806,99,11547,32.00016,36.01502,0,0,58-11547,10622,N/A
2025-11-23T01:52:53.468806,99,37113,32.02191,35.843987,70,0,58-37113,10612,N/A
2025-11-23T01:52:53.468806,99,11718,31.94541,35.928734,0,0,58-11718,10635,N/A
2025-11-23T01:52:53.468806,99,49451,31.946053,35.92815,294.1,1,58-49451,10643,N/A
2025-11-23T01:52:53.468806,99,11670,32.00448,36.008205,0,1,58-11670,10636,N/A
2025-11-23T01:52:53.468806,99,11499,32.00014,36.015255,0,1,58-11499,10635,N/A
2025-11-23T01:52:53.468806,99,11526,32.0002,36.01552,0,1,58-11526,10622,N/A
2025-11-23T01:52:53.468806,99,73439,32.023087,35.848095,252.9,1,58-73439,10613,N/A
2025-11-23T01:52:53.468806,99,52827,31.94586,35.91979,285.5,1,58-52827,10643,N/A
2025-11-23T01:52:53.468806,99,11493,31.94533,35.928787,0,1,58-11493,10643,N/A
2025-11-23T01:52:53.468806,99,11496,32.00006,36.015587,192.2,1,58-11496,10642,N/A
2025-11-23T01:52:53.468806,100,50152,31.99949,36.013763,130.8,0,58-50152,10613,N/A
2025-11-23T01:52:53.468806,100,63240,32.001354,36.014027,197,0,58-63240,11649,N/A
2025-11-23T01:52:53.468806,100,98191,32.000126,36.015465,190.8,0,58-98191,10622,N/A
2025-11-23T01:52:53.468806,100,10975,31.999632,36.016132,197.68,0,58-10975,11649,N/A
2025-11-23T01:52:53.468806,100,48886,32.00026,36.015392,21.5,0,58-48886,11649,N/A
2025-11-23T01:52:53.468806,100,11523,32.000935,36.013863,197.6,0,58-11523,10612,N/A
2025-11-23T01:52:53.468806,100,11014,32.004826,36.014347,132.1,0,58-11014,10623,N/A
2025-11-23T01:52:53.468806,100,11724,32.000275,36.01534,0,0,58-11724,11648,N/A
2025-11-23T01:52:53.468806,100,40779,31.96065,35.95736,40.9,0,58-40779,11651,N/A
2025-11-23T01:52:53.468806,100,24926,31.999966,36.015114,232.1,0,58-24926,11653,N/A
2025-11-23T01:52:53.468806,100,50752,32.000263,36.01564,74.8,1,58-50752,11651,N/A
2025-11-23T01:52:53.468806,100,05961,32.000313,36.015438,31.1,1,58-95961,11653,N/A
2025-11-23T01:52:53.468806,100,16863,32.000065,36.01559,0,1,58-16863,11653,N/A
2025-11-23T01:52:53.468806,100,97599,31.992634,35.890064,309.89,1,58-97599,10622,N/A
2025-11-23T01:52:53.468806,100,10987,32.000244,36.01543,0,1,58-10987,11653,N/A
2025-11-23T01:52:53.468806,100,52302,31.964375,35.960926,34.79,1,58-52302,11653,N/A
2025-11-23T01:52:53.468806,100,21423,32.000317,36.01466,218.2,1,58-21423,11653,N/A
2025-11-23T01:52:53.468806,100,30732,32.004444,36.00834,359.4,1,58-30732,11651,N/A
2025-11-23T01:52:53.468806,100,95161,32.000343,36.014633,177.4,1,58-95161,11653,N/A
2025-11-23T01:52:53.468806,100,90702,32.021866,35.844257,43.9,1,58-90702,10613,N/A
2025-11-23T01:52:53.468806,100,10993,32.00027,36.014793,234.1,1,58-10993,11652,N/A
2025-11-23T01:52:53.468806,100,10981,31.999386,36.014343,0,1,58-10981,11653,N/A
2025-11-23T01:52:53.468806,100,11538,32.000355,36.014435,0,1,58-11538,11653,N/A
2025-11-23T01:52:53.468806,100,11520,32.000126,36.014256,298.39,1,58-11520,11653,N/A
2025-11-23T01:52:53.468806,100,93641,31.99996,36.015163,246.4,1,58-93641,11653,N/A
2025-11-23T01:52:53.468806,100,82779,31.963634,35.960278,36.1,1,58-82779,11653,N/A
2025-11-23T01:52:53.468806,100,10996,31.960546,35.956833,0,1,58-10996,11653,N/A
2025-11-23T01:52:53.468806,100,11544,31.961313,35.958122,0,1,58-11544,11653,N/A
2025-11-23T01:53:45.358678,99,22057,32.00033,36.01411,120.8,0,58-22057,11675,N/A
2025-11-23T01:53:45.358678,99,97202,32.000256,36.015682,11.6,0,58-97202,11671,N/A
2025-11-23T01:53:45.358678,99,32725,31.99941,36.014168,116.7,0,58-32725,10625,N/A
2025-11-23T01:53:45.358678,99,96335,31.94514,35.927013,105.5,0,58-96335,10641,N/A
2025-11-23T01:53:45.358678,99,72129,31.944706,35.928158,106.5,0,58-72129,10641,N/A
2025-11-23T01:53:45.358678,99,45556,32.020844,35.84248,286.7,0,58-45556,10612,N/A
2025-11-23T01:53:45.358678,99,11005,32.00024,36.015,0,0,58-11005,10625,N/A
2025-11-23T01:53:45.358678,99,28732,32.021748,35.842438,58.6,0,58-28732,10612,N/A
2025-11-23T01:53:45.358678,99,66163,32.02123,35.84215,346.2,0,58-66163,10612,N/A
2025-11-23T01:53:45.358678,99,56867,32.020847,35.842632,289.3,0,58-56867,10612,N/A
2025-11-23T01:53:45.358678,99,25354,31.944778,35.92804,106.1,0,58-25354,10641,N/A
2025-11-23T01:53:45.358678,99,11649,32.022224,35.845154,72.31,0,58-11649,10612,N/A
2025-11-23T01:53:45.358678,99,11547,32.00016,36.01502,0,0,58-11547,10622,N/A
2025-11-23T01:53:45.358678,99,37113,32.02191,35.843987,70,0,58-37113,10612,N/A
2025-11-23T01:53:45.358678,99,11718,31.94541,35.928734,0,0,58-11718,10635,N/A
2025-11-23T01:53:45.358678,99,49451,31.946053,35.92815,294.1,1,58-49451,10643,N/A
2025-11-23T01:53:45.358678,99,11670,32.00448,36.008205,0,1,58-11670,10636,N/A
2025-11-23T01:53:45.358678,99,11499,32.00014,36.015255,0,1,58-11499,10635,N/A
2025-11-23T01:53:45.358678,99,11526,32.0002,36.01552,0,1,58-11526,10622,N/A
2025-11-23T01:53:45.358678,99,73439,32.023087,35.848095,252.9,1,58-73439,10613,N/A
2025-11-23T01:53:45.358678,99,52827,31.94586,35.91979,285.5,1,58-52827,10643,N/A
2025-11-23T01:53:45.358678,99,11493,31.94533,35.928787,0,1,58-11493,10643,N/A
2025-11-23T01:53:45.358678,99,11496,32.00006,36.015587,192.2,1,58-11496,10642,N/A
2025-11-23T01:53:45.358678,100,50152,31.99949,36.013763,130.8,0,58-50152,10613,N/A
2025-11-23T01:53:45.358678,100,63240,32.001354,36.014027,197,0,58-63240,11649,N/A
2025-11-23T01:53:45.358678,100,98191,32.000126,36.015465,190.8,0,58-98191,10622,N/A
2025-11-23T01:53:45.358678,100,10975,31.999632,36.016132,197.68,0,58-10975,11649,N/A
2025-11-23T01:53:45.358678,100,48886,32.00026,36.015392,21.5,0,58-48886,11649,N/A
2025-11-23T01:53:45.358678,100,11523,32.000935,36.013863,197.6,0,58-11523,10612,N/A
2025-11-23T01:53:45.358678,100,11014,32.004826,36.014347,132.1,0,58-11014,10623,N/A
2025-11-23T01:53:45.358678,100,11724,32.000275,36.01534,0,0,58-11724,11648,N/A
2025-11-23T01:53:45.358678,100,40779,31.96065,35.95736,40.9,0,58-40779,11651,N/A
2025-11-23T01:53:45.358678,100,24926,31.999966,36.015114,232.1,0,58-24926,11653,N/A
2025-11-23T01:53:45.358678,100,50752,32.000263,36.01564,74.8,1,58-50752,11653,N/A
2025-11-23T01:53:45.358678,100,05961,32.000313,36.015438,31.1,1,58-95961,11653,N/A
2025-11-23T01:53:45.358678,100,16863,32.000065,36.01559,0,1,58-16863,11653,N/A
2025-11-23T01:53:45.358678,100,97599,31.992634,35.890064,309.89,1,58-97599,10622,N/A
2025-11-23T01:53:45.358678,100,10987,32.000244,36.01543,0,1,58-10987,11653,N/A
2025-11-23T01:53:45.358678,100,52302,31.964375,35.960926,34.79,1,58-52302,11653,N/A
2025-11-23T01:53:45.358678,100,21423,32.000317,36.01466,218.2,1,58-21423,11653,N/A
2025-11-23T01:53:45.358678,100,30732,32.004444,36.00834,359.4,1,58-30732,11653,N/A
2025-11-23T01:53:45.358678,100,95161,32.000343,36.014633,177.4,1,58-95161,11653,N/A
2025-11-23T01:53:45.358678,100,90702,32.021866,35.844257,43.9,1,58-90702,10613,N/A
2025-11-23T01:53:45.358678,100,10993,32.00027,36.014793,234.1,1,58-10993,11653,N/A
2025-11-23T01:53:45.358678,100,10981,31.999386,36.014343,0,1,58-10981,11651,N/A
2025-11-23T01:53:45.358678,100,11538,32.000355,36.014435,0,1,58-11538,11652,N/A
2025-11-23T01:53:45.358678,100,11520,32.000126,36.014256,298.39,1,58-11520,11653,N/A
2025-11-23T01:53:45.358678,100,93641,31.99996,36.015163,246.4,1,58-93641,11653,N/A
2025-11-23T01:53:45.358678,100,82779,31.963634,35.960278,36.1,1,58-82779,11653,N/A
2025-11-23T01:53:45.358678,100,10996,31.960546,35.956833,0,1,58-10996,11653,N/A
2025-11-23T01:53:45.358678,100,11544,31.961313,35.958122,0,1,58-11544,11653,N/A
2025-11-23T01:54:38.198209,99,22057,32.00033,36.01411,120.8,0,58-22057,11675,N/A
2025-11-23T01:54:38.198209,99,97202,32.000256,36.015682,11.6,0,58-97202,11671,N/A
2025-11-23T01:54:38.198209,99,32725,31.99941,36.014168,116.7,0,58-32725,10625,N/A
2025-11-23T01:54:38.198209,99,96335,31.94514,35.927013,105.5,0,58-96335,10641,N/A
2025-11-23T01:54:38.198209,99,72129,31.944706,35.928158,106.5,0,58-72129,10641,N/A
2025-11-23T01:54:38.198209,99,45556,32.020844,35.84248,286.7,0,58-45556,10612,N/A
2025-11-23T01:54:38.198209,99,11005,32.00024,36.015,0,0,58-11005,10625,N/A
2025-11-23T01:54:38.198209,99,28732,32.021748,35.842438,58.6,0,58-28732,10612,N/A
2025-11-23T01:54:38.198209,99,66163,32.02123,35.84215,346.2,0,58-66163,10612,N/A
2025-11-23T01:54:38.198209,99,56867,32.020847,35.842632,289.3,0,58-56867,10612,N/A
2025-11-23T01:54:38.198209,99,25354,31.944778,35.92804,106.1,0,58-25354,10641,N/A
2025-11-23T01:54:38.198209,99,11649,32.022224,35.845154,72.31,0,58-11649,10612,N/A
2025-11-23T01:54:38.198209,99,11547,32.00016,36.01502,0,0,58-11547,10622,N/A
2025-11-23T01:54:38.198209,99,37113,32.02191,35.843987,70,0,58-37113,10612,N/A
2025-11-23T01:54:38.198209,99,11718,31.94541,35.928734,0,0,58-11718,10635,N/A
2025-11-23T01:54:38.198209,99,49451,31.946053,35.92815,294.1,1,58-49451,10643,N/A
2025-11-23T01:54:38.198209,99,11670,32.00448,36.008205,0,1,58-11670,10636,N/A
2025-11-23T01:54:38.198209,99,11499,32.00014,36.015255,0,1,58-11499,10635,N/A
2025-11-23T01:54:38.198209,99,11526,32.0002,36.01552,0,1,58-11526,10622,N/A
2025-11-23T01:54:38.198209,99,73439,32.023087,35.848095,252.9,1,58-73439,10613,N/A
2025-11-23T01:54:38.198209,99,52827,31.94586,35.91979,285.5,1,58-52827,10643,N/A
2025-11-23T01:54:38.198209,99,11493,31.94533,35.928787,0,1,58-11493,10643,N/A
2025-11-23T01:54:38.198209,99,11496,32.00006,36.015587,192.2,1,58-11496,10642,N/A
2025-11-23T01:54:38.198209,100,50152,31.99949,36.013763,130.8,0,58-50152,10613,N/A
2025-11-23T01:54:38.198209,100,63240,32.001354,36.014027,197,0,58-63240,11649,N/A
2025-11-23T01:54:38.198209,100,98191,32.00009,36.015476,0,0,58-98191,10622,N/A
2025-11-23T01:54:38.198209,100,10975,31.999632,36.016132,197.68,0,58-10975,11649,N/A
2025-11-23T01:54:38.198209,100,48886,32.00026,36.015392,21.5,0,58-48886,11649,N/A
2025-11-23T01:54:38.198209,100,11523,32.000935,36.013863,197.6,0,58-11523,10612,N/A
2025-11-23T01:54:38.198209,100,11014,32.004826,36.014347,132.1,0,58-11014,10619,N/A
2025-11-23T01:54:38.198209,100,11724,32.000275,36.01534,0,0,58-11724,11648,N/A
2025-11-23T01:54:38.198209,100,40779,31.96065,35.95736,40.9,0,58-40779,11651,N/A
2025-11-23T01:54:38.198209,100,24926,31.999966,36.015114,232.1,0,58-24926,11653,N/A
2025-11-23T01:54:38.198209,100,50752,32.000263,36.01564,74.8,1,58-50752,11651,N/A
2025-11-23T01:54:38.198209,100,05961,32.000313,36.015438,31.1,1,58-95961,11653,N/A
2025-11-23T01:54:38.198209,100,16863,32.000065,36.01559,0,1,58-16863,11653,N/A
2025-11-23T01:54:38.198209,100,97599,31.992634,35.890064,309.89,1,58-97599,10622,N/A
2025-11-23T01:54:38.198209,100,10987,32.000244,36.01543,0,1,58-10987,11653,N/A
2025-11-23T01:54:38.198209,100,52302,31.964375,35.960926,34.79,1,58-52302,11653,N/A
2025-11-23T01:54:38.198209,100,21423,32.000317,36.01466,218.2,1,58-21423,11653,N/A
2025-11-23T01:54:38.198209,100,30732,32.004444,36.00834,359.4,1,58-30732,11651,N/A
2025-11-23T01:54:38.198209,100,95161,32.000343,36.014633,177.4,1,58-95161,11653,N/A
2025-11-23T01:54:38.198209,100,90702,32.021866,35.844257,43.9,1,58-90702,10613,N/A
2025-11-23T01:54:38.198209,100,10993,32.00027,36.014793,234.1,1,58-10993,11652,N/A
2025-11-23T01:54:38.198209,100,10981,31.999386,36.014343,0,1,58-10981,11653,N/A
2025-11-23T01:54:38.198209,100,11538,32.000355,36.014435,0,1,58-11538,11653,N/A
2025-11-23T01:54:38.198209,100,11520,32.000126,36.014256,298.39,1,58-11520,11653,N/A
2025-11-23T01:54:38.198209,100,93641,31.99996,36.015163,246.4,1,58-93641,11653,N/A
2025-11-23T01:54:38.198209,100,82779,31.963634,35.960278,36.1,1,58-82779,11653,N/A
2025-11-23T01:54:38.198209,100,10996,31.960546,35.956833,0,1,58-10996,11653,N/A
2025-11-23T01:54:38.198209,100,11544,31.961313,35.958122,0,1,58-11544,11653,N/A
2025-11-23T01:55:34.564640,99,22057,32.00033,36.01411,120.8,0,58-22057,10614,N/A
2025-11-23T01:55:34.564640,99,97202,32.000256,36.015682,11.6,0,58-97202,11671,N/A
2025-11-23T01:55:34.564640,99,32725,31.99941,36.014168,116.7,0,58-32725,10625,N/A
2025-11-23T01:55:34.564640,99,96335,31.94514,35.927013,105.5,0,58-96335,10641,N/A
2025-11-23T01:55:34.564640,99,72129,31.944706,35.928158,106.5,0,58-72129,10641,N/A
2025-11-23T01:55:34.564640,99,45556,32.020844,35.84248,286.7,0,58-45556,10612,N/A
2025-11-23T01:55:34.564640,99,11005,32.00024,36.015,0,0,58-11005,10625,N/A
2025-11-23T01:55:34.564640,99,28732,32.021492,35.842632,46.1,0,58-28732,10612,N/A
2025-11-23T01:55:34.564640,99,66163,32.02123,35.84215,346.2,0,58-66163,10612,N/A
2025-11-23T01:55:34.564640,99,56867,32.020847,35.842632,289.3,0,58-56867,10612,N/A
2025-11-23T01:55:34.564640,99,25354,31.944778,35.92804,106.1,0,58-25354,10641,N/A
2025-11-23T01:55:34.564640,99,11649,32.022224,35.845154,72.31,0,58-11649,10612,N/A
2025-11-23T01:55:34.564640,99,11547,32.00016,36.01502,0,0,58-11547,10622,N/A
2025-11-23T01:55:34.564640,99,37113,32.02158,35.842438,0,0,58-37113,10612,N/A
2025-11-23T01:55:34.564640,99,11718,31.94541,35.928734,0,0,58-11718,10635,N/A
2025-11-23T01:55:34.564640,99,49451,31.946053,35.92815,294.1,1,58-49451,10643,N/A
2025-11-23T01:55:34.564640,99,11670,32.00448,36.008205,0,1,58-11670,10636,N/A
2025-11-23T01:55:34.564640,99,11499,32.00014,36.015255,0,1,58-11499,10635,N/A
2025-11-23T01:55:34.564640,99,11526,32.0002,36.01552,0,1,58-11526,10622,N/A
2025-11-23T01:55:34.564640,99,73439,32.023087,35.848095,252.9,1,58-73439,10613,N/A
2025-11-23T01:55:34.564640,99,52827,31.94586,35.91979,285.5,1,58-52827,10643,N/A
2025-11-23T01:55:34.564640,99,11493,31.94533,35.928787,0,1,58-11493,10643,N/A
2025-11-23T01:55:34.564640,99,11496,32.00006,36.015587,192.2,1,58-11496,10642,N/A
2025-11-23T01:55:34.564640,100,50152,31.99949,36.013763,130.8,0,58-50152,10613,N/A
2025-11-23T01:55:34.564640,100,63240,32.001354,36.014027,197,0,58-63240,11649,N/A
2025-11-23T01:55:34.564640,100,98191,32.000126,36.015465,190.8,0,58-98191,10622,N/A
2025-11-23T01:55:34.564640,100,10975,31.999632,36.016132,197.68,0,58-10975,11649,N/A
2025-11-23T01:55:34.564640,100,48886,32.00026,36.015392,21.5,0,58-48886,11649,N/A
2025-11-23T01:55:34.564640,100,11523,32.000935,36.013863,197.6,0,58-11523,10612,N/A
2025-11-23T01:55:34.564640,100,11014,32.004826,36.014347,132.1,0,58-11014,10623,N/A
2025-11-23T01:55:34.564640,100,11724,32.000275,36.01534,0,0,58-11724,11648,N/A
2025-11-23T01:55:34.564640,100,40779,31.96065,35.95736,40.9,0,58-40779,11651,N/A
2025-11-23T01:55:34.564640,100,24926,31.999966,36.015114,232.1,0,58-24926,11653,N/A
2025-11-23T01:55:34.564640,100,50752,32.000263,36.01564,74.8,1,58-50752,11651,N/A
2025-11-23T01:55:34.564640,100,05961,32.000313,36.015438,31.1,1,58-95961,11653,N/A
2025-11-23T01:55:34.564640,100,16863,32.000065,36.01559,0,1,58-16863,11653,N/A
2025-11-23T01:55:34.564640,100,97599,31.992634,35.890064,309.89,1,58-97599,10622,N/A
2025-11-23T01:55:34.564640,100,10987,32.000244,36.01543,0,1,58-10987,11653,N/A
2025-11-23T01:55:34.564640,100,52302,31.964375,35.960926,34.79,1,58-52302,11653,N/A
2025-11-23T01:55:34.564640,100,21423,32.000317,36.01466,218.2,1,58-21423,11653,N/A
2025-11-23T01:55:34.564640,100,30732,32.004444,36.00834,359.4,1,58-30732,11651,N/A
2025-11-23T01:55:34.564640,100,95161,32.000343,36.014633,177.4,1,58-95161,11653,N/A
2025-11-23T01:55:34.564640,100,90702,32.021866,35.844257,43.9,1,58-90702,10613,N/A
2025-11-23T01:55:34.564640,100,10993,32.00027,36.014793,234.1,1,58-10993,11652,N/A
2025-11-23T01:55:34.564640,100,10981,31.999386,36.014343,0,1,58-10981,11653,N/A
2025-11-23T01:55:34.564640,100,11538,32.000355,36.014435,0,1,58-11538,11653,N/A
2025-11-23T01:55:34.564640,100,11520,32.000126,36.014256,298.39,1,58-11520,11653,N/A
2025-11-23T01:55:34.564640,100,93641,31.99996,36.015163,246.4,1,58-93641,11653,N/A
2025-11-23T01:55:34.564640,100,82779,31.963634,35.960278,36.1,1,58-82779,11653,N/A
2025-11-23T01:55:34.564640,100,10996,31.960546,35.956833,0,1,58-10996,11653,N/A
2025-11-23T01:55:34.564640,100,11544,31.961313,35.958122,0,1,58-11544,11653,N/A
2025-11-23T01:56:18.366930,99,22057,32.00033,36.01411,120.8,0,58-22057,11675,N/A
2025-11-23T01:56:18.366930,99,97202,32.000256,36.015682,11.6,0,58-97202,11671,N/A
2025-11-23T01:56:18.366930,99,32725,31.99941,36.014168,116.7,0,58-32725,10625,N/A
2025-11-23T01:56:18.366930,99,96335,31.94514,35.927013,105.5,0,58-96335,10641,N/A
2025-11-23T01:56:18.366930,99,72129,31.944706,35.928158,106.5,0,58-72129,10641,N/A
2025-11-23T01:56:18.366930,99,45556,32.020844,35.84248,286.7,0,58-45556,10612,N/A
2025-11-23T01:56:18.366930,99,11005,32.00024,36.015,0,0,58-11005,10625,N/A
2025-11-23T01:56:18.366930,99,28732,32.021748,35.842438,58.6,0,58-28732,10612,N/A
2025-11-23T01:56:18.366930,99,66163,32.02123,35.84215,346.2,0,58-66163,10612,N/A
2025-11-23T01:56:18.366930,99,56867,32.020847,35.842632,289.3,0,58-56867,10612,N/A
2025-11-23T01:56:18.366930,99,25354,31.944778,35.92804,106.1,0,58-25354,10641,N/A
2025-11-23T01:56:18.366930,99,11649,32.022224,35.845154,72.31,0,58-11649,10612,N/A
2025-11-23T01:56:18.366930,99,11547,32.00016,36.01502,0,0,58-11547,10622,N/A
2025-11-23T01:56:18.366930,99,37113,32.02191,35.843987,70,0,58-37113,10612,N/A
2025-11-23T01:56:18.366930,99,11718,31.94541,35.928734,0,0,58-11718,10635,N/A
2025-11-23T01:56:18.366930,99,49451,31.946053,35.92815,294.1,1,58-49451,10643,N/A
2025-11-23T01:56:18.366930,99,11670,32.00448,36.008205,0,1,58-11670,10636,N/A
2025-11-23T01:56:18.366930,99,11499,32.00014,36.015255,0,1,58-11499,10635,N/A
2025-11-23T01:56:18.366930,99,11526,32.0002,36.01552,0,1,58-11526,10622,N/A
2025-11-23T01:56:18.366930,99,73439,32.023087,35.848095,252.9,1,58-73439,10613,N/A
2025-11-23T01:56:18.366930,99,52827,31.94586,35.91979,285.5,1,58-52827,10643,N/A
2025-11-23T01:56:18.366930,99,11493,31.94533,35.928787,0,1,58-11493,10643,N/A
2025-11-23T01:56:18.366930,99,11496,32.00006,36.015587,192.2,1,58-11496,10642,N/A
2025-11-23T01:56:18.366930,100,50152,31.99949,36.013763,130.8,0,58-50152,10613,N/A
2025-11-23T01:56:18.366930,100,63240,32.001354,36.014027,197,0,58-63240,11649,N/A
2025-11-23T01:56:18.366930,100,98191,32.00009,36.015476,0,0,58-98191,10622,N/A
2025-11-23T01:56:18.366930,100,10975,31.999632,36.016132,197.68,0,58-10975,11649,N/A
2025-11-23T01:56:18.366930,100,48886,32.00026,36.015392,21.5,0,58-48886,11649,N/A
2025-11-23T01:56:18.366930,100,11523,32.000935,36.013863,197.6,0,58-11523,10612,N/A
2025-11-23T01:56:18.366930,100,11014,32.004826,36.014347,132.1,0,58-11014,10619,N/A
2025-11-23T01:56:18.366930,100,11724,32.000275,36.01534,0,0,58-11724,11648,N/A
2025-11-23T01:56:18.366930,100,40779,31.96065,35.95736,40.9,0,58-40779,11651,N/A
2025-11-23T01:56:18.366930,100,24926,31.999966,36.015114,232.1,0,58-24926,11653,N/A
2025-11-23T01:56:18.366930,100,50752,32.000263,36.01564,74.8,1,58-50752,11651,N/A
2025-11-23T01:56:18.366930,100,05961,32.000313,36.015438,31.1,1,58-95961,11653,N/A
2025-11-23T01:56:18.366930,100,16863,32.000065,36.01559,0,1,58-16863,11653,N/A
2025-11-23T01:56:18.366930,100,97599,31.992634,35.890064,309.89,1,58-97599,10622,N/A
2025-11-23T01:56:18.366930,100,10987,32.000244,36.01543,0,1,58-10987,11653,N/A
2025-11-23T01:56:18.366930,100,52302,31.964375,35.960926,34.79,1,58-52302,11653,N/A
2025-11-23T01:56:18.366930,100,21423,32.000317,36.01466,218.2,1,58-21423,11653,N/A
2025-11-23T01:56:18.366930,100,30732,32.004444,36.00834,359.4,1,58-30732,11651,N/A
2025-11-23T01:56:18.366930,100,95161,32.000343,36.014633,177.4,1,58-95161,11653,N/A
2025-11-23T01:56:18.366930,100,90702,32.021866,35.844257,43.9,1,58-90702,10613,N/A
2025-11-23T01:56:18.366930,100,10993,32.00027,36.014793,234.1,1,58-10993,11652,N/A
2025-11-23T01:56:18.366930,100,10981,31.999386,36.014343,0,1,58-10981,11653,N/A
2025-11-23T01:56:18.366930,100,11538,32.000355,36.014435,0,1,58-11538,11653,N/A
2025-11-23T01:56:18.366930,100,11520,32.000126,36.014256,298.39,1,58-11520,11653,N/A
2025-11-23T01:56:18.366930,100,93641,31.99996,36.015163,246.4,1,58-93641,11653,N/A
2025-11-23T01:56:18.366930,100,82779,31.963634,35.960278,36.1,1,58-82779,11653,N/A
2025-11-23T01:56:18.366930,100,10996,31.960546,35.956833,0,1,58-10996,11653,N/A
2025-11-23T01:56:18.366930,100,11544,31.961313,35.958122,0,1,58-11544,11653,N/A
2025-11-23T01:57:25.086815,99,22057,32.00033,36.01411,120.8,0,58-22057,11675,N/A
2025-11-23T01:57:25.086815,99,97202,32.000256,36.015682,11.6,0,58-97202,11671,N/A
2025-11-23T01:57:25.086815,99,32725,31.99941,36.014168,116.7,0,58-32725,10625,N/A
2025-11-23T01:57:25.086815,99,96335,31.94514,35.927013,105.5,0,58-96335,10641,N/A
2025-11-23T01:57:25.086815,99,72129,31.944706,35.928158,106.5,0,58-72129,10641,N/A
2025-11-23T01:57:25.086815,99,45556,32.020844,35.84248,286.7,0,58-45556,10612,N/A
2025-11-23T01:57:25.086815,99,11005,32.00024,36.015,0,0,58-11005,10625,N/A
2025-11-23T01:57:25.086815,99,28732,32.021748,35.842438,58.6,0,58-28732,10612,N/A
2025-11-23T01:57:25.086815,99,66163,32.02123,35.84215,346.2,0,58-66163,10612,N/A
2025-11-23T01:57:25.086815,99,56867,32.020847,35.842632,289.3,0,58-56867,10612,N/A
2025-11-23T01:57:25.086815,99,25354,31.944778,35.92804,106.1,0,58-25354,10641,N/A
2025-11-23T01:57:25.086815,99,11649,32.022224,35.845154,72.31,0,58-11649,10612,N/A
2025-11-23T01:57:25.086815,99,11547,32.00016,36.01502,0,0,58-11547,10622,N/A
2025-11-23T01:57:25.086815,99,37113,32.02191,35.843987,70,0,58-37113,10612,N/A
2025-11-23T01:57:25.086815,99,11718,31.94541,35.928734,0,0,58-11718,10635,N/A
2025-11-23T01:57:25.086815,99,49451,31.946053,35.92815,294.1,1,58-49451,10643,N/A
2025-11-23T01:57:25.086815,99,11670,32.00448,36.008205,0,1,58-11670,10636,N/A
2025-11-23T01:57:25.086815,99,11499,32.00014,36.015255,0,1,58-11499,10635,N/A
2025-11-23T01:57:25.086815,99,11526,32.0002,36.01552,0,1,58-11526,10622,N/A
2025-11-23T01:57:25.086815,99,73439,32.023087,35.848095,252.9,1,58-73439,10613,N/A
2025-11-23T01:57:25.086815,99,52827,31.94586,35.91979,285.5,1,58-52827,10643,N/A
2025-11-23T01:57:25.086815,99,11493,31.94533,35.928787,0,1,58-11493,10643,N/A
2025-11-23T01:57:25.086815,99,11496,32.00006,36.015587,192.2,1,58-11496,10642,N/A
2025-11-23T01:57:25.086815,100,50152,31.99949,36.013763,130.8,0,58-50152,10613,N/A
2025-11-23T01:57:25.086815,100,63240,32.001354,36.014027,197,0,58-63240,11649,N/A
2025-11-23T01:57:25.086815,100,98191,32.00009,36.015476,0,0,58-98191,10622,N/A
2025-11-23T01:57:25.086815,100,10975,31.999632,36.016132,197.68,0,58-10975,11649,N/A
2025-11-23T01:57:25.086815,100,48886,32.00026,36.015392,21.5,0,58-48886,11649,N/A
2025-11-23T01:57:25.086815,100,11523,32.000935,36.013863,197.6,0,58-11523,10612,N/A
2025-11-23T01:57:25.086815,100,11014,32.004826,36.014347,132.1,0,58-11014,10619,N/A
2025-11-23T01:57:25.086815,100,11724,32.000275,36.01534,0,0,58-11724,11648,N/A
2025-11-23T01:57:25.086815,100,40779,31.96065,35.95736,40.9,0,58-40779,11651,N/A
2025-11-23T01:57:25.086815,100,24926,31.999966,36.015114,232.1,0,58-24926,11653,N/A
2025-11-23T01:57:25.086815,100,50752,32.000263,36.01564,74.8,1,58-50752,11653,N/A
2025-11-23T01:57:25.086815,100,05961,32.000313,36.015438,31.1,1,58-95961,11653,N/A
2025-11-23T01:57:25.086815,100,16863,32.000065,36.01559,0,1,58-16863,11653,N/A
2025-11-23T01:57:25.086815,100,97599,31.992634,35.890064,309.89,1,58-97599,10622,N/A
2025-11-23T01:57:25.086815,100,10987,32.000244,36.01543,0,1,58-10987,11653,N/A
2025-11-23T01:57:25.086815,100,52302,31.964375,35.960926,34.79,1,58-52302,11653,N/A
2025-11-23T01:57:25.086815,100,21423,32.000317,36.01466,218.2,1,58-21423,11653,N/A
2025-11-23T01:57:25.086815,100,30732,32.004444,36.00834,359.4,1,58-30732,11653,N/A
2025-11-23T01:57:25.086815,100,95161,32.000343,36.014633,177.4,1,58-95161,11653,N/A
2025-11-23T01:57:25.086815,100,90702,32.021866,35.844257,43.9,1,58-90702,10613,N/A
2025-11-23T01:57:25.086815,100,10993,32.00027,36.014793,234.1,1,58-10993,11653,N/A
2025-11-23T01:57:25.086815,100,10981,31.999386,36.014343,0,1,58-10981,11651,N/A
2025-11-23T01:57:25.086815,100,11538,32.000355,36.014435,0,1,58-11538,11652,N/A
2025-11-23T01:57:25.086815,100,11520,32.000126,36.014256,298.39,1,58-11520,11653,N/A
2025-11-23T01:57:25.086815,100,93641,31.99996,36.015163,246.4,1,58-93641,11653,N/A
2025-11-23T01:57:25.086815,100,82779,31.963634,35.960278,36.1,1,58-82779,11653,N/A
2025-11-23T01:57:25.086815,100,10996,31.960546,35.956833,0,1,58-10996,11653,N/A
2025-11-23T01:57:25.086815,100,11544,31.961313,35.958122,0,1,58-11544,11653,N/A
2025-11-23T01:58:14.906670,99,22057,32.00033,36.01411,120.8,0,58-22057,11675,N/A
2025-11-23T01:58:14.906670,99,97202,32.000256,36.015682,11.6,0,58-97202,11671,N/A
2025-11-23T01:58:14.906670,99,32725,31.99941,36.014168,116.7,0,58-32725,10625,N/A
2025-11-23T01:58:14.906670,99,96335,31.94514,35.927013,105.5,0,58-96335,10641,N/A
2025-11-23T01:58:14.906670,99,72129,31.944706,35.928158,106.5,0,58-72129,10641,N/A
2025-11-23T01:58:14.906670,99,45556,32.020844,35.84248,286.7,0,58-45556,10612,N/A
2025-11-23T01:58:14.906670,99,11005,32.00024,36.015,0,0,58-11005,10625,N/A
2025-11-23T01:58:14.906670,99,28732,32.021748,35.842438,58.6,0,58-28732,10612,N/A
2025-11-23T01:58:14.906670,99,66163,32.02123,35.84215,346.2,0,58-66163,10612,N/A
2025-11-23T01:58:14.906670,99,56867,32.020847,35.842632,289.3,0,58-56867,10612,N/A
2025-11-23T01:58:14.906670,99,25354,31.944778,35.92804,106.1,0,58-25354,10641,N/A
2025-11-23T01:58:14.906670,99,11649,32.022224,35.845154,72.31,0,58-11649,10612,N/A
2025-11-23T01:58:14.906670,99,11547,32.00016,36.01502,0,0,58-11547,10622,N/A
2025-11-23T01:58:14.906670,99,37113,32.02191,35.843987,70,0,58-37113,10612,N/A
2025-11-23T01:58:14.906670,99,11718,31.94541,35.928734,0,0,58-11718,10635,N/A
2025-11-23T01:58:14.906670,99,49451,31.946053,35.92815,294.1,1,58-49451,10643,N/A
2025-11-23T01:58:14.906670,99,11670,32.00448,36.008205,0,1,58-11670,10636,N/A
2025-11-23T01:58:14.906670,99,11499,32.00014,36.015255,0,1,58-11499,10635,N/A
2025-11-23T01:58:14.906670,99,11526,32.0002,36.01552,0,1,58-11526,10622,N/A
2025-11-23T01:58:14.906670,99,73439,32.023087,35.848095,252.9,1,58-73439,10613,N/A
2025-11-23T01:58:14.906670,99,52827,31.94586,35.91979,285.5,1,58-52827,10643,N/A
2025-11-23T01:58:14.906670,99,11493,31.94533,35.928787,0,1,58-11493,10643,N/A
2025-11-23T01:58:14.906670,99,11496,32.00006,36.015587,192.2,1,58-11496,10642,N/A
2025-11-23T01:58:14.906670,100,50152,31.99949,36.013763,130.8,0,58-50152,10613,N/A
2025-11-23T01:58:14.906670,100,63240,32.001354,36.014027,197,0,58-63240,11649,N/A
2025-11-23T01:58:14.906670,100,98191,32.000126,36.015465,190.8,0,58-98191,10622,N/A
2025-11-23T01:58:14.906670,100,10975,31.999632,36.016132,197.68,0,58-10975,11649,N/A
2025-11-23T01:58:14.906670,100,48886,32.00026,36.015392,21.5,0,58-48886,11649,N/A
2025-11-23T01:58:14.906670,100,11523,32.000935,36.013863,197.6,0,58-11523,10612,N/A
2025-11-23T01:58:14.906670,100,11014,32.004826,36.014347,132.1,0,58-11014,10623,N/A
2025-11-23T01:58:14.906670,100,11724,32.000275,36.01534,0,0,58-11724,11648,N/A
2025-11-23T01:58:14.906670,100,40779,31.96065,35.95736,40.9,0,58-40779,11651,N/A
2025-11-23T01:58:14.906670,100,24926,31.999966,36.015114,232.1,0,58-24926,11653,N/A
2025-11-23T01:58:14.906670,100,50752,32.000263,36.01564,74.8,1,58-50752,11651,N/A
2025-11-23T01:58:14.906670,100,05961,32.000313,36.015438,31.1,1,58-95961,11653,N/A
2025-11-23T01:58:14.906670,100,16863,32.000065,36.01559,0,1,58-16863,11653,N/A
2025-11-23T01:58:14.906670,100,97599,31.992634,35.890064,309.89,1,58-97599,10622,N/A
2025-11-23T01:58:14.906670,100,10987,32.000244,36.01543,0,1,58-10987,11653,N/A
2025-11-23T01:58:14.906670,100,52302,31.964375,35.960926,34.79,1,58-52302,11653,N/A
2025-11-23T01:58:14.906670,100,21423,32.000317,36.01466,218.2,1,58-21423,11653,N/A
2025-11-23T01:58:14.906670,100,30732,32.004444,36.00834,359.4,1,58-30732,11651,N/A
2025-11-23T01:58:14.906670,100,95161,32.000343,36.014633,177.4,1,58-95161,11653,N/A
2025-11-23T01:58:14.906670,100,90702,32.021866,35.844257,43.9,1,58-90702,10613,N/A
2025-11-23T01:58:14.906670,100,10993,32.00027,36.014793,234.1,1,58-10993,11652,N/A
2025-11-23T01:58:14.906670,100,10981,31.999386,36.014343,0,1,58-10981,11653,N/A
2025-11-23T01:58:14.906670,100,11538,32.000355,36.014435,0,1,58-11538,11653,N/A
2025-11-23T01:58:14.906670,100,11520,32.000126,36.014256,298.39,1,58-11520,11653,N/A
2025-11-23T01:58:14.906670,100,93641,31.99996,36.015163,246.4,1,58-93641,11653,N/A
2025-11-23T01:58:14.906670,100,82779,31.963634,35.960278,36.1,1,58-82779,11653,N/A
2025-11-23T01:58:14.906670,100,10996,31.960546,35.956833,0,1,58-10996,11653,N/A
2025-11-23T01:58:14.906670,100,11544,31.961313,35.958122,0,1,58-11544,11653,N/A
2025-11-23T01:59:01.307415,99,22057,32.00033,36.01411,120.8,0,58-22057,10614,N/A
2025-11-23T01:59:01.307415,99,97202,32.000256,36.015682,11.6,0,58-97202,11671,N/A
2025-11-23T01:59:01.307415,99,32725,31.99941,36.014168,116.7,0,58-32725,10625,N/A
2025-11-23T01:59:01.307415,99,96335,31.94514,35.927013,105.5,0,58-96335,10641,N/A
2025-11-23T01:59:01.307415,99,72129,31.944706,35.928158,106.5,0,58-72129,10641,N/A
2025-11-23T01:59:01.307415,99,45556,32.020844,35.84248,286.7,0,58-45556,10612,N/A
2025-11-23T01:59:01.307415,99,11005,32.00024,36.015,0,0,58-11005,10625,N/A
2025-11-23T01:59:01.307415,99,28732,32.021492,35.842632,46.1,0,58-28732,10612,N/A
2025-11-23T01:59:01.307415,99,66163,32.02123,35.84215,346.2,0,58-66163,10612,N/A
2025-11-23T01:59:01.307415,99,56867,32.020847,35.842632,289.3,0,58-56867,10612,N/A
2025-11-23T01:59:01.307415,99,25354,31.944778,35.92804,106.1,0,58-25354,10641,N/A
2025-11-23T01:59:01.307415,99,11649,32.022224,35.845154,72.31,0,58-11649,10612,N/A
2025-11-23T01:59:01.307415,99,11547,32.00016,36.01502,0,0,58-11547,10622,N/A
2025-11-23T01:59:01.307415,99,37113,32.02158,35.842438,0,0,58-37113,10612,N/A
2025-11-23T01:59:01.307415,99,11718,31.94541,35.928734,0,0,58-11718,10635,N/A
2025-11-23T01:59:01.307415,99,49451,31.946053,35.92815,294.1,1,58-49451,10643,N/A
2025-11-23T01:59:01.307415,99,11670,32.00448,36.008205,0,1,58-11670,10636,N/A
2025-11-23T01:59:01.307415,99,11499,32.00014,36.015255,0,1,58-11499,10635,N/A
2025-11-23T01:59:01.307415,99,11526,32.0002,36.01552,0,1,58-11526,10622,N/A
2025-11-23T01:59:01.307415,99,73439,32.023087,35.848095,252.9,1,58-73439,10613,N/A
2025-11-23T01:59:01.307415,99,52827,31.94586,35.91979,285.5,1,58-52827,10643,N/A
2025-11-23T01:59:01.307415,99,11493,31.94533,35.928787,0,1,58-11493,10643,N/A
2025-11-23T01:59:01.307415,99,11496,32.00006,36.015587,192.2,1,58-11496,10642,N/A
2025-11-23T01:59:01.307415,100,50152,31.99949,36.013763,130.8,0,58-50152,10613,N/A
2025-11-23T01:59:01.307415,100,63240,32.001354,36.014027,197,0,58-63240,11649,N/A
2025-11-23T01:59:01.307415,100,98191,32.00009,36.015476,0,0,58-98191,10622,N/A
2025-11-23T01:59:01.307415,100,10975,31.999632,36.016132,197.68,0,58-10975,11649,N/A
2025-11-23T01:59:01.307415,100,48886,32.00026,36.015392,21.5,0,58-48886,11649,N/A
2025-11-23T01:59:01.307415,100,11523,32.000935,36.013863,197.6,0,58-11523,10612,N/A
2025-11-23T01:59:01.307415,100,11014,32.004826,36.014347,132.1,0,58-11014,10619,N/A
2025-11-23T01:59:01.307415,100,11724,32.000275,36.01534,0,0,58-11724,11648,N/A
2025-11-23T01:59:01.307415,100,40779,31.96065,35.95736,40.9,0,58-40779,11651,N/A
2025-11-23T01:59:01.307415,100,24926,31.999966,36.015114,232.1,0,58-24926,11653,N/A
2025-11-23T01:59:01.307415,100,50752,32.000263,36.01564,74.8,1,58-50752,11651,N/A
2025-11-23T01:59:01.307415,100,05961,32.000313,36.015438,31.1,1,58-95961,11653,N/A
2025-11-23T01:59:01.307415,100,16863,32.000065,36.01559,0,1,58-16863,11653,N/A
2025-11-23T01:59:01.307415,100,97599,31.992634,35.890064,309.89,1,58-97599,10622,N/A
2025-11-23T01:59:01.307415,100,10987,32.000244,36.01543,0,1,58-10987,11653,N/A
2025-11-23T01:59:01.307415,100,52302,31.964375,35.960926,34.79,1,58-52302,11653,N/A
2025-11-23T01:59:01.307415,100,21423,32.000317,36.01466,218.2,1,58-21423,11653,N/A
2025-11-23T01:59:01.307415,100,30732,32.004444,36.00834,359.4,1,58-30732,11651,N/A
2025-11-23T01:59:01.307415,100,95161,32.000343,36.014633,177.4,1,58-95161,11653,N/A
2025-11-23T01:59:01.307415,100,90702,32.021866,35.844257,43.9,1,58-90702,10613,N/A
2025-11-23T01:59:01.307415,100,10993,32.00027,36.014793,234.1,1,58-10993,11652,N/A
2025-11-23T01:59:01.307415,100,10981,31.999386,36.014343,0,1,58-10981,11653,N/A
2025-11-23T01:59:01.307415,100,11538,32.000355,36.014435,0,1,58-11538,11653,N/A
2025-11-23T01:59:01.307415,100,11520,32.000126,36.014256,298.39,1,58-11520,11653,N/A
2025-11-23T01:59:01.307415,100,93641,31.99996,36.015163,246.4,1,58-93641,11653,N/A
2025-11-23T01:59:01.307415,100,82779,31.963634,35.960278,36.1,1,58-82779,11653,N/A
2025-11-23T01:59:01.307415,100,10996,31.960546,35.956833,0,1,58-10996,11653,N/A
2025-11-23T01:59:01.307415,100,11544,31.961313,35.958122,0,1,58-11544,11653,N/A
2025-11-23T01:59:56.105481,99,22057,32.00033,36.01411,120.8,0,58-22057,11675,N/A
2025-11-23T01:59:56.105481,99,97202,32.000256,36.015682,11.6,0,58-97202,11671,N/A
2025-11-23T01:59:56.105481,99,32725,31.99941,36.014168,116.7,0,58-32725,10625,N/A
2025-11-23T01:59:56.105481,99,96335,31.94514,35.927013,105.5,0,58-96335,10641,N/A
2025-11-23T01:59:56.105481,99,72129,31.944706,35.928158,106.5,0,58-72129,10641,N/A
2025-11-23T01:59:56.105481,99,45556,32.020844,35.84248,286.7,0,58-45556,10612,N/A
2025-11-23T01:59:56.105481,99,11005,32.00024,36.015,0,0,58-11005,10625,N/A
2025-11-23T01:59:56.105481,99,28732,32.021748,35.842438,58.6,0,58-28732,10612,N/A
2025-11-23T01:59:56.105481,99,66163,32.02123,35.84215,346.2,0,58-66163,10612,N/A
2025-11-23T01:59:56.105481,99,56867,32.020847,35.842632,289.3,0,58-56867,10612,N/A
2025-11-23T01:59:56.105481,99,25354,31.944778,35.92804,106.1,0,58-25354,10641,N/A
2025-11-23T01:59:56.105481,99,11649,32.022224,35.845154,72.31,0,58-11649,10612,N/A
2025-11-23T01:59:56.105481,99,11547,32.00016,36.01502,0,0,58-11547,10622,N/A
2025-11-23T01:59:56.105481,99,37113,32.02191,35.843987,70,0,58-37113,10612,N/A
2025-11-23T01:59:56.105481,99,11718,31.94541,35.928734,0,0,58-11718,10635,N/A
2025-11-23T01:59:56.105481,99,49451,31.946053,35.92815,294.1,1,58-49451,10643,N/A
2025-11-23T01:59:56.105481,99,11670,32.00448,36.008205,0,1,58-11670,10636,N/A
2025-11-23T01:59:56.105481,99,11499,32.00014,36.015255,0,1,58-11499,10635,N/A
2025-11-23T01:59:56.105481,99,11526,32.0002,36.01552,0,1,58-11526,10622,N/A
2025-11-23T01:59:56.105481,99,73439,32.023087,35.848095,252.9,1,58-73439,10613,N/A
2025-11-23T01:59:56.105481,99,52827,31.94586,35.91979,285.5,1,58-52827,10643,N/A
2025-11-23T01:59:56.105481,99,11493,31.94533,35.928787,0,1,58-11493,10643,N/A
2025-11-23T01:59:56.105481,99,11496,32.00006,36.015587,192.2,1,58-11496,10642,N/A
2025-11-23T01:59:56.105481,100,50152,31.99949,36.013763,130.8,0,58-50152,10613,N/A
2025-11-23T01:59:56.105481,100,63240,32.001354,36.014027,197,0,58-63240,11649,N/A
2025-11-23T01:59:56.105481,100,98191,32.00009,36.015476,0,0,58-98191,10622,N/A
2025-11-23T01:59:56.105481,100,10975,31.999632,36.016132,197.68,0,58-10975,11649,N/A
2025-11-23T01:59:56.105481,100,48886,32.00026,36.015392,21.5,0,58-48886,11649,N/A
2025-11-23T01:59:56.105481,100,11523,32.000935,36.013863,197.6,0,58-11523,10612,N/A
2025-11-23T01:59:56.105481,100,11014,32.004826,36.014347,132.1,0,58-11014,10619,N/A
2025-11-23T01:59:56.105481,100,11724,32.000275,36.01534,0,0,58-11724,11648,N/A
2025-11-23T01:59:56.105481,100,40779,31.96065,35.95736,40.9,0,58-40779,11651,N/A
2025-11-23T01:59:56.105481,100,24926,31.999966,36.015114,232.1,0,58-24926,11653,N/A
2025-11-23T01:59:56.105481,100,50752,32.000263,36.01564,74.8,1,58-50752,11651,N/A
2025-11-23T01:59:56.105481,100,05961,32.000313,36.015438,31.1,1,58-95961,11653,N/A
2025-11-23T01:59:56.105481,100,16863,32.000065,36.01559,0,1,58-16863,11653,N/A
2025-11-23T01:59:56.105481,100,97599,31.992634,35.890064,309.89,1,58-97599,10622,N/A
2025-11-23T01:59:56.105481,100,10987,32.000244,36.01543,0,1,58-10987,11653,N/A
2025-11-23T01:59:56.105481,100,52302,31.964375,35.960926,34.79,1,58-52302,11653,N/A
2025-11-23T01:59:56.105481,100,21423,32.000317,36.01466,218.2,1,58-21423,11653,N/A
2025-11-23T01:59:56.105481,100,30732,32.004444,36.00834,359.4,1,58-30732,11651,N/A
2025-11-23T01:59:56.105481,100,95161,32.000343,36.014633,177.4,1,58-95161,11653,N/A
2025-11-23T01:59:56.105481,100,90702,32.021866,35.844257,43.9,1,58-90702,10613,N/A
2025-11-23T01:59:56.105481,100,10993,32.00027,36.014793,234.1,1,58-10993,11652,N/A
2025-11-23T01:59:56.105481,100,10981,31.999386,36.014343,0,1,58-10981,11653,N/A
2025-11-23T01:59:56.105481,100,11538,32.000355,36.014435,0,1,58-11538,11653,N/A
2025-11-23T01:59:56.105481,100,11520,32.000126,36.014256,298.39,1,58-11520,11653,N/A
2025-11-23T01:59:56.105481,100,93641,31.99996,36.015163,246.4,1,58-93641,11653,N/A
2025-11-23T01:59:56.105481,100,82779,31.963634,35.960278,36.1,1,58-82779,11653,N/A
2025-11-23T01:59:56.105481,100,10996,31.960546,35.956833,0,1,58-10996,11653,N/A
2025-11-23T01:59:56.105481,100,11544,31.961313,35.958122,0,1,58-11544,11653,N/A
2025-11-23T02:00:48.989578,99,22057,32.00033,36.01411,120.8,0,58-22057,10614,N/A
2025-11-23T02:00:48.989578,99,97202,32.000256,36.015682,11.6,0,58-97202,11671,N/A
2025-11-23T02:00:48.989578,99,32725,31.99941,36.014168,116.7,0,58-32725,10625,N/A
2025-11-23T02:00:48.989578,99,96335,31.94514,35.927013,105.5,0,58-96335,10641,N/A
2025-11-23T02:00:48.989578,99,72129,31.944706,35.928158,106.5,0,58-72129,10641,N/A
2025-11-23T02:00:48.989578,99,45556,32.020844,35.84248,286.7,0,58-45556,10612,N/A
2025-11-23T02:00:48.989578,99,11005,32.00024,36.015,0,0,58-11005,10625,N/A
2025-11-23T02:00:48.989578,99,28732,32.021492,35.842632,46.1,0,58-28732,10612,N/A
2025-11-23T02:00:48.989578,99,66163,32.02123,35.84215,346.2,0,58-66163,10612,N/A
2025-11-23T02:00:48.989578,99,56867,32.020847,35.842632,289.3,0,58-56867,10612,N/A
2025-11-23T02:00:48.989578,99,25354,31.944778,35.92804,106.1,0,58-25354,10641,N/A
2025-11-23T02:00:48.989578,99,11649,32.022224,35.845154,72.31,0,58-11649,10612,N/A
2025-11-23T02:00:48.989578,99,11547,32.00016,36.01502,0,0,58-11547,10622,N/A
2025-11-23T02:00:48.989578,99,37113,32.02158,35.842438,0,0,58-37113,10612,N/A
2025-11-23T02:00:48.989578,99,11718,31.94541,35.928734,0,0,58-11718,10635,N/A
2025-11-23T02:00:48.989578,99,49451,31.946053,35.92815,294.1,1,58-49451,10643,N/A
2025-11-23T02:00:48.989578,99,11670,32.00448,36.008205,0,1,58-11670,10636,N/A
2025-11-23T02:00:48.989578,99,11499,32.00014,36.015255,0,1,58-11499,10635,N/A
2025-11-23T02:00:48.989578,99,11526,32.0002,36.01552,0,1,58-11526,10622,N/A
2025-11-23T02:00:48.989578,99,73439,32.023087,35.848095,252.9,1,58-73439,10613,N/A
2025-11-23T02:00:48.989578,99,52827,31.94586,35.91979,285.5,1,58-52827,10643,N/A
2025-11-23T02:00:48.989578,99,11493,31.94533,35.928787,0,1,58-11493,10643,N/A
2025-11-23T02:00:48.989578,99,11496,32.00006,36.015587,192.2,1,58-11496,10642,N/A
2025-11-23T02:00:48.989578,100,50152,31.99949,36.013763,130.8,0,58-50152,10613,N/A
2025-11-23T02:00:48.989578,100,63240,32.001354,36.014027,197,0,58-63240,11649,N/A
2025-11-23T02:00:48.989578,100,98191,32.000126,36.015465,190.8,0,58-98191,10622,N/A
2025-11-23T02:00:48.989578,100,10975,31.999632,36.016132,197.68,0,58-10975,11649,N/A
2025-11-23T02:00:48.989578,100,48886,32.00026,36.015392,21.5,0,58-48886,11649,N/A
2025-11-23T02:00:48.989578,100,11523,32.000935,36.013863,197.6,0,58-11523,10612,N/A
2025-11-23T02:00:48.989578,100,11014,32.004826,36.014347,132.1,0,58-11014,10623,N/A
2025-11-23T02:00:48.989578,100,11724,32.000275,36.01534,0,0,58-11724,11648,N/A
2025-11-23T02:00:48.989578,100,40779,31.96065,35.95736,40.9,0,58-40779,11651,N/A
2025-11-23T02:00:48.989578,100,24926,31.999966,36.015114,232.1,0,58-24926,11653,N/A
2025-11-23T02:00:48.989578,100,50752,32.000263,36.01564,74.8,1,58-50752,11651,N/A
2025-11-23T02:00:48.989578,100,05961,32.000313,36.015438,31.1,1,58-95961,11653,N/A
2025-11-23T02:00:48.989578,100,16863,32.000065,36.01559,0,1,58-16863,11653,N/A
2025-11-23T02:00:48.989578,100,97599,31.992634,35.890064,309.89,1,58-97599,10622,N/A
2025-11-23T02:00:48.989578,100,10987,32.000244,36.01543,0,1,58-10987,11653,N/A
2025-11-23T02:00:48.989578,100,52302,31.964375,35.960926,34.79,1,58-52302,11653,N/A
2025-11-23T02:00:48.989578,100,21423,32.000317,36.01466,218.2,1,58-21423,11653,N/A
2025-11-23T02:00:48.989578,100,30732,32.004444,36.00834,359.4,1,58-30732,11651,N/A
2025-11-23T02:00:48.989578,100,95161,32.000343,36.014633,177.4,1,58-95161,11653,N/A
2025-11-23T02:00:48.989578,100,90702,32.021866,35.844257,43.9,1,58-90702,10613,N/A
2025-11-23T02:00:48.989578,100,10993,32.00027,36.014793,234.1,1,58-10993,11652,N/A
2025-11-23T02:00:48.989578,100,10981,31.999386,36.014343,0,1,58-10981,11653,N/A
2025-11-23T02:00:48.989578,100,11538,32.000355,36.014435,0,1,58-11538,11653,N/A
2025-11-23T02:00:48.989578,100,11520,32.000126,36.014256,298.39,1,58-11520,11653,N/A
2025-11-23T02:00:48.989578,100,93641,31.99996,36.015163,246.4,1,58-93641,11653,N/A
2025-11-23T02:00:48.989578,100,82779,31.963634,35.960278,36.1,1,58-82779,11653,N/A
2025-11-23T02:00:48.989578,100,10996,31.960546,35.956833,0,1,58-10996,11653,N/A
2025-11-23T02:00:48.989578,100,11544,31.961313,35.958122,0,1,58-11544,11653,N/A
2025-11-23T02:01:46.702007,99,22057,32.00033,36.01411,120.8,0,58-22057,11675,N/A
2025-11-23T02:01:46.702007,99,97202,32.000256,36.015682,11.6,0,58-97202,11671,N/A
2025-11-23T02:01:46.702007,99,32725,31.99941,36.014168,116.7,0,58-32725,10625,N/A
2025-11-23T02:01:46.702007,99,96335,31.94514,35.927013,105.5,0,58-96335,10641,N/A
2025-11-23T02:01:46.702007,99,72129,31.944706,35.928158,106.5,0,58-72129,10641,N/A
2025-11-23T02:01:46.702007,99,45556,32.020844,35.84248,286.7,0,58-45556,10612,N/A
2025-11-23T02:01:46.702007,99,11005,32.00024,36.015,0,0,58-11005,10625,N/A
2025-11-23T02:01:46.702007,99,28732,32.021748,35.842438,58.6,0,58-28732,10612,N/A
2025-11-23T02:01:46.702007,99,66163,32.02123,35.84215,346.2,0,58-66163,10612,N/A
2025-11-23T02:01:46.702007,99,56867,32.020847,35.842632,289.3,0,58-56867,10612,N/A
2025-11-23T02:01:46.702007,99,25354,31.944778,35.92804,106.1,0,58-25354,10641,N/A
2025-11-23T02:01:46.702007,99,11649,32.022224,35.845154,72.31,0,58-11649,10612,N/A
2025-11-23T02:01:46.702007,99,11547,32.00016,36.01502,0,0,58-11547,10622,N/A
2025-11-23T02:01:46.702007,99,37113,32.02191,35.843987,70,0,58-37113,10612,N/A
2025-11-23T02:01:46.702007,99,11718,31.94541,35.928734,0,0,58-11718,10635,N/A
2025-11-23T02:01:46.702007,99,49451,31.946053,35.92815,294.1,1,58-49451,10643,N/A
2025-11-23T02:01:46.702007,99,11670,32.00448,36.008205,0,1,58-11670,10636,N/A
2025-11-23T02:01:46.702007,99,11499,32.00014,36.015255,0,1,58-11499,10635,N/A
2025-11-23T02:01:46.702007,99,11526,32.0002,36.01552,0,1,58-11526,10622,N/A
2025-11-23T02:01:46.702007,99,73439,32.023087,35.848095,252.9,1,58-73439,10613,N/A
2025-11-23T02:01:46.702007,99,52827,31.94586,35.91979,285.5,1,58-52827,10643,N/A
2025-11-23T02:01:46.702007,99,11493,31.94533,35.928787,0,1,58-11493,10643,N/A
2025-11-23T02:01:46.702007,99,11496,32.00006,36.015587,192.2,1,58-11496,10642,N/A
2025-11-23T02:01:46.702007,100,50152,31.99949,36.013763,130.8,0,58-50152,10613,N/A
2025-11-23T02:01:46.702007,100,63240,32.001354,36.014027,197,0,58-63240,11649,N/A
2025-11-23T02:01:46.702007,100,98191,32.000126,36.015465,190.8,0,58-98191,10622,N/A
2025-11-23T02:01:46.702007,100,10975,31.999632,36.016132,197.68,0,58-10975,11649,N/A
2025-11-23T02:01:46.702007,100,48886,32.00026,36.015392,21.5,0,58-48886,11649,N/A
2025-11-23T02:01:46.702007,100,11523,32.000935,36.013863,197.6,0,58-11523,10612,N/A
2025-11-23T02:01:46.702007,100,11014,32.004826,36.014347,132.1,0,58-11014,10623,N/A
2025-11-23T02:01:46.702007,100,11724,32.000275,36.01534,0,0,58-11724,11648,N/A
2025-11-23T02:01:46.702007,100,40779,31.96065,35.95736,40.9,0,58-40779,11651,N/A
2025-11-23T02:01:46.702007,100,24926,31.999966,36.015114,232.1,0,58-24926,11653,N/A
2025-11-23T02:01:46.702007,100,50752,32.000263,36.01564,74.8,1,58-50752,11653,N/A
2025-11-23T02:01:46.702007,100,05961,32.000313,36.015438,31.1,1,58-95961,11653,N/A
2025-11-23T02:01:46.702007,100,16863,32.000065,36.01559,0,1,58-16863,11653,N/A
2025-11-23T02:01:46.702007,100,97599,31.992634,35.890064,309.89,1,58-97599,10622,N/A
2025-11-23T02:01:46.702007,100,10987,32.000244,36.01543,0,1,58-10987,11653,N/A
2025-11-23T02:01:46.702007,100,52302,31.964375,35.960926,34.79,1,58-52302,11653,N/A
2025-11-23T02:01:46.702007,100,21423,32.000317,36.01466,218.2,1,58-21423,11653,N/A
2025-11-23T02:01:46.702007,100,30732,32.004444,36.00834,359.4,1,58-30732,11653,N/A
2025-11-23T02:01:46.702007,100,95161,32.000343,36.014633,177.4,1,58-95161,11653,N/A
2025-11-23T02:01:46.702007,100,90702,32.021866,35.844257,43.9,1,58-90702,10613,N/A
2025-11-23T02:01:46.702007,100,10993,32.00027,36.014793,234.1,1,58-10993,11653,N/A
2025-11-23T02:01:46.702007,100,10981,31.999386,36.014343,0,1,58-10981,11651,N/A
2025-11-23T02:01:46.702007,100,11538,32.000355,36.014435,0,1,58-11538,11652,N/A
2025-11-23T02:01:46.702007,100,11520,32.000126,36.014256,298.39,1,58-11520,11653,N/A
2025-11-23T02:01:46.702007,100,93641,31.99996,36.015163,246.4,1,58-93641,11653,N/A
2025-11-23T02:01:46.702007,100,82779,31.963634,35.960278,36.1,1,58-82779,11653,N/A
2025-11-23T02:01:46.702007,100,10996,31.960546,35.956833,0,1,58-10996,11653,N/A
2025-11-23T02:01:46.702007,100,11544,31.961313,35.958122,0,1,58-11544,11653,N/A
2025-11-23T02:02:42.023274,99,22057,32.00033,36.01411,120.8,0,58-22057,10614,N/A
2025-11-23T02:02:42.023274,99,97202,32.000256,36.015682,11.6,0,58-97202,11671,N/A
2025-11-23T02:02:42.023274,99,32725,31.99941,36.014168,116.7,0,58-32725,10625,N/A
2025-11-23T02:02:42.023274,99,96335,31.94514,35.927013,105.5,0,58-96335,10641,N/A
2025-11-23T02:02:42.023274,99,72129,31.944706,35.928158,106.5,0,58-72129,10641,N/A
2025-11-23T02:02:42.023274,99,45556,32.020844,35.84248,286.7,0,58-45556,10612,N/A
2025-11-23T02:02:42.023274,99,11005,32.00024,36.015,0,0,58-11005,10625,N/A
2025-11-23T02:02:42.023274,99,28732,32.021492,35.842632,46.1,0,58-28732,10612,N/A
2025-11-23T02:02:42.023274,99,66163,32.02123,35.84215,346.2,0,58-66163,10612,N/A
2025-11-23T02:02:42.023274,99,56867,32.020847,35.842632,289.3,0,58-56867,10612,N/A
2025-11-23T02:02:42.023274,99,25354,31.944778,35.92804,106.1,0,58-25354,10641,N/A
2025-11-23T02:02:42.023274,99,11649,32.022224,35.845154,72.31,0,58-11649,10612,N/A
2025-11-23T02:02:42.023274,99,11547,32.00016,36.01502,0,0,58-11547,10622,N/A
2025-11-23T02:02:42.023274,99,37113,32.02158,35.842438,0,0,58-37113,10612,N/A
2025-11-23T02:02:42.023274,99,11718,31.94541,35.928734,0,0,58-11718,10635,N/A
2025-11-23T02:02:42.023274,99,49451,31.946053,35.92815,294.1,1,58-49451,10643,N/A
2025-11-23T02:02:42.023274,99,11670,32.00448,36.008205,0,1,58-11670,10636,N/A
2025-11-23T02:02:42.023274,99,11499,32.00014,36.015255,0,1,58-11499,10635,N/A
2025-11-23T02:02:42.023274,99,11526,32.0002,36.01552,0,1,58-11526,10622,N/A
2025-11-23T02:02:42.023274,99,73439,32.023087,35.848095,252.9,1,58-73439,10613,N/A
2025-11-23T02:02:42.023274,99,52827,31.94586,35.91979,285.5,1,58-52827,10643,N/A
2025-11-23T02:02:42.023274,99,11493,31.94533,35.928787,0,1,58-11493,10643,N/A
2025-11-23T02:02:42.023274,99,11496,32.00006,36.015587,192.2,1,58-11496,10642,N/A
2025-11-23T02:02:42.023274,100,50152,31.99949,36.013763,130.8,0,58-50152,10613,N/A
2025-11-23T02:02:42.023274,100,63240,32.001354,36.014027,197,0,58-63240,11649,N/A
2025-11-23T02:02:42.023274,100,98191,32.00009,36.015476,0,0,58-98191,10622,N/A
2025-11-23T02:02:42.023274,100,10975,31.999632,36.016132,197.68,0,58-10975,11649,N/A
2025-11-23T02:02:42.023274,100,48886,32.00026,36.015392,21.5,0,58-48886,11649,N/A
2025-11-23T02:02:42.023274,100,11523,32.000935,36.013863,197.6,0,58-11523,10612,N/A
2025-11-23T02:02:42.023274,100,11014,32.004826,36.014347,132.1,0,58-11014,10619,N/A
2025-11-23T02:02:42.023274,100,11724,32.000275,36.01534,0,0,58-11724,11648,N/A
2025-11-23T02:02:42.023274,100,40779,31.96065,35.95736,40.9,0,58-40779,11651,N/A
2025-11-23T02:02:42.023274,100,24926,31.999966,36.015114,232.1,0,58-24926,11653,N/A
2025-11-23T02:02:42.023274,100,50752,32.000263,36.01564,74.8,1,58-50752,11651,N/A
2025-11-23T02:02:42.023274,100,05961,32.000313,36.015438,31.1,1,58-95961,11653,N/A
2025-11-23T02:02:42.023274,100,16863,32.000065,36.01559,0,1,58-16863,11653,N/A
2025-11-23T02:02:42.023274,100,97599,31.992634,35.890064,309.89,1,58-97599,10622,N/A
2025-11-23T02:02:42.023274,100,10987,32.000244,36.01543,0,1,58-10987,11653,N/A
2025-11-23T02:02:42.023274,100,52302,31.964375,35.960926,34.79,1,58-52302,11653,N/A
2025-11-23T02:02:42.023274,100,21423,32.000317,36.01466,218.2,1,58-21423,11653,N/A
2025-11-23T02:02:42.023274,100,30732,32.004444,36.00834,359.4,1,58-30732,11651,N/A
2025-11-23T02:02:42.023274,100,95161,32.000343,36.014633,177.4,1,58-95161,11653,N/A
2025-11-23T02:02:42.023274,100,90702,32.021866,35.844257,43.9,1,58-90702,10613,N/A
2025-11-23T02:02:42.023274,100,10993,32.00027,36.014793,234.1,1,58-10993,11652,N/A
2025-11-23T02:02:42.023274,100,10981,31.999386,36.014343,0,1,58-10981,11653,N/A
2025-11-23T02:02:42.023274,100,11538,32.000355,36.014435,0,1,58-11538,11653,N/A
2025-11-23T02:02:42.023274,100,11520,32.000126,36.014256,298.39,1,58-11520,11653,N/A
2025-11-23T02:02:42.023274,100,93641,31.99996,36.015163,246.4,1,58-93641,11653,N/A
2025-11-23T02:02:42.023274,100,82779,31.963634,35.960278,36.1,1,58-82779,11653,N/A
2025-11-23T02:02:42.023274,100,10996,31.960546,35.956833,0,1,58-10996,11653,N/A
2025-11-23T02:02:42.023274,100,11544,31.961313,35.958122,0,1,58-11544,11653,N/A
2025-11-23T02:03:39.614075,99,22057,32.00033,36.01411,120.8,0,58-22057,10614,N/A
2025-11-23T02:03:39.614075,99,97202,32.000256,36.015682,11.6,0,58-97202,11671,N/A
2025-11-23T02:03:39.614075,99,32725,31.99941,36.014168,116.7,0,58-32725,10625,N/A
2025-11-23T02:03:39.614075,99,96335,31.94514,35.927013,105.5,0,58-96335,10641,N/A
2025-11-23T02:03:39.614075,99,72129,31.944706,35.928158,106.5,0,58-72129,10641,N/A
2025-11-23T02:03:39.614075,99,45556,32.020844,35.84248,286.7,0,58-45556,10612,N/A
2025-11-23T02:03:39.614075,99,11005,32.00024,36.015,0,0,58-11005,10625,N/A
2025-11-23T02:03:39.614075,99,28732,32.021492,35.842632,46.1,0,58-28732,10612,N/A
2025-11-23T02:03:39.614075,99,66163,32.02123,35.84215,346.2,0,58-66163,10612,N/A
2025-11-23T02:03:39.614075,99,56867,32.020847,35.842632,289.3,0,58-56867,10612,N/A
2025-11-23T02:03:39.614075,99,25354,31.944778,35.92804,106.1,0,58-25354,10641,N/A
2025-11-23T02:03:39.614075,99,11649,32.022224,35.845154,72.31,0,58-11649,10612,N/A
2025-11-23T02:03:39.614075,99,11547,32.00016,36.01502,0,0,58-11547,10622,N/A
2025-11-23T02:03:39.614075,99,37113,32.02158,35.842438,0,0,58-37113,10612,N/A
2025-11-23T02:03:39.614075,99,11718,31.94541,35.928734,0,0,58-11718,10635,N/A
2025-11-23T02:03:39.614075,99,49451,31.946053,35.92815,294.1,1,58-49451,10643,N/A
2025-11-23T02:03:39.614075,99,11670,32.00448,36.008205,0,1,58-11670,10636,N/A
2025-11-23T02:03:39.614075,99,11499,32.00014,36.015255,0,1,58-11499,10635,N/A
2025-11-23T02:03:39.614075,99,11526,32.0002,36.01552,0,1,58-11526,10622,N/A
2025-11-23T02:03:39.614075,99,73439,32.023087,35.848095,252.9,1,58-73439,10613,N/A
2025-11-23T02:03:39.614075,99,52827,31.94586,35.91979,285.5,1,58-52827,10643,N/A
2025-11-23T02:03:39.614075,99,11493,31.94533,35.928787,0,1,58-11493,10643,N/A
2025-11-23T02:03:39.614075,99,11496,32.00006,36.015587,192.2,1,58-11496,10642,N/A
2025-11-23T02:03:39.614075,100,50152,31.99949,36.013763,130.8,0,58-50152,10613,N/A
2025-11-23T02:03:39.614075,100,63240,32.001354,36.014027,197,0,58-63240,11649,N/A
2025-11-23T02:03:39.614075,100,98191,32.000126,36.015465,190.8,0,58-98191,10622,N/A
2025-11-23T02:03:39.614075,100,10975,31.999632,36.016132,197.68,0,58-10975,11649,N/A
2025-11-23T02:03:39.614075,100,48886,32.00026,36.015392,21.5,0,58-48886,11649,N/A
2025-11-23T02:03:39.614075,100,11523,32.000935,36.013863,197.6,0,58-11523,10612,N/A
2025-11-23T02:03:39.614075,100,11014,32.004826,36.014347,132.1,0,58-11014,10623,N/A
2025-11-23T02:03:39.614075,100,11724,32.000275,36.01534,0,0,58-11724,11648,N/A
2025-11-23T02:03:39.614075,100,40779,31.96065,35.95736,40.9,0,58-40779,11651,N/A
2025-11-23T02:03:39.614075,100,24926,31.999966,36.015114,232.1,0,58-24926,11653,N/A
2025-11-23T02:03:39.614075,100,50752,32.000263,36.01564,74.8,1,58-50752,11653,N/A
2025-11-23T02:03:39.614075,100,05961,32.000313,36.015438,31.1,1,58-95961,11653,N/A
2025-11-23T02:03:39.614075,100,16863,32.000065,36.01559,0,1,58-16863,11653,N/A
2025-11-23T02:03:39.614075,100,97599,31.992634,35.890064,309.89,1,58-97599,10622,N/A
2025-11-23T02:03:39.614075,100,10987,32.000244,36.01543,0,1,58-10987,11653,N/A
2025-11-23T02:03:39.614075,100,52302,31.964375,35.960926,34.79,1,58-52302,11653,N/A
2025-11-23T02:03:39.614075,100,21423,32.000317,36.01466,218.2,1,58-21423,11653,N/A
2025-11-23T02:03:39.614075,100,30732,32.004444,36.00834,359.4,1,58-30732,11653,N/A
2025-11-23T02:03:39.614075,100,95161,32.000343,36.014633,177.4,1,58-95161,11653,N/A
2025-11-23T02:03:39.614075,100,90702,32.021866,35.844257,43.9,1,58-90702,10613,N/A
2025-11-23T02:03:39.614075,100,10993,32.00027,36.014793,234.1,1,58-10993,11653,N/A
2025-11-23T02:03:39.614075,100,10981,31.999386,36.014343,0,1,58-10981,11651,N/A
2025-11-23T02:03:39.614075,100,11538,32.000355,36.014435,0,1,58-11538,11652,N/A
2025-11-23T02:03:39.614075,100,11520,32.000126,36.014256,298.39,1,58-11520,11653,N/A
2025-11-23T02:03:39.614075,100,93641,31.99996,36.015163,246.4,1,58-93641,11653,N/A
2025-11-23T02:03:39.614075,100,82779,31.963634,35.960278,36.1,1,58-82779,11653,N/A
2025-11-23T02:03:39.614075,100,10996,31.960546,35.956833,0,1,58-10996,11653,N/A
2025-11-23T02:03:39.614075,100,11544,31.961313,35.958122,0,1,58-11544,11653,N/A
2025-11-23T02:04:25.536018,99,22057,32.00033,36.01411,120.8,0,58-22057,10614,N/A
2025-11-23T02:04:25.536018,99,97202,32.000256,36.015682,11.6,0,58-97202,11671,N/A
2025-11-23T02:04:25.536018,99,32725,31.99941,36.014168,116.7,0,58-32725,10625,N/A
2025-11-23T02:04:25.536018,99,96335,31.94514,35.927013,105.5,0,58-96335,10641,N/A
2025-11-23T02:04:25.536018,99,72129,31.944706,35.928158,106.5,0,58-72129,10641,N/A
2025-11-23T02:04:25.536018,99,45556,32.020844,35.84248,286.7,0,58-45556,10612,N/A
2025-11-23T02:04:25.536018,99,11005,32.00024,36.015,0,0,58-11005,10625,N/A
2025-11-23T02:04:25.536018,99,28732,32.021492,35.842632,46.1,0,58-28732,10612,N/A
2025-11-23T02:04:25.536018,99,66163,32.02123,35.84215,346.2,0,58-66163,10612,N/A
2025-11-23T02:04:25.536018,99,56867,32.020847,35.842632,289.3,0,58-56867,10612,N/A
2025-11-23T02:04:25.536018,99,25354,31.944778,35.92804,106.1,0,58-25354,10641,N/A
2025-11-23T02:04:25.536018,99,11649,32.022224,35.845154,72.31,0,58-11649,10612,N/A
2025-11-23T02:04:25.536018,99,11547,32.00016,36.01502,0,0,58-11547,10622,N/A
2025-11-23T02:04:25.536018,99,37113,32.02158,35.842438,0,0,58-37113,10612,N/A
2025-11-23T02:04:25.536018,99,11718,31.94541,35.928734,0,0,58-11718,10635,N/A
2025-11-23T02:04:25.536018,99,49451,31.946053,35.92815,294.1,1,58-49451,10643,N/A
2025-11-23T02:04:25.536018,99,11670,32.00448,36.008205,0,1,58-11670,10636,N/A
2025-11-23T02:04:25.536018,99,11499,32.00014,36.015255,0,1,58-11499,10635,N/A
2025-11-23T02:04:25.536018,99,11526,32.0002,36.01552,0,1,58-11526,10622,N/A
2025-11-23T02:04:25.536018,99,73439,32.023087,35.848095,252.9,1,58-73439,10613,N/A
2025-11-23T02:04:25.536018,99,52827,31.94586,35.91979,285.5,1,58-52827,10643,N/A
2025-11-23T02:04:25.536018,99,11493,31.94533,35.928787,0,1,58-11493,10643,N/A
2025-11-23T02:04:25.536018,99,11496,32.00006,36.015587,192.2,1,58-11496,10642,N/A
2025-11-23T02:04:25.536018,100,50152,31.99949,36.013763,130.8,0,58-50152,10613,N/A
2025-11-23T02:04:25.536018,100,63240,32.001354,36.014027,197,0,58-63240,11649,N/A
2025-11-23T02:04:25.536018,100,98191,32.000126,36.015465,190.8,0,58-98191,10622,N/A
2025-11-23T02:04:25.536018,100,10975,31.999632,36.016132,197.68,0,58-10975,11649,N/A
2025-11-23T02:04:25.536018,100,48886,32.00026,36.015392,21.5,0,58-48886,11649,N/A
2025-11-23T02:04:25.536018,100,11523,32.000935,36.013863,197.6,0,58-11523,10612,N/A
2025-11-23T02:04:25.536018,100,11014,32.004826,36.014347,132.1,0,58-11014,10623,N/A
2025-11-23T02:04:25.536018,100,11724,32.000275,36.01534,0,0,58-11724,11648,N/A
2025-11-23T02:04:25.536018,100,40779,31.96065,35.95736,40.9,0,58-40779,11651,N/A
2025-11-23T02:04:25.536018,100,24926,31.999966,36.015114,232.1,0,58-24926,11653,N/A
2025-11-23T02:04:25.536018,100,50752,32.000263,36.01564,74.8,1,58-50752,11653,N/A
2025-11-23T02:04:25.536018,100,05961,32.000313,36.015438,31.1,1,58-95961,11653,N/A
2025-11-23T02:04:25.536018,100,16863,32.000065,36.01559,0,1,58-16863,11653,N/A
2025-11-23T02:04:25.536018,100,97599,31.992634,35.890064,309.89,1,58-97599,10622,N/A
2025-11-23T02:04:25.536018,100,10987,32.000244,36.01543,0,1,58-10987,11653,N/A
2025-11-23T02:04:25.536018,100,52302,31.964375,35.960926,34.79,1,58-52302,11653,N/A
2025-11-23T02:04:25.536018,100,21423,32.000317,36.01466,218.2,1,58-21423,11653,N/A
2025-11-23T02:04:25.536018,100,30732,32.004444,36.00834,359.4,1,58-30732,11653,N/A
2025-11-23T02:04:25.536018,100,95161,32.000343,36.014633,177.4,1,58-95161,11653,N/A
2025-11-23T02:04:25.536018,100,90702,32.021866,35.844257,43.9,1,58-90702,10613,N/A
2025-11-23T02:04:25.536018,100,10993,32.00027,36.014793,234.1,1,58-10993,11653,N/A
2025-11-23T02:04:25.536018,100,10981,31.999386,36.014343,0,1,58-10981,11651,N/A
2025-11-23T02:04:25.536018,100,11538,32.000355,36.014435,0,1,58-11538,11652,N/A
2025-11-23T02:04:25.536018,100,11520,32.000126,36.014256,298.39,1,58-11520,11653,N/A
2025-11-23T02:04:25.536018,100,93641,31.99996,36.015163,246.4,1,58-93641,11653,N/A
2025-11-23T02:04:25.536018,100,82779,31.963634,35.960278,36.1,1,58-82779,11653,N/A
2025-11-23T02:04:25.536018,100,10996,31.960546,35.956833,0,1,58-10996,11653,N/A
2025-11-23T02:04:25.536018,100,11544,31.961313,35.958122,0,1,58-11544,11653,N/A
2025-11-23T02:05:20.889367,99,22057,32.00033,36.01411,120.8,0,58-22057,10614,N/A
2025-11-23T02:05:20.889367,99,97202,32.000256,36.015682,11.6,0,58-97202,11671,N/A
2025-11-23T02:05:20.889367,99,32725,31.99941,36.014168,116.7,0,58-32725,10625,N/A
2025-11-23T02:05:20.889367,99,96335,31.94514,35.927013,105.5,0,58-96335,10641,N/A
2025-11-23T02:05:20.889367,99,72129,31.944706,35.928158,106.5,0,58-72129,10641,N/A
2025-11-23T02:05:20.889367,99,45556,32.020844,35.84248,286.7,0,58-45556,10612,N/A
2025-11-23T02:05:20.889367,99,11005,32.00024,36.015,0,0,58-11005,10625,N/A
2025-11-23T02:05:20.889367,99,28732,32.021492,35.842632,46.1,0,58-28732,10612,N/A
2025-11-23T02:05:20.889367,99,66163,32.02123,35.84215,346.2,0,58-66163,10612,N/A
2025-11-23T02:05:20.889367,99,56867,32.020847,35.842632,289.3,0,58-56867,10612,N/A
2025-11-23T02:05:20.889367,99,25354,31.944778,35.92804,106.1,0,58-25354,10641,N/A
2025-11-23T02:05:20.889367,99,11649,32.022224,35.845154,72.31,0,58-11649,10612,N/A
2025-11-23T02:05:20.889367,99,11547,32.00016,36.01502,0,0,58-11547,10622,N/A
2025-11-23T02:05:20.889367,99,37113,32.02158,35.842438,0,0,58-37113,10612,N/A
2025-11-23T02:05:20.889367,99,11718,31.94541,35.928734,0,0,58-11718,10635,N/A
2025-11-23T02:05:20.889367,99,49451,31.946053,35.92815,294.1,1,58-49451,10643,N/A
2025-11-23T02:05:20.889367,99,11670,32.00448,36.008205,0,1,58-11670,10636,N/A
2025-11-23T02:05:20.889367,99,11499,32.00014,36.015255,0,1,58-11499,10635,N/A
2025-11-23T02:05:20.889367,99,11526,32.0002,36.01552,0,1,58-11526,10622,N/A
2025-11-23T02:05:20.889367,99,73439,32.023087,35.848095,252.9,1,58-73439,10613,N/A
2025-11-23T02:05:20.889367,99,52827,31.94586,35.91979,285.5,1,58-52827,10643,N/A
2025-11-23T02:05:20.889367,99,11493,31.94533,35.928787,0,1,58-11493,10643,N/A
2025-11-23T02:05:20.889367,99,11496,32.00006,36.015587,192.2,1,58-11496,10642,N/A
2025-11-23T02:05:20.889367,100,50152,31.99949,36.013763,130.8,0,58-50152,10613,N/A
2025-11-23T02:05:20.889367,100,63240,32.001354,36.014027,197,0,58-63240,11649,N/A
2025-11-23T02:05:20.889367,100,98191,32.000126,36.015465,190.8,0,58-98191,10622,N/A
2025-11-23T02:05:20.889367,100,10975,31.999632,36.016132,197.68,0,58-10975,11649,N/A
2025-11-23T02:05:20.889367,100,48886,32.00026,36.015392,21.5,0,58-48886,11649,N/A
2025-11-23T02:05:20.889367,100,11523,32.000935,36.013863,197.6,0,58-11523,10612,N/A
2025-11-23T02:05:20.889367,100,11014,32.004826,36.014347,132.1,0,58-11014,10623,N/A
2025-11-23T02:05:20.889367,100,11724,32.000275,36.01534,0,0,58-11724,11648,N/A
2025-11-23T02:05:20.889367,100,40779,31.96065,35.95736,40.9,0,58-40779,11651,N/A
2025-11-23T02:05:20.889367,100,24926,31.999966,36.015114,232.1,0,58-24926,11653,N/A
2025-11-23T02:05:20.889367,100,50752,32.000263,36.01564,74.8,1,58-50752,11653,N/A
2025-11-23T02:05:20.889367,100,05961,32.000313,36.015438,31.1,1,58-95961,11653,N/A
2025-11-23T02:05:20.889367,100,16863,32.000065,36.01559,0,1,58-16863,11653,N/A
2025-11-23T02:05:20.889367,100,97599,31.992634,35.890064,309.89,1,58-97599,10622,N/A
2025-11-23T02:05:20.889367,100,10987,32.000244,36.01543,0,1,58-10987,11653,N/A
2025-11-23T02:05:20.889367,100,52302,31.964375,35.960926,34.79,1,58-52302,11653,N/A
2025-11-23T02:05:20.889367,100,21423,32.000317,36.01466,218.2,1,58-21423,11653,N/A
2025-11-23T02:05:20.889367,100,30732,32.004444,36.00834,359.4,1,58-30732,11653,N/A
2025-11-23T02:05:20.889367,100,95161,32.000343,36.014633,177.4,1,58-95161,11653,N/A
2025-11-23T02:05:20.889367,100,90702,32.021866,35.844257,43.9,1,58-90702,10613,N/A
2025-11-23T02:05:20.889367,100,10993,32.00027,36.014793,234.1,1,58-10993,11653,N/A
2025-11-23T02:05:20.889367,100,10981,31.999386,36.014343,0,1,58-10981,11651,N/A
2025-11-23T02:05:20.889367,100,11538,32.000355,36.014435,0,1,58-11538,11652,N/A
2025-11-23T02:05:20.889367,100,11520,32.000126,36.014256,298.39,1,58-11520,11653,N/A
2025-11-23T02:05:20.889367,100,93641,31.99996,36.015163,246.4,1,58-93641,11653,N/A
2025-11-23T02:05:20.889367,100,82779,31.963634,35.960278,36.1,1,58-82779,11653,N/A
2025-11-23T02:05:20.889367,100,10996,31.960546,35.956833,0,1,58-10996,11653,N/A
2025-11-23T02:05:20.889367,100,11544,31.961313,35.958122,0,1,58-11544,11653,N/A
2025-11-23T02:06:15.879246,99,22057,32.00033,36.01411,120.8,0,58-22057,10614,N/A
2025-11-23T02:06:15.879246,99,97202,32.000256,36.015682,11.6,0,58-97202,11671,N/A
2025-11-23T02:06:15.879246,99,32725,31.99941,36.014168,116.7,0,58-32725,10625,N/A
2025-11-23T02:06:15.879246,99,96335,31.94514,35.927013,105.5,0,58-96335,10641,N/A
2025-11-23T02:06:15.879246,99,72129,31.944706,35.928158,106.5,0,58-72129,10641,N/A
2025-11-23T02:06:15.879246,99,45556,32.020844,35.84248,286.7,0,58-45556,10612,N/A
2025-11-23T02:06:15.879246,99,11005,32.00024,36.015,0,0,58-11005,10625,N/A
2025-11-23T02:06:15.879246,99,28732,32.021492,35.842632,46.1,0,58-28732,10612,N/A
2025-11-23T02:06:15.879246,99,66163,32.02123,35.84215,346.2,0,58-66163,10612,N/A
2025-11-23T02:06:15.879246,99,56867,32.020847,35.842632,289.3,0,58-56867,10612,N/A
2025-11-23T02:06:15.879246,99,25354,31.944778,35.92804,106.1,0,58-25354,10641,N/A
2025-11-23T02:06:15.879246,99,11649,32.022224,35.845154,72.31,0,58-11649,10612,N/A
2025-11-23T02:06:15.879246,99,11547,32.00016,36.01502,0,0,58-11547,10622,N/A
2025-11-23T02:06:15.879246,99,37113,32.02158,35.842438,0,0,58-37113,10612,N/A
2025-11-23T02:06:15.879246,99,11718,31.94541,35.928734,0,0,58-11718,10635,N/A
2025-11-23T02:06:15.879246,99,49451,31.946053,35.92815,294.1,1,58-49451,10643,N/A
2025-11-23T02:06:15.879246,99,11670,32.00448,36.008205,0,1,58-11670,10636,N/A
2025-11-23T02:06:15.879246,99,11499,32.00014,36.015255,0,1,58-11499,10635,N/A
2025-11-23T02:06:15.879246,99,11526,32.0002,36.01552,0,1,58-11526,10622,N/A
2025-11-23T02:06:15.879246,99,73439,32.023087,35.848095,252.9,1,58-73439,10613,N/A
2025-11-23T02:06:15.879246,99,52827,31.94586,35.91979,285.5,1,58-52827,10643,N/A
2025-11-23T02:06:15.879246,99,11493,31.94533,35.928787,0,1,58-11493,10643,N/A
2025-11-23T02:06:15.879246,99,11496,32.00006,36.015587,192.2,1,58-11496,10642,N/A
2025-11-23T02:06:15.879246,100,50152,31.99949,36.013763,130.8,0,58-50152,10613,N/A
2025-11-23T02:06:15.879246,100,63240,32.001354,36.014027,197,0,58-63240,11649,N/A
2025-11-23T02:06:15.879246,100,98191,32.00009,36.015476,0,0,58-98191,10622,N/A
2025-11-23T02:06:15.879246,100,10975,31.999632,36.016132,197.68,0,58-10975,11649,N/A
2025-11-23T02:06:15.879246,100,48886,32.00026,36.015392,21.5,0,58-48886,11649,N/A
2025-11-23T02:06:15.879246,100,11523,32.000935,36.013863,197.6,0,58-11523,10612,N/A
2025-11-23T02:06:15.879246,100,11014,32.004826,36.014347,132.1,0,58-11014,10619,N/A
2025-11-23T02:06:15.879246,100,11724,32.000275,36.01534,0,0,58-11724,11648,N/A
2025-11-23T02:06:15.879246,100,40779,31.96065,35.95736,40.9,0,58-40779,11651,N/A
2025-11-23T02:06:15.879246,100,24926,31.999966,36.015114,232.1,0,58-24926,11653,N/A
2025-11-23T02:06:15.879246,100,50752,32.000263,36.01564,74.8,1,58-50752,11651,N/A
2025-11-23T02:06:15.879246,100,05961,32.000313,36.015438,31.1,1,58-95961,11653,N/A
2025-11-23T02:06:15.879246,100,16863,32.000065,36.01559,0,1,58-16863,11653,N/A
2025-11-23T02:06:15.879246,100,97599,31.992634,35.890064,309.89,1,58-97599,10622,N/A
2025-11-23T02:06:15.879246,100,10987,32.000244,36.01543,0,1,58-10987,11653,N/A
2025-11-23T02:06:15.879246,100,52302,31.964375,35.960926,34.79,1,58-52302,11653,N/A
2025-11-23T02:06:15.879246,100,21423,32.000317,36.01466,218.2,1,58-21423,11653,N/A
2025-11-23T02:06:15.879246,100,30732,32.004444,36.00834,359.4,1,58-30732,11651,N/A
2025-11-23T02:06:15.879246,100,95161,32.000343,36.014633,177.4,1,58-95161,11653,N/A
2025-11-23T02:06:15.879246,100,90702,32.021866,35.844257,43.9,1,58-90702,10613,N/A
2025-11-23T02:06:15.879246,100,10993,32.00027,36.014793,234.1,1,58-10993,11652,N/A
2025-11-23T02:06:15.879246,100,10981,31.999386,36.014343,0,1,58-10981,11653,N/A
2025-11-23T02:06:15.879246,100,11538,32.000355,36.014435,0,1,58-11538,11653,N/A
2025-11-23T02:06:15.879246,100,11520,32.000126,36.014256,298.39,1,58-11520,11653,N/A
2025-11-23T02:06:15.879246,100,93641,31.99996,36.015163,246.4,1,58-93641,11653,N/A
2025-11-23T02:06:15.879246,100,82779,31.963634,35.960278,36.1,1,58-82779,11653,N/A
2025-11-23T02:06:15.879246,100,10996,31.960546,35.956833,0,1,58-10996,11653,N/A
2025-11-23T02:06:15.879246,100,11544,31.961313,35.958122,0,1,58-11544,11653,N/A
2025-11-23T02:07:08.041894,99,22057,32.00033,36.01411,120.8,0,58-22057,11675,N/A
2025-11-23T02:07:08.041894,99,97202,32.000256,36.015682,11.6,0,58-97202,11671,N/A
2025-11-23T02:07:08.041894,99,32725,31.99941,36.014168,116.7,0,58-32725,10625,N/A
2025-11-23T02:07:08.041894,99,96335,31.94514,35.927013,105.5,0,58-96335,10641,N/A
2025-11-23T02:07:08.041894,99,72129,31.944706,35.928158,106.5,0,58-72129,10641,N/A
2025-11-23T02:07:08.041894,99,45556,32.020844,35.84248,286.7,0,58-45556,10612,N/A
2025-11-23T02:07:08.041894,99,11005,32.00024,36.015,0,0,58-11005,10625,N/A
2025-11-23T02:07:08.041894,99,28732,32.021748,35.842438,58.6,0,58-28732,10612,N/A
2025-11-23T02:07:08.041894,99,66163,32.02123,35.84215,346.2,0,58-66163,10612,N/A
2025-11-23T02:07:08.041894,99,56867,32.020847,35.842632,289.3,0,58-56867,10612,N/A
2025-11-23T02:07:08.041894,99,25354,31.944778,35.92804,106.1,0,58-25354,10641,N/A
2025-11-23T02:07:08.041894,99,11649,32.022224,35.845154,72.31,0,58-11649,10612,N/A
2025-11-23T02:07:08.041894,99,11547,32.00016,36.01502,0,0,58-11547,10622,N/A
2025-11-23T02:07:08.041894,99,37113,32.02191,35.843987,70,0,58-37113,10612,N/A
2025-11-23T02:07:08.041894,99,11718,31.94541,35.928734,0,0,58-11718,10635,N/A
2025-11-23T02:07:08.041894,99,49451,31.946053,35.92815,294.1,1,58-49451,10643,N/A
2025-11-23T02:07:08.041894,99,11670,32.00448,36.008205,0,1,58-11670,10636,N/A
2025-11-23T02:07:08.041894,99,11499,32.00014,36.015255,0,1,58-11499,10635,N/A
2025-11-23T02:07:08.041894,99,11526,32.0002,36.01552,0,1,58-11526,10622,N/A
2025-11-23T02:07:08.041894,99,73439,32.023087,35.848095,252.9,1,58-73439,10613,N/A
2025-11-23T02:07:08.041894,99,52827,31.94586,35.91979,285.5,1,58-52827,10643,N/A
2025-11-23T02:07:08.041894,99,11493,31.94533,35.928787,0,1,58-11493,10643,N/A
2025-11-23T02:07:08.041894,99,11496,32.00006,36.015587,192.2,1,58-11496,10642,N/A
2025-11-23T02:07:08.041894,100,50152,31.99949,36.013763,130.8,0,58-50152,10613,N/A
2025-11-23T02:07:08.041894,100,63240,32.001354,36.014027,197,0,58-63240,11649,N/A
2025-11-23T02:07:08.041894,100,98191,32.000126,36.015465,190.8,0,58-98191,10622,N/A
2025-11-23T02:07:08.041894,100,10975,31.999632,36.016132,197.68,0,58-10975,11649,N/A
2025-11-23T02:07:08.041894,100,48886,32.00026,36.015392,21.5,0,58-48886,11649,N/A
2025-11-23T02:07:08.041894,100,11523,32.000935,36.013863,197.6,0,58-11523,10612,N/A
2025-11-23T02:07:08.041894,100,11014,32.004826,36.014347,132.1,0,58-11014,10623,N/A
2025-11-23T02:07:08.041894,100,11724,32.000275,36.01534,0,0,58-11724,11648,N/A
2025-11-23T02:07:08.041894,100,40779,31.96065,35.95736,40.9,0,58-40779,11651,N/A
2025-11-23T02:07:08.041894,100,24926,31.999966,36.015114,232.1,0,58-24926,11653,N/A
2025-11-23T02:07:08.041894,100,50752,32.000263,36.01564,74.8,1,58-50752,11653,N/A
2025-11-23T02:07:08.041894,100,05961,32.000313,36.015438,31.1,1,58-95961,11653,N/A
2025-11-23T02:07:08.041894,100,16863,32.000065,36.01559,0,1,58-16863,11653,N/A
2025-11-23T02:07:08.041894,100,97599,31.992634,35.890064,309.89,1,58-97599,10622,N/A
2025-11-23T02:07:08.041894,100,10987,32.000244,36.01543,0,1,58-10987,11653,N/A
2025-11-23T02:07:08.041894,100,52302,31.964375,35.960926,34.79,1,58-52302,11653,N/A
2025-11-23T02:07:08.041894,100,21423,32.000317,36.01466,218.2,1,58-21423,11653,N/A
2025-11-23T02:07:08.041894,100,30732,32.004444,36.00834,359.4,1,58-30732,11653,N/A
2025-11-23T02:07:08.041894,100,95161,32.000343,36.014633,177.4,1,58-95161,11653,N/A
2025-11-23T02:07:08.041894,100,90702,32.021866,35.844257,43.9,1,58-90702,10613,N/A
2025-11-23T02:07:08.041894,100,10993,32.00027,36.014793,234.1,1,58-10993,11653,N/A
2025-11-23T02:07:08.041894,100,10981,31.999386,36.014343,0,1,58-10981,11651,N/A
2025-11-23T02:07:08.041894,100,11538,32.000355,36.014435,0,1,58-11538,11652,N/A
2025-11-23T02:07:08.041894,100,11520,32.000126,36.014256,298.39,1,58-11520,11653,N/A
2025-11-23T02:07:08.041894,100,93641,31.99996,36.015163,246.4,1,58-93641,11653,N/A
2025-11-23T02:07:08.041894,100,82779,31.963634,35.960278,36.1,1,58-82779,11653,N/A
2025-11-23T02:07:08.041894,100,10996,31.960546,35.956833,0,1,58-10996,11653,N/A
2025-11-23T02:07:08.041894,100,11544,31.961313,35.958122,0,1,58-11544,11653,N/A
2025-11-23T02:08:03.053962,99,22057,32.00033,36.01411,120.8,0,58-22057,11675,N/A
2025-11-23T02:08:03.053962,99,97202,32.000256,36.015682,11.6,0,58-97202,11671,N/A
2025-11-23T02:08:03.053962,99,32725,31.99941,36.014168,116.7,0,58-32725,10625,N/A
2025-11-23T02:08:03.053962,99,96335,31.94514,35.927013,105.5,0,58-96335,10641,N/A
2025-11-23T02:08:03.053962,99,72129,31.944706,35.928158,106.5,0,58-72129,10641,N/A
2025-11-23T02:08:03.053962,99,45556,32.020844,35.84248,286.7,0,58-45556,10612,N/A
2025-11-23T02:08:03.053962,99,11005,32.00024,36.015,0,0,58-11005,10625,N/A
2025-11-23T02:08:03.053962,99,28732,32.021748,35.842438,58.6,0,58-28732,10612,N/A
2025-11-23T02:08:03.053962,99,66163,32.02123,35.84215,346.2,0,58-66163,10612,N/A
2025-11-23T02:08:03.053962,99,56867,32.020847,35.842632,289.3,0,58-56867,10612,N/A
2025-11-23T02:08:03.053962,99,25354,31.944778,35.92804,106.1,0,58-25354,10641,N/A
2025-11-23T02:08:03.053962,99,11649,32.022224,35.845154,72.31,0,58-11649,10612,N/A
2025-11-23T02:08:03.053962,99,11547,32.00016,36.01502,0,0,58-11547,10622,N/A
2025-11-23T02:08:03.053962,99,37113,32.02191,35.843987,70,0,58-37113,10612,N/A
2025-11-23T02:08:03.053962,99,11718,31.94541,35.928734,0,0,58-11718,10635,N/A
2025-11-23T02:08:03.053962,99,49451,31.946053,35.92815,294.1,1,58-49451,10643,N/A
2025-11-23T02:08:03.053962,99,11670,32.00448,36.008205,0,1,58-11670,10636,N/A
2025-11-23T02:08:03.053962,99,11499,32.00014,36.015255,0,1,58-11499,10635,N/A
2025-11-23T02:08:03.053962,99,11526,32.0002,36.01552,0,1,58-11526,10622,N/A
2025-11-23T02:08:03.053962,99,73439,32.023087,35.848095,252.9,1,58-73439,10613,N/A
2025-11-23T02:08:03.053962,99,52827,31.94586,35.91979,285.5,1,58-52827,10643,N/A
2025-11-23T02:08:03.053962,99,11493,31.94533,35.928787,0,1,58-11493,10643,N/A
2025-11-23T02:08:03.053962,99,11496,32.00006,36.015587,192.2,1,58-11496,10642,N/A
2025-11-23T02:08:03.053962,100,50152,31.99949,36.013763,130.8,0,58-50152,10613,N/A
2025-11-23T02:08:03.053962,100,63240,32.001354,36.014027,197,0,58-63240,11649,N/A
2025-11-23T02:08:03.053962,100,98191,32.00009,36.015476,0,0,58-98191,10622,N/A
2025-11-23T02:08:03.053962,100,10975,31.999632,36.016132,197.68,0,58-10975,11649,N/A
2025-11-23T02:08:03.053962,100,48886,32.00026,36.015392,21.5,0,58-48886,11649,N/A
2025-11-23T02:08:03.053962,100,11523,32.000935,36.013863,197.6,0,58-11523,10612,N/A
2025-11-23T02:08:03.053962,100,11014,32.004826,36.014347,132.1,0,58-11014,10619,N/A
2025-11-23T02:08:03.053962,100,11724,32.000275,36.01534,0,0,58-11724,11648,N/A
2025-11-23T02:08:03.053962,100,40779,31.96065,35.95736,40.9,0,58-40779,11651,N/A
2025-11-23T02:08:03.053962,100,24926,31.999966,36.015114,232.1,0,58-24926,11653,N/A
2025-11-23T02:08:03.053962,100,50752,32.000263,36.01564,74.8,1,58-50752,11653,N/A
2025-11-23T02:08:03.053962,100,05961,32.000313,36.015438,31.1,1,58-95961,11653,N/A
2025-11-23T02:08:03.053962,100,16863,32.000065,36.01559,0,1,58-16863,11653,N/A
2025-11-23T02:08:03.053962,100,97599,31.992634,35.890064,309.89,1,58-97599,10622,N/A
2025-11-23T02:08:03.053962,100,10987,32.000244,36.01543,0,1,58-10987,11653,N/A
2025-11-23T02:08:03.053962,100,52302,31.964375,35.960926,34.79,1,58-52302,11653,N/A
2025-11-23T02:08:03.053962,100,21423,32.000317,36.01466,218.2,1,58-21423,11653,N/A
2025-11-23T02:08:03.053962,100,30732,32.004444,36.00834,359.4,1,58-30732,11653,N/A
2025-11-23T02:08:03.053962,100,95161,32.000343,36.014633,177.4,1,58-95161,11653,N/A
2025-11-23T02:08:03.053962,100,90702,32.021866,35.844257,43.9,1,58-90702,10613,N/A
2025-11-23T02:08:03.053962,100,10993,32.00027,36.014793,234.1,1,58-10993,11653,N/A
2025-11-23T02:08:03.053962,100,10981,31.999386,36.014343,0,1,58-10981,11651,N/A
2025-11-23T02:08:03.053962,100,11538,32.000355,36.014435,0,1,58-11538,11652,N/A
2025-11-23T02:08:03.053962,100,11520,32.000126,36.014256,298.39,1,58-11520,11653,N/A
2025-11-23T02:08:03.053962,100,93641,31.99996,36.015163,246.4,1,58-93641,11653,N/A
2025-11-23T02:08:03.053962,100,82779,31.963634,35.960278,36.1,1,58-82779,11653,N/A
2025-11-23T02:08:03.053962,100,10996,31.960546,35.956833,0,1,58-10996,11653,N/A
2025-11-23T02:08:03.053962,100,11544,31.961313,35.958122,0,1,58-11544,11653,N/A
2025-11-23T02:08:53.588176,99,22057,32.00033,36.01411,120.8,0,58-22057,11675,N/A
2025-11-23T02:08:53.588176,99,97202,32.000256,36.015682,11.6,0,58-97202,11671,N/A
2025-11-23T02:08:53.588176,99,32725,31.99941,36.014168,116.7,0,58-32725,10625,N/A
2025-11-23T02:08:53.588176,99,96335,31.94514,35.927013,105.5,0,58-96335,10641,N/A
2025-11-23T02:08:53.588176,99,72129,31.944706,35.928158,106.5,0,58-72129,10641,N/A
2025-11-23T02:08:53.588176,99,45556,32.020844,35.84248,286.7,0,58-45556,10612,N/A
2025-11-23T02:08:53.588176,99,11005,32.00024,36.015,0,0,58-11005,10625,N/A
2025-11-23T02:08:53.588176,99,28732,32.021748,35.842438,58.6,0,58-28732,10612,N/A
2025-11-23T02:08:53.588176,99,66163,32.02123,35.84215,346.2,0,58-66163,10612,N/A
2025-11-23T02:08:53.588176,99,56867,32.020847,35.842632,289.3,0,58-56867,10612,N/A
2025-11-23T02:08:53.588176,99,25354,31.944778,35.92804,106.1,0,58-25354,10641,N/A
2025-11-23T02:08:53.588176,99,11649,32.022224,35.845154,72.31,0,58-11649,10612,N/A
2025-11-23T02:08:53.588176,99,11547,32.00016,36.01502,0,0,58-11547,10622,N/A
2025-11-23T02:08:53.588176,99,37113,32.02191,35.843987,70,0,58-37113,10612,N/A
2025-11-23T02:08:53.588176,99,11718,31.94541,35.928734,0,0,58-11718,10635,N/A
2025-11-23T02:08:53.588176,99,49451,31.946053,35.92815,294.1,1,58-49451,10643,N/A
2025-11-23T02:08:53.588176,99,11670,32.00448,36.008205,0,1,58-11670,10636,N/A
2025-11-23T02:08:53.588176,99,11499,32.00014,36.015255,0,1,58-11499,10635,N/A
2025-11-23T02:08:53.588176,99,11526,32.0002,36.01552,0,1,58-11526,10622,N/A
2025-11-23T02:08:53.588176,99,73439,32.023087,35.848095,252.9,1,58-73439,10613,N/A
2025-11-23T02:08:53.588176,99,52827,31.94586,35.91979,285.5,1,58-52827,10643,N/A
2025-11-23T02:08:53.588176,99,11493,31.94533,35.928787,0,1,58-11493,10643,N/A
2025-11-23T02:08:53.588176,99,11496,32.00006,36.015587,192.2,1,58-11496,10642,N/A
2025-11-23T02:08:53.588176,100,50152,31.99949,36.013763,130.8,0,58-50152,10613,N/A
2025-11-23T02:08:53.588176,100,63240,32.001354,36.014027,197,0,58-63240,11649,N/A
2025-11-23T02:08:53.588176,100,98191,32.000126,36.015465,190.8,0,58-98191,10622,N/A
2025-11-23T02:08:53.588176,100,10975,31.999632,36.016132,197.68,0,58-10975,11649,N/A
2025-11-23T02:08:53.588176,100,48886,32.00026,36.015392,21.5,0,58-48886,11649,N/A
2025-11-23T02:08:53.588176,100,11523,32.000935,36.013863,197.6,0,58-11523,10612,N/A
2025-11-23T02:08:53.588176,100,11014,32.004826,36.014347,132.1,0,58-11014,10623,N/A
2025-11-23T02:08:53.588176,100,11724,32.000275,36.01534,0,0,58-11724,11648,N/A
2025-11-23T02:08:53.588176,100,40779,31.96065,35.95736,40.9,0,58-40779,11651,N/A
2025-11-23T02:08:53.588176,100,24926,31.999966,36.015114,232.1,0,58-24926,11653,N/A
2025-11-23T02:08:53.588176,100,50752,32.000263,36.01564,74.8,1,58-50752,11651,N/A
2025-11-23T02:08:53.588176,100,05961,32.000313,36.015438,31.1,1,58-95961,11653,N/A
2025-11-23T02:08:53.588176,100,16863,32.000065,36.01559,0,1,58-16863,11653,N/A
2025-11-23T02:08:53.588176,100,97599,31.992634,35.890064,309.89,1,58-97599,10622,N/A
2025-11-23T02:08:53.588176,100,10987,32.000244,36.01543,0,1,58-10987,11653,N/A
2025-11-23T02:08:53.588176,100,52302,31.964375,35.960926,34.79,1,58-52302,11653,N/A
2025-11-23T02:08:53.588176,100,21423,32.000317,36.01466,218.2,1,58-21423,11653,N/A
2025-11-23T02:08:53.588176,100,30732,32.004444,36.00834,359.4,1,58-30732,11651,N/A
2025-11-23T02:08:53.588176,100,95161,32.000343,36.014633,177.4,1,58-95161,11653,N/A
2025-11-23T02:08:53.588176,100,90702,32.021866,35.844257,43.9,1,58-90702,10613,N/A
2025-11-23T02:08:53.588176,100,10993,32.00027,36.014793,234.1,1,58-10993,11652,N/A
2025-11-23T02:08:53.588176,100,10981,31.999386,36.014343,0,1,58-10981,11653,N/A
2025-11-23T02:08:53.588176,100,11538,32.000355,36.014435,0,1,58-11538,11653,N/A
2025-11-23T02:08:53.588176,100,11520,32.000126,36.014256,298.39,1,58-11520,11653,N/A
2025-11-23T02:08:53.588176,100,93641,31.99996,36.015163,246.4,1,58-93641,11653,N/A
2025-11-23T02:08:53.588176,100,82779,31.963634,35.960278,36.1,1,58-82779,11653,N/A
2025-11-23T02:08:53.588176,100,10996,31.960546,35.956833,0,1,58-10996,11653,N/A
2025-11-23T02:08:53.588176,100,11544,31.961313,35.958122,0,1,58-11544,11653,N/A
2025-11-23T02:09:38.910337,99,22057,32.00033,36.01411,120.8,0,58-22057,10614,N/A
2025-11-23T02:09:38.910337,99,97202,32.000256,36.015682,11.6,0,58-97202,11671,N/A
2025-11-23T02:09:38.910337,99,32725,31.99941,36.014168,116.7,0,58-32725,10625,N/A
2025-11-23T02:09:38.910337,99,96335,31.94514,35.927013,105.5,0,58-96335,10641,N/A
2025-11-23T02:09:38.910337,99,72129,31.944706,35.928158,106.5,0,58-72129,10641,N/A
2025-11-23T02:09:38.910337,99,45556,32.020844,35.84248,286.7,0,58-45556,10612,N/A
2025-11-23T02:09:38.910337,99,11005,32.00024,36.015,0,0,58-11005,10625,N/A
2025-11-23T02:09:38.910337,99,28732,32.021492,35.842632,46.1,0,58-28732,10612,N/A
2025-11-23T02:09:38.910337,99,66163,32.02123,35.84215,346.2,0,58-66163,10612,N/A
2025-11-23T02:09:38.910337,99,56867,32.020847,35.842632,289.3,0,58-56867,10612,N/A
2025-11-23T02:09:38.910337,99,25354,31.944778,35.92804,106.1,0,58-25354,10641,N/A
2025-11-23T02:09:38.910337,99,11649,32.022224,35.845154,72.31,0,58-11649,10612,N/A
2025-11-23T02:09:38.910337,99,11547,32.00016,36.01502,0,0,58-11547,10622,N/A
2025-11-23T02:09:38.910337,99,37113,32.02158,35.842438,0,0,58-37113,10612,N/A
2025-11-23T02:09:38.910337,99,11718,31.94541,35.928734,0,0,58-11718,10635,N/A
2025-11-23T02:09:38.910337,99,49451,31.946053,35.92815,294.1,1,58-49451,10643,N/A
2025-11-23T02:09:38.910337,99,11670,32.00448,36.008205,0,1,58-11670,10636,N/A
2025-11-23T02:09:38.910337,99,11499,32.00014,36.015255,0,1,58-11499,10635,N/A
2025-11-23T02:09:38.910337,99,11526,32.0002,36.01552,0,1,58-11526,10622,N/A
2025-11-23T02:09:38.910337,99,73439,32.023087,35.848095,252.9,1,58-73439,10613,N/A
2025-11-23T02:09:38.910337,99,52827,31.94586,35.91979,285.5,1,58-52827,10643,N/A
2025-11-23T02:09:38.910337,99,11493,31.94533,35.928787,0,1,58-11493,10643,N/A
2025-11-23T02:09:38.910337,99,11496,32.00006,36.015587,192.2,1,58-11496,10642,N/A
2025-11-23T02:09:38.910337,100,50152,31.99949,36.013763,130.8,0,58-50152,10613,N/A
2025-11-23T02:09:38.910337,100,63240,32.001354,36.014027,197,0,58-63240,11649,N/A
2025-11-23T02:09:38.910337,100,98191,32.000126,36.015465,190.8,0,58-98191,10622,N/A
2025-11-23T02:09:38.910337,100,10975,31.999632,36.016132,197.68,0,58-10975,11649,N/A
2025-11-23T02:09:38.910337,100,48886,32.00026,36.015392,21.5,0,58-48886,11649,N/A
2025-11-23T02:09:38.910337,100,11523,32.000935,36.013863,197.6,0,58-11523,10612,N/A
2025-11-23T02:09:38.910337,100,11014,32.004826,36.014347,132.1,0,58-11014,10623,N/A
2025-11-23T02:09:38.910337,100,11724,32.000275,36.01534,0,0,58-11724,11648,N/A
2025-11-23T02:09:38.910337,100,40779,31.96065,35.95736,40.9,0,58-40779,11651,N/A
2025-11-23T02:09:38.910337,100,24926,31.999966,36.015114,232.1,0,58-24926,11653,N/A
2025-11-23T02:09:38.910337,100,50752,32.000263,36.01564,74.8,1,58-50752,11651,N/A
2025-11-23T02:09:38.910337,100,05961,32.000313,36.015438,31.1,1,58-95961,11653,N/A
2025-11-23T02:09:38.910337,100,16863,32.000065,36.01559,0,1,58-16863,11653,N/A
2025-11-23T02:09:38.910337,100,97599,31.992634,35.890064,309.89,1,58-97599,10622,N/A
2025-11-23T02:09:38.910337,100,10987,32.000244,36.01543,0,1,58-10987,11653,N/A
2025-11-23T02:09:38.910337,100,52302,31.964375,35.960926,34.79,1,58-52302,11653,N/A
2025-11-23T02:09:38.910337,100,21423,32.000317,36.01466,218.2,1,58-21423,11653,N/A
2025-11-23T02:09:38.910337,100,30732,32.004444,36.00834,359.4,1,58-30732,11651,N/A
2025-11-23T02:09:38.910337,100,95161,32.000343,36.014633,177.4,1,58-95161,11653,N/A
2025-11-23T02:09:38.910337,100,90702,32.021866,35.844257,43.9,1,58-90702,10613,N/A
2025-11-23T02:09:38.910337,100,10993,32.00027,36.014793,234.1,1,58-10993,11652,N/A
2025-11-23T02:09:38.910337,100,10981,31.999386,36.014343,0,1,58-10981,11653,N/A
2025-11-23T02:09:38.910337,100,11538,32.000355,36.014435,0,1,58-11538,11653,N/A
2025-11-23T02:09:38.910337,100,11520,32.000126,36.014256,298.39,1,58-11520,11653,N/A
2025-11-23T02:09:38.910337,100,93641,31.99996,36.015163,246.4,1,58-93641,11653,N/A
2025-11-23T02:09:38.910337,100,82779,31.963634,35.960278,36.1,1,58-82779,11653,N/A
2025-11-23T02:09:38.910337,100,10996,31.960546,35.956833,0,1,58-10996,11653,N/A
2025-11-23T02:09:38.910337,100,11544,31.961313,35.958122,0,1,58-11544,11653,N/A
2025-11-23T02:10:42.820705,99,22057,32.00033,36.01411,120.8,0,58-22057,10614,N/A
2025-11-23T02:10:42.820705,99,97202,32.000256,36.015682,11.6,0,58-97202,11671,N/A
2025-11-23T02:10:42.820705,99,32725,31.99941,36.014168,116.7,0,58-32725,10625,N/A
2025-11-23T02:10:42.820705,99,96335,31.94514,35.927013,105.5,0,58-96335,10641,N/A
2025-11-23T02:10:42.820705,99,72129,31.944706,35.928158,106.5,0,58-72129,10641,N/A
2025-11-23T02:10:42.820705,99,45556,32.020844,35.84248,286.7,0,58-45556,10612,N/A
2025-11-23T02:10:42.820705,99,11005,32.00024,36.015,0,0,58-11005,10625,N/A
2025-11-23T02:10:42.820705,99,28732,32.021492,35.842632,46.1,0,58-28732,10612,N/A
2025-11-23T02:10:42.820705,99,66163,32.02123,35.84215,346.2,0,58-66163,10612,N/A
2025-11-23T02:10:42.820705,99,56867,32.020847,35.842632,289.3,0,58-56867,10612,N/A
2025-11-23T02:10:42.820705,99,25354,31.944778,35.92804,106.1,0,58-25354,10641,N/A
2025-11-23T02:10:42.820705,99,11649,32.022224,35.845154,72.31,0,58-11649,10612,N/A
2025-11-23T02:10:42.820705,99,11547,32.00016,36.01502,0,0,58-11547,10622,N/A
2025-11-23T02:10:42.820705,99,37113,32.02158,35.842438,0,0,58-37113,10612,N/A
2025-11-23T02:10:42.820705,99,11718,31.94541,35.928734,0,0,58-11718,10635,N/A
2025-11-23T02:10:42.820705,99,49451,31.946053,35.92815,294.1,1,58-49451,10643,N/A
2025-11-23T02:10:42.820705,99,11670,32.00448,36.008205,0,1,58-11670,10636,N/A
2025-11-23T02:10:42.820705,99,11499,32.00014,36.015255,0,1,58-11499,10635,N/A
2025-11-23T02:10:42.820705,99,11526,32.0002,36.01552,0,1,58-11526,10622,N/A
2025-11-23T02:10:42.820705,99,73439,32.023087,35.848095,252.9,1,58-73439,10613,N/A
2025-11-23T02:10:42.820705,99,52827,31.94586,35.91979,285.5,1,58-52827,10643,N/A
2025-11-23T02:10:42.820705,99,11493,31.94533,35.928787,0,1,58-11493,10643,N/A
2025-11-23T02:10:42.820705,99,11496,32.00006,36.015587,192.2,1,58-11496,10642,N/A
2025-11-23T02:10:42.820705,100,50152,31.99949,36.013763,130.8,0,58-50152,10613,N/A
2025-11-23T02:10:42.820705,100,63240,32.001354,36.014027,197,0,58-63240,11649,N/A
2025-11-23T02:10:42.820705,100,98191,32.000126,36.015465,190.8,0,58-98191,10622,N/A
2025-11-23T02:10:42.820705,100,10975,31.999632,36.016132,197.68,0,58-10975,11649,N/A
2025-11-23T02:10:42.820705,100,48886,32.00026,36.015392,21.5,0,58-48886,11649,N/A
2025-11-23T02:10:42.820705,100,11523,32.000935,36.013863,197.6,0,58-11523,10612,N/A
2025-11-23T02:10:42.820705,100,11014,32.004826,36.014347,132.1,0,58-11014,10623,N/A
2025-11-23T02:10:42.820705,100,11724,32.000275,36.01534,0,0,58-11724,11648,N/A
2025-11-23T02:10:42.820705,100,40779,31.96065,35.95736,40.9,0,58-40779,11651,N/A
2025-11-23T02:10:42.820705,100,24926,31.999966,36.015114,232.1,0,58-24926,11653,N/A
2025-11-23T02:10:42.820705,100,50752,32.000263,36.01564,74.8,1,58-50752,11653,N/A
2025-11-23T02:10:42.820705,100,05961,32.000313,36.015438,31.1,1,58-95961,11653,N/A
2025-11-23T02:10:42.820705,100,16863,32.000065,36.01559,0,1,58-16863,11653,N/A
2025-11-23T02:10:42.820705,100,97599,31.992634,35.890064,309.89,1,58-97599,10622,N/A
2025-11-23T02:10:42.820705,100,10987,32.000244,36.01543,0,1,58-10987,11653,N/A
2025-11-23T02:10:42.820705,100,52302,31.964375,35.960926,34.79,1,58-52302,11653,N/A
2025-11-23T02:10:42.820705,100,21423,32.000317,36.01466,218.2,1,58-21423,11653,N/A
2025-11-23T02:10:42.820705,100,30732,32.004444,36.00834,359.4,1,58-30732,11653,N/A
2025-11-23T02:10:42.820705,100,95161,32.000343,36.014633,177.4,1,58-95161,11653,N/A
2025-11-23T02:10:42.820705,100,90702,32.021866,35.844257,43.9,1,58-90702,10613,N/A
2025-11-23T02:10:42.820705,100,10993,32.00027,36.014793,234.1,1,58-10993,11653,N/A
2025-11-23T02:10:42.820705,100,10981,31.999386,36.014343,0,1,58-10981,11651,N/A
2025-11-23T02:10:42.820705,100,11538,32.000355,36.014435,0,1,58-11538,11652,N/A
2025-11-23T02:10:42.820705,100,11520,32.000126,36.014256,298.39,1,58-11520,11653,N/A
2025-11-23T02:10:42.820705,100,93641,31.99996,36.015163,246.4,1,58-93641,11653,N/A
2025-11-23T02:10:42.820705,100,82779,31.963634,35.960278,36.1,1,58-82779,11653,N/A
2025-11-23T02:10:42.820705,100,10996,31.960546,35.956833,0,1,58-10996,11653,N/A
2025-11-23T02:10:42.820705,100,11544,31.961313,35.958122,0,1,58-11544,11653,N/A
2025-11-23T02:11:39.778638,99,22057,32.00033,36.01411,120.8,0,58-22057,10614,N/A
2025-11-23T02:11:39.778638,99,97202,32.000256,36.015682,11.6,0,58-97202,11671,N/A
2025-11-23T02:11:39.778638,99,32725,31.99941,36.014168,116.7,0,58-32725,10625,N/A
2025-11-23T02:11:39.778638,99,96335,31.94514,35.927013,105.5,0,58-96335,10641,N/A
2025-11-23T02:11:39.778638,99,72129,31.944706,35.928158,106.5,0,58-72129,10641,N/A
2025-11-23T02:11:39.778638,99,45556,32.020844,35.84248,286.7,0,58-45556,10612,N/A
2025-11-23T02:11:39.778638,99,11005,32.00024,36.015,0,0,58-11005,10625,N/A
2025-11-23T02:11:39.778638,99,28732,32.021492,35.842632,46.1,0,58-28732,10612,N/A
2025-11-23T02:11:39.778638,99,66163,32.02123,35.84215,346.2,0,58-66163,10612,N/A
2025-11-23T02:11:39.778638,99,56867,32.020847,35.842632,289.3,0,58-56867,10612,N/A
2025-11-23T02:11:39.778638,99,25354,31.944778,35.92804,106.1,0,58-25354,10641,N/A
2025-11-23T02:11:39.778638,99,11649,32.022224,35.845154,72.31,0,58-11649,10612,N/A
2025-11-23T02:11:39.778638,99,11547,32.00016,36.01502,0,0,58-11547,10622,N/A
2025-11-23T02:11:39.778638,99,37113,32.02158,35.842438,0,0,58-37113,10612,N/A
2025-11-23T02:11:39.778638,99,11718,31.94541,35.928734,0,0,58-11718,10635,N/A
2025-11-23T02:11:39.778638,99,49451,31.946053,35.92815,294.1,1,58-49451,10643,N/A
2025-11-23T02:11:39.778638,99,11670,32.00448,36.008205,0,1,58-11670,10636,N/A
2025-11-23T02:11:39.778638,99,11499,32.00014,36.015255,0,1,58-11499,10635,N/A
2025-11-23T02:11:39.778638,99,11526,32.0002,36.01552,0,1,58-11526,10622,N/A
2025-11-23T02:11:39.778638,99,73439,32.023087,35.848095,252.9,1,58-73439,10613,N/A
2025-11-23T02:11:39.778638,99,52827,31.94586,35.91979,285.5,1,58-52827,10643,N/A
2025-11-23T02:11:39.778638,99,11493,31.94533,35.928787,0,1,58-11493,10643,N/A
2025-11-23T02:11:39.778638,99,11496,32.00006,36.015587,192.2,1,58-11496,10642,N/A
2025-11-23T02:11:39.778638,100,50152,31.99949,36.013763,130.8,0,58-50152,10613,N/A
2025-11-23T02:11:39.778638,100,63240,32.001354,36.014027,197,0,58-63240,11649,N/A
2025-11-23T02:11:39.778638,100,98191,32.000126,36.015465,190.8,0,58-98191,10622,N/A
2025-11-23T02:11:39.778638,100,10975,31.999632,36.016132,197.68,0,58-10975,11649,N/A
2025-11-23T02:11:39.778638,100,48886,32.00026,36.015392,21.5,0,58-48886,11649,N/A
2025-11-23T02:11:39.778638,100,11523,32.000935,36.013863,197.6,0,58-11523,10612,N/A
2025-11-23T02:11:39.778638,100,11014,32.004826,36.014347,132.1,0,58-11014,10623,N/A
2025-11-23T02:11:39.778638,100,11724,32.000275,36.01534,0,0,58-11724,11648,N/A
2025-11-23T02:11:39.778638,100,40779,31.96065,35.95736,40.9,0,58-40779,11651,N/A
2025-11-23T02:11:39.778638,100,24926,31.999966,36.015114,232.1,0,58-24926,11653,N/A
2025-11-23T02:11:39.778638,100,50752,32.000263,36.01564,74.8,1,58-50752,11653,N/A
2025-11-23T02:11:39.778638,100,05961,32.000313,36.015438,31.1,1,58-95961,11653,N/A
2025-11-23T02:11:39.778638,100,16863,32.000065,36.01559,0,1,58-16863,11653,N/A
2025-11-23T02:11:39.778638,100,97599,31.992634,35.890064,309.89,1,58-97599,10622,N/A
2025-11-23T02:11:39.778638,100,10987,32.000244,36.01543,0,1,58-10987,11653,N/A
2025-11-23T02:11:39.778638,100,52302,31.964375,35.960926,34.79,1,58-52302,11653,N/A
2025-11-23T02:11:39.778638,100,21423,32.000317,36.01466,218.2,1,58-21423,11653,N/A
2025-11-23T02:11:39.778638,100,30732,32.004444,36.00834,359.4,1,58-30732,11653,N/A
2025-11-23T02:11:39.778638,100,95161,32.000343,36.014633,177.4,1,58-95161,11653,N/A
2025-11-23T02:11:39.778638,100,90702,32.021866,35.844257,43.9,1,58-90702,10613,N/A
2025-11-23T02:11:39.778638,100,10993,32.00027,36.014793,234.1,1,58-10993,11653,N/A
2025-11-23T02:11:39.778638,100,10981,31.999386,36.014343,0,1,58-10981,11651,N/A
2025-11-23T02:11:39.778638,100,11538,32.000355,36.014435,0,1,58-11538,11652,N/A
2025-11-23T02:11:39.778638,100,11520,32.000126,36.014256,298.39,1,58-11520,11653,N/A
2025-11-23T02:11:39.778638,100,93641,31.99996,36.015163,246.4,1,58-93641,11653,N/A
2025-11-23T02:11:39.778638,100,82779,31.963634,35.960278,36.1,1,58-82779,11653,N/A
2025-11-23T02:11:39.778638,100,10996,31.960546,35.956833,0,1,58-10996,11653,N/A
2025-11-23T02:11:39.778638,100,11544,31.961313,35.958122,0,1,58-11544,11653,N/A
2025-11-23T02:12:28.571085,99,22057,32.00033,36.01411,120.8,0,58-22057,10614,N/A
2025-11-23T02:12:28.571085,99,97202,32.000256,36.015682,11.6,0,58-97202,11671,N/A
2025-11-23T02:12:28.571085,99,32725,31.99941,36.014168,116.7,0,58-32725,10625,N/A
2025-11-23T02:12:28.571085,99,96335,31.94514,35.927013,105.5,0,58-96335,10641,N/A
2025-11-23T02:12:28.571085,99,72129,31.944706,35.928158,106.5,0,58-72129,10641,N/A
2025-11-23T02:12:28.571085,99,45556,32.020844,35.84248,286.7,0,58-45556,10612,N/A
2025-11-23T02:12:28.571085,99,11005,32.00024,36.015,0,0,58-11005,10625,N/A
2025-11-23T02:12:28.571085,99,28732,32.021492,35.842632,46.1,0,58-28732,10612,N/A
2025-11-23T02:12:28.571085,99,66163,32.02123,35.84215,346.2,0,58-66163,10612,N/A
2025-11-23T02:12:28.571085,99,56867,32.020847,35.842632,289.3,0,58-56867,10612,N/A
2025-11-23T02:12:28.571085,99,25354,31.944778,35.92804,106.1,0,58-25354,10641,N/A
2025-11-23T02:12:28.571085,99,11649,32.022224,35.845154,72.31,0,58-11649,10612,N/A
2025-11-23T02:12:28.571085,99,11547,32.00016,36.01502,0,0,58-11547,10622,N/A
2025-11-23T02:12:28.571085,99,37113,32.02158,35.842438,0,0,58-37113,10612,N/A
2025-11-23T02:12:28.571085,99,11718,31.94541,35.928734,0,0,58-11718,10635,N/A
2025-11-23T02:12:28.571085,99,49451,31.946053,35.92815,294.1,1,58-49451,10643,N/A
2025-11-23T02:12:28.571085,99,11670,32.00448,36.008205,0,1,58-11670,10636,N/A
2025-11-23T02:12:28.571085,99,11499,32.00014,36.015255,0,1,58-11499,10635,N/A
2025-11-23T02:12:28.571085,99,11526,32.0002,36.01552,0,1,58-11526,10622,N/A
2025-11-23T02:12:28.571085,99,73439,32.023087,35.848095,252.9,1,58-73439,10613,N/A
2025-11-23T02:12:28.571085,99,52827,31.94586,35.91979,285.5,1,58-52827,10643,N/A
2025-11-23T02:12:28.571085,99,11493,31.94533,35.928787,0,1,58-11493,10643,N/A
2025-11-23T02:12:28.571085,99,11496,32.00006,36.015587,192.2,1,58-11496,10642,N/A
2025-11-23T02:12:28.571085,100,50152,31.99949,36.013763,130.8,0,58-50152,10613,N/A
2025-11-23T02:12:28.571085,100,63240,32.001354,36.014027,197,0,58-63240,11649,N/A
2025-11-23T02:12:28.571085,100,98191,32.000126,36.015465,190.8,0,58-98191,10622,N/A
2025-11-23T02:12:28.571085,100,10975,31.999632,36.016132,197.68,0,58-10975,11649,N/A
2025-11-23T02:12:28.571085,100,48886,32.00026,36.015392,21.5,0,58-48886,11649,N/A
2025-11-23T02:12:28.571085,100,11523,32.000935,36.013863,197.6,0,58-11523,10612,N/A
2025-11-23T02:12:28.571085,100,11014,32.004826,36.014347,132.1,0,58-11014,10623,N/A
2025-11-23T02:12:28.571085,100,11724,32.000275,36.01534,0,0,58-11724,11648,N/A
2025-11-23T02:12:28.571085,100,40779,31.96065,35.95736,40.9,0,58-40779,11651,N/A
2025-11-23T02:12:28.571085,100,24926,31.999966,36.015114,232.1,0,58-24926,11653,N/A
2025-11-23T02:12:28.571085,100,50752,32.000263,36.01564,74.8,1,58-50752,11653,N/A
2025-11-23T02:12:28.571085,100,05961,32.000313,36.015438,31.1,1,58-95961,11653,N/A
2025-11-23T02:12:28.571085,100,16863,32.000065,36.01559,0,1,58-16863,11653,N/A
2025-11-23T02:12:28.571085,100,97599,31.992634,35.890064,309.89,1,58-97599,10622,N/A
2025-11-23T02:12:28.571085,100,10987,32.000244,36.01543,0,1,58-10987,11653,N/A
2025-11-23T02:12:28.571085,100,52302,31.964375,35.960926,34.79,1,58-52302,11653,N/A
2025-11-23T02:12:28.571085,100,21423,32.000317,36.01466,218.2,1,58-21423,11653,N/A
2025-11-23T02:12:28.571085,100,30732,32.004444,36.00834,359.4,1,58-30732,11653,N/A
2025-11-23T02:12:28.571085,100,95161,32.000343,36.014633,177.4,1,58-95161,11653,N/A
2025-11-23T02:12:28.571085,100,90702,32.021866,35.844257,43.9,1,58-90702,10613,N/A
2025-11-23T02:12:28.571085,100,10993,32.00027,36.014793,234.1,1,58-10993,11653,N/A
2025-11-23T02:12:28.571085,100,10981,31.999386,36.014343,0,1,58-10981,11651,N/A
2025-11-23T02:12:28.571085,100,11538,32.000355,36.014435,0,1,58-11538,11652,N/A
2025-11-23T02:12:28.571085,100,11520,32.000126,36.014256,298.39,1,58-11520,11653,N/A
2025-11-23T02:12:28.571085,100,93641,31.99996,36.015163,246.4,1,58-93641,11653,N/A
2025-11-23T02:12:28.571085,100,82779,31.963634,35.960278,36.1,1,58-82779,11653,N/A
2025-11-23T02:12:28.571085,100,10996,31.960546,35.956833,0,1,58-10996,11653,N/A
2025-11-23T02:12:28.571085,100,11544,31.961313,35.958122,0,1,58-11544,11653,N/A
2025-11-23T02:13:15.458888,99,22057,32.00033,36.01411,120.8,0,58-22057,11675,N/A
2025-11-23T02:13:15.458888,99,97202,32.000256,36.015682,11.6,0,58-97202,11671,N/A
2025-11-23T02:13:15.458888,99,32725,31.99941,36.014168,116.7,0,58-32725,10625,N/A
2025-11-23T02:13:15.458888,99,96335,31.94514,35.927013,105.5,0,58-96335,10641,N/A
2025-11-23T02:13:15.458888,99,72129,31.944706,35.928158,106.5,0,58-72129,10641,N/A
2025-11-23T02:13:15.458888,99,45556,32.020844,35.84248,286.7,0,58-45556,10612,N/A
2025-11-23T02:13:15.458888,99,11005,32.00024,36.015,0,0,58-11005,10625,N/A
2025-11-23T02:13:15.458888,99,28732,32.021748,35.842438,58.6,0,58-28732,10612,N/A
2025-11-23T02:13:15.458888,99,66163,32.02123,35.84215,346.2,0,58-66163,10612,N/A
2025-11-23T02:13:15.458888,99,56867,32.020847,35.842632,289.3,0,58-56867,10612,N/A
2025-11-23T02:13:15.458888,99,25354,31.944778,35.92804,106.1,0,58-25354,10641,N/A
2025-11-23T02:13:15.458888,99,11649,32.022224,35.845154,72.31,0,58-11649,10612,N/A
2025-11-23T02:13:15.458888,99,11547,32.00016,36.01502,0,0,58-11547,10622,N/A
2025-11-23T02:13:15.458888,99,37113,32.02191,35.843987,70,0,58-37113,10612,N/A
2025-11-23T02:13:15.458888,99,11718,31.94541,35.928734,0,0,58-11718,10635,N/A
2025-11-23T02:13:15.458888,99,49451,31.946053,35.92815,294.1,1,58-49451,10643,N/A
2025-11-23T02:13:15.458888,99,11670,32.00448,36.008205,0,1,58-11670,10636,N/A
2025-11-23T02:13:15.458888,99,11499,32.00014,36.015255,0,1,58-11499,10635,N/A
2025-11-23T02:13:15.458888,99,11526,32.0002,36.01552,0,1,58-11526,10622,N/A
2025-11-23T02:13:15.458888,99,73439,32.023087,35.848095,252.9,1,58-73439,10613,N/A
2025-11-23T02:13:15.458888,99,52827,31.94586,35.91979,285.5,1,58-52827,10643,N/A
2025-11-23T02:13:15.458888,99,11493,31.94533,35.928787,0,1,58-11493,10643,N/A
2025-11-23T02:13:15.458888,99,11496,32.00006,36.015587,192.2,1,58-11496,10642,N/A
2025-11-23T02:13:15.458888,100,50152,31.99949,36.013763,130.8,0,58-50152,10613,N/A
2025-11-23T02:13:15.458888,100,63240,32.001354,36.014027,197,0,58-63240,11649,N/A
2025-11-23T02:13:15.458888,100,98191,32.000126,36.015465,190.8,0,58-98191,10622,N/A
2025-11-23T02:13:15.458888,100,10975,31.999632,36.016132,197.68,0,58-10975,11649,N/A
2025-11-23T02:13:15.458888,100,48886,32.00026,36.015392,21.5,0,58-48886,11649,N/A
2025-11-23T02:13:15.458888,100,11523,32.000935,36.013863,197.6,0,58-11523,10612,N/A
2025-11-23T02:13:15.458888,100,11014,32.004826,36.014347,132.1,0,58-11014,10623,N/A
2025-11-23T02:13:15.458888,100,11724,32.000275,36.01534,0,0,58-11724,11648,N/A
2025-11-23T02:13:15.458888,100,40779,31.96065,35.95736,40.9,0,58-40779,11651,N/A
2025-11-23T02:13:15.458888,100,24926,31.999966,36.015114,232.1,0,58-24926,11653,N/A
2025-11-23T02:13:15.458888,100,50752,32.000263,36.01564,74.8,1,58-50752,11653,N/A
2025-11-23T02:13:15.458888,100,05961,32.000313,36.015438,31.1,1,58-95961,11653,N/A
2025-11-23T02:13:15.458888,100,16863,32.000065,36.01559,0,1,58-16863,11653,N/A
2025-11-23T02:13:15.458888,100,97599,31.992634,35.890064,309.89,1,58-97599,10622,N/A
2025-11-23T02:13:15.458888,100,10987,32.000244,36.01543,0,1,58-10987,11653,N/A
2025-11-23T02:13:15.458888,100,52302,31.964375,35.960926,34.79,1,58-52302,11653,N/A
2025-11-23T02:13:15.458888,100,21423,32.000317,36.01466,218.2,1,58-21423,11653,N/A
2025-11-23T02:13:15.458888,100,30732,32.004444,36.00834,359.4,1,58-30732,11653,N/A
2025-11-23T02:13:15.458888,100,95161,32.000343,36.014633,177.4,1,58-95161,11653,N/A
2025-11-23T02:13:15.458888,100,90702,32.021866,35.844257,43.9,1,58-90702,10613,N/A
2025-11-23T02:13:15.458888,100,10993,32.00027,36.014793,234.1,1,58-10993,11653,N/A
2025-11-23T02:13:15.458888,100,10981,31.999386,36.014343,0,1,58-10981,11651,N/A
2025-11-23T02:13:15.458888,100,11538,32.000355,36.014435,0,1,58-11538,11652,N/A
2025-11-23T02:13:15.458888,100,11520,32.000126,36.014256,298.39,1,58-11520,11653,N/A
2025-11-23T02:13:15.458888,100,93641,31.99996,36.015163,246.4,1,58-93641,11653,N/A
2025-11-23T02:13:15.458888,100,82779,31.963634,35.960278,36.1,1,58-82779,11653,N/A
2025-11-23T02:13:15.458888,100,10996,31.960546,35.956833,0,1,58-10996,11653,N/A
2025-11-23T02:13:15.458888,100,11544,31.961313,35.958122,0,1,58-11544,11653,N/A
2025-11-23T02:14:01.506832,99,22057,32.00033,36.01411,120.8,0,58-22057,11675,N/A
2025-11-23T02:14:01.506832,99,97202,32.000256,36.015682,11.6,0,58-97202,11671,N/A
2025-11-23T02:14:01.506832,99,32725,31.99941,36.014168,116.7,0,58-32725,10625,N/A
2025-11-23T02:14:01.506832,99,96335,31.94514,35.927013,105.5,0,58-96335,10641,N/A
2025-11-23T02:14:01.506832,99,72129,31.944706,35.928158,106.5,0,58-72129,10641,N/A
2025-11-23T02:14:01.506832,99,45556,32.020844,35.84248,286.7,0,58-45556,10612,N/A
2025-11-23T02:14:01.506832,99,11005,32.00024,36.015,0,0,58-11005,10625,N/A
2025-11-23T02:14:01.506832,99,28732,32.021748,35.842438,58.6,0,58-28732,10612,N/A
2025-11-23T02:14:01.506832,99,66163,32.02123,35.84215,346.2,0,58-66163,10612,N/A
2025-11-23T02:14:01.506832,99,56867,32.020847,35.842632,289.3,0,58-56867,10612,N/A
2025-11-23T02:14:01.506832,99,25354,31.944778,35.92804,106.1,0,58-25354,10641,N/A
2025-11-23T02:14:01.506832,99,11649,32.022224,35.845154,72.31,0,58-11649,10612,N/A
2025-11-23T02:14:01.506832,99,11547,32.00016,36.01502,0,0,58-11547,10622,N/A
2025-11-23T02:14:01.506832,99,37113,32.02191,35.843987,70,0,58-37113,10612,N/A
2025-11-23T02:14:01.506832,99,11718,31.94541,35.928734,0,0,58-11718,10635,N/A
2025-11-23T02:14:01.506832,99,49451,31.946053,35.92815,294.1,1,58-49451,10643,N/A
2025-11-23T02:14:01.506832,99,11670,32.00448,36.008205,0,1,58-11670,10636,N/A
2025-11-23T02:14:01.506832,99,11499,32.00014,36.015255,0,1,58-11499,10635,N/A
2025-11-23T02:14:01.506832,99,11526,32.0002,36.01552,0,1,58-11526,10622,N/A
2025-11-23T02:14:01.506832,99,73439,32.023087,35.848095,252.9,1,58-73439,10613,N/A
2025-11-23T02:14:01.506832,99,52827,31.94586,35.91979,285.5,1,58-52827,10643,N/A
2025-11-23T02:14:01.506832,99,11493,31.94533,35.928787,0,1,58-11493,10643,N/A
2025-11-23T02:14:01.506832,99,11496,32.00006,36.015587,192.2,1,58-11496,10642,N/A
2025-11-23T02:14:01.506832,100,50152,31.99949,36.013763,130.8,0,58-50152,10613,N/A
2025-11-23T02:14:01.506832,100,63240,32.001354,36.014027,197,0,58-63240,11649,N/A
2025-11-23T02:14:01.506832,100,98191,32.000126,36.015465,190.8,0,58-98191,10622,N/A
2025-11-23T02:14:01.506832,100,10975,31.999632,36.016132,197.68,0,58-10975,11649,N/A
2025-11-23T02:14:01.506832,100,48886,32.00026,36.015392,21.5,0,58-48886,11649,N/A
2025-11-23T02:14:01.506832,100,11523,32.000935,36.013863,197.6,0,58-11523,10612,N/A
2025-11-23T02:14:01.506832,100,11014,32.004826,36.014347,132.1,0,58-11014,10623,N/A
2025-11-23T02:14:01.506832,100,11724,32.000275,36.01534,0,0,58-11724,11648,N/A
2025-11-23T02:14:01.506832,100,40779,31.96065,35.95736,40.9,0,58-40779,11651,N/A
2025-11-23T02:14:01.506832,100,24926,31.999966,36.015114,232.1,0,58-24926,11653,N/A
2025-11-23T02:14:01.506832,100,50752,32.000263,36.01564,74.8,1,58-50752,11651,N/A
2025-11-23T02:14:01.506832,100,05961,32.000313,36.015438,31.1,1,58-95961,11653,N/A
2025-11-23T02:14:01.506832,100,16863,32.000065,36.01559,0,1,58-16863,11653,N/A
2025-11-23T02:14:01.506832,100,97599,31.992634,35.890064,309.89,1,58-97599,10622,N/A
2025-11-23T02:14:01.506832,100,10987,32.000244,36.01543,0,1,58-10987,11653,N/A
2025-11-23T02:14:01.506832,100,52302,31.964375,35.960926,34.79,1,58-52302,11653,N/A
2025-11-23T02:14:01.506832,100,21423,32.000317,36.01466,218.2,1,58-21423,11653,N/A
2025-11-23T02:14:01.506832,100,30732,32.004444,36.00834,359.4,1,58-30732,11651,N/A
2025-11-23T02:14:01.506832,100,95161,32.000343,36.014633,177.4,1,58-95161,11653,N/A
2025-11-23T02:14:01.506832,100,90702,32.021866,35.844257,43.9,1,58-90702,10613,N/A
2025-11-23T02:14:01.506832,100,10993,32.00027,36.014793,234.1,1,58-10993,11652,N/A
2025-11-23T02:14:01.506832,100,10981,31.999386,36.014343,0,1,58-10981,11653,N/A
2025-11-23T02:14:01.506832,100,11538,32.000355,36.014435,0,1,58-11538,11653,N/A
2025-11-23T02:14:01.506832,100,11520,32.000126,36.014256,298.39,1,58-11520,11653,N/A
2025-11-23T02:14:01.506832,100,93641,31.99996,36.015163,246.4,1,58-93641,11653,N/A
2025-11-23T02:14:01.506832,100,82779,31.963634,35.960278,36.1,1,58-82779,11653,N/A
2025-11-23T02:14:01.506832,100,10996,31.960546,35.956833,0,1,58-10996,11653,N/A
2025-11-23T02:14:01.506832,100,11544,31.961313,35.958122,0,1,58-11544,11653,N/A
2025-11-23T02:14:54.926692,99,22057,32.00033,36.01411,120.8,0,58-22057,11675,N/A
2025-11-23T02:14:54.926692,99,97202,32.000256,36.015682,11.6,0,58-97202,11671,N/A
2025-11-23T02:14:54.926692,99,32725,31.99941,36.014168,116.7,0,58-32725,10625,N/A
2025-11-23T02:14:54.926692,99,96335,31.94514,35.927013,105.5,0,58-96335,10641,N/A
2025-11-23T02:14:54.926692,99,72129,31.944706,35.928158,106.5,0,58-72129,10641,N/A
2025-11-23T02:14:54.926692,99,45556,32.020844,35.84248,286.7,0,58-45556,10612,N/A
2025-11-23T02:14:54.926692,99,11005,32.00024,36.015,0,0,58-11005,10625,N/A
2025-11-23T02:14:54.926692,99,28732,32.021748,35.842438,58.6,0,58-28732,10612,N/A
2025-11-23T02:14:54.926692,99,66163,32.02123,35.84215,346.2,0,58-66163,10612,N/A
2025-11-23T02:14:54.926692,99,56867,32.020847,35.842632,289.3,0,58-56867,10612,N/A
2025-11-23T02:14:54.926692,99,25354,31.944778,35.92804,106.1,0,58-25354,10641,N/A
2025-11-23T02:14:54.926692,99,11649,32.022224,35.845154,72.31,0,58-11649,10612,N/A
2025-11-23T02:14:54.926692,99,11547,32.00016,36.01502,0,0,58-11547,10622,N/A
2025-11-23T02:14:54.926692,99,37113,32.02191,35.843987,70,0,58-37113,10612,N/A
2025-11-23T02:14:54.926692,99,11718,31.94541,35.928734,0,0,58-11718,10635,N/A
2025-11-23T02:14:54.926692,99,49451,31.946053,35.92815,294.1,1,58-49451,10643,N/A
2025-11-23T02:14:54.926692,99,11670,32.00448,36.008205,0,1,58-11670,10636,N/A
2025-11-23T02:14:54.926692,99,11499,32.00014,36.015255,0,1,58-11499,10635,N/A
2025-11-23T02:14:54.926692,99,11526,32.0002,36.01552,0,1,58-11526,10622,N/A
2025-11-23T02:14:54.926692,99,73439,32.023087,35.848095,252.9,1,58-73439,10613,N/A
2025-11-23T02:14:54.926692,99,52827,31.94586,35.91979,285.5,1,58-52827,10643,N/A
2025-11-23T02:14:54.926692,99,11493,31.94533,35.928787,0,1,58-11493,10643,N/A
2025-11-23T02:14:54.926692,99,11496,32.00006,36.015587,192.2,1,58-11496,10642,N/A
2025-11-23T02:14:54.926692,100,50152,31.99949,36.013763,130.8,0,58-50152,10613,N/A
2025-11-23T02:14:54.926692,100,63240,32.001354,36.014027,197,0,58-63240,11649,N/A
2025-11-23T02:14:54.926692,100,98191,32.000126,36.015465,190.8,0,58-98191,10622,N/A
2025-11-23T02:14:54.926692,100,10975,31.999632,36.016132,197.68,0,58-10975,11649,N/A
2025-11-23T02:14:54.926692,100,48886,32.00026,36.015392,21.5,0,58-48886,11649,N/A
2025-11-23T02:14:54.926692,100,11523,32.000935,36.013863,197.6,0,58-11523,10612,N/A
2025-11-23T02:14:54.926692,100,11014,32.004826,36.014347,132.1,0,58-11014,10623,N/A
2025-11-23T02:14:54.926692,100,11724,32.000275,36.01534,0,0,58-11724,11648,N/A
2025-11-23T02:14:54.926692,100,40779,31.96065,35.95736,40.9,0,58-40779,11651,N/A
2025-11-23T02:14:54.926692,100,24926,31.999966,36.015114,232.1,0,58-24926,11653,N/A
2025-11-23T02:14:54.926692,100,50752,32.000263,36.01564,74.8,1,58-50752,11653,N/A
2025-11-23T02:14:54.926692,100,05961,32.000313,36.015438,31.1,1,58-95961,11653,N/A
2025-11-23T02:14:54.926692,100,16863,32.000065,36.01559,0,1,58-16863,11653,N/A
2025-11-23T02:14:54.926692,100,97599,31.992634,35.890064,309.89,1,58-97599,10622,N/A
2025-11-23T02:14:54.926692,100,10987,32.000244,36.01543,0,1,58-10987,11653,N/A
2025-11-23T02:14:54.926692,100,52302,31.964375,35.960926,34.79,1,58-52302,11653,N/A
2025-11-23T02:14:54.926692,100,21423,32.000317,36.01466,218.2,1,58-21423,11653,N/A
2025-11-23T02:14:54.926692,100,30732,32.004444,36.00834,359.4,1,58-30732,11653,N/A
2025-11-23T02:14:54.926692,100,95161,32.000343,36.014633,177.4,1,58-95161,11653,N/A
2025-11-23T02:14:54.926692,100,90702,32.021866,35.844257,43.9,1,58-90702,10613,N/A
2025-11-23T02:14:54.926692,100,10993,32.00027,36.014793,234.1,1,58-10993,11653,N/A
2025-11-23T02:14:54.926692,100,10981,31.999386,36.014343,0,1,58-10981,11651,N/A
2025-11-23T02:14:54.926692,100,11538,32.000355,36.014435,0,1,58-11538,11652,N/A
2025-11-23T02:14:54.926692,100,11520,32.000126,36.014256,298.39,1,58-11520,11653,N/A
2025-11-23T02:14:54.926692,100,93641,31.99996,36.015163,246.4,1,58-93641,11653,N/A
2025-11-23T02:14:54.926692,100,82779,31.963634,35.960278,36.1,1,58-82779,11653,N/A
2025-11-23T02:14:54.926692,100,10996,31.960546,35.956833,0,1,58-10996,11653,N/A
2025-11-23T02:14:54.926692,100,11544,31.961313,35.958122,0,1,58-11544,11653,N/A
2025-11-23T02:15:51.039943,99,22057,32.00033,36.01411,120.8,0,58-22057,11675,N/A
2025-11-23T02:15:51.039943,99,97202,32.000256,36.015682,11.6,0,58-97202,11671,N/A
2025-11-23T02:15:51.039943,99,32725,31.99941,36.014168,116.7,0,58-32725,10625,N/A
2025-11-23T02:15:51.039943,99,96335,31.94514,35.927013,105.5,0,58-96335,10641,N/A
2025-11-23T02:15:51.039943,99,72129,31.944706,35.928158,106.5,0,58-72129,10641,N/A
2025-11-23T02:15:51.039943,99,45556,32.020844,35.84248,286.7,0,58-45556,10612,N/A
2025-11-23T02:15:51.039943,99,11005,32.00024,36.015,0,0,58-11005,10625,N/A
2025-11-23T02:15:51.039943,99,28732,32.021748,35.842438,58.6,0,58-28732,10612,N/A
2025-11-23T02:15:51.039943,99,66163,32.02123,35.84215,346.2,0,58-66163,10612,N/A
2025-11-23T02:15:51.039943,99,56867,32.020847,35.842632,289.3,0,58-56867,10612,N/A
2025-11-23T02:15:51.039943,99,25354,31.944778,35.92804,106.1,0,58-25354,10641,N/A
2025-11-23T02:15:51.039943,99,11649,32.022224,35.845154,72.31,0,58-11649,10612,N/A
2025-11-23T02:15:51.039943,99,11547,32.00016,36.01502,0,0,58-11547,10622,N/A
2025-11-23T02:15:51.039943,99,37113,32.02191,35.843987,70,0,58-37113,10612,N/A
2025-11-23T02:15:51.039943,99,11718,31.94541,35.928734,0,0,58-11718,10635,N/A
2025-11-23T02:15:51.039943,99,49451,31.946053,35.92815,294.1,1,58-49451,10643,N/A
2025-11-23T02:15:51.039943,99,11670,32.00448,36.008205,0,1,58-11670,10636,N/A
2025-11-23T02:15:51.039943,99,11499,32.00014,36.015255,0,1,58-11499,10635,N/A
2025-11-23T02:15:51.039943,99,11526,32.0002,36.01552,0,1,58-11526,10622,N/A
2025-11-23T02:15:51.039943,99,73439,32.023087,35.848095,252.9,1,58-73439,10613,N/A
2025-11-23T02:15:51.039943,99,52827,31.94586,35.91979,285.5,1,58-52827,10643,N/A
2025-11-23T02:15:51.039943,99,11493,31.94533,35.928787,0,1,58-11493,10643,N/A
2025-11-23T02:15:51.039943,99,11496,32.00006,36.015587,192.2,1,58-11496,10642,N/A
2025-11-23T02:15:51.039943,100,50152,31.99949,36.013763,130.8,0,58-50152,10613,N/A
2025-11-23T02:15:51.039943,100,63240,32.001354,36.014027,197,0,58-63240,11649,N/A
2025-11-23T02:15:51.039943,100,98191,32.00009,36.015476,0,0,58-98191,10622,N/A
2025-11-23T02:15:51.039943,100,10975,31.999632,36.016132,197.68,0,58-10975,11649,N/A
2025-11-23T02:15:51.039943,100,48886,32.00026,36.015392,21.5,0,58-48886,11649,N/A
2025-11-23T02:15:51.039943,100,11523,32.000935,36.013863,197.6,0,58-11523,10612,N/A
2025-11-23T02:15:51.039943,100,11014,32.004826,36.014347,132.1,0,58-11014,10619,N/A
2025-11-23T02:15:51.039943,100,11724,32.000275,36.01534,0,0,58-11724,11648,N/A
2025-11-23T02:15:51.039943,100,40779,31.96065,35.95736,40.9,0,58-40779,11651,N/A
2025-11-23T02:15:51.039943,100,24926,31.999966,36.015114,232.1,0,58-24926,11653,N/A
2025-11-23T02:15:51.039943,100,50752,32.000263,36.01564,74.8,1,58-50752,11651,N/A
2025-11-23T02:15:51.039943,100,05961,32.000313,36.015438,31.1,1,58-95961,11653,N/A
2025-11-23T02:15:51.039943,100,16863,32.000065,36.01559,0,1,58-16863,11653,N/A
2025-11-23T02:15:51.039943,100,97599,31.992634,35.890064,309.89,1,58-97599,10622,N/A
2025-11-23T02:15:51.039943,100,10987,32.000244,36.01543,0,1,58-10987,11653,N/A
2025-11-23T02:15:51.039943,100,52302,31.964375,35.960926,34.79,1,58-52302,11653,N/A
2025-11-23T02:15:51.039943,100,21423,32.000317,36.01466,218.2,1,58-21423,11653,N/A
2025-11-23T02:15:51.039943,100,30732,32.004444,36.00834,359.4,1,58-30732,11651,N/A
2025-11-23T02:15:51.039943,100,95161,32.000343,36.014633,177.4,1,58-95161,11653,N/A
2025-11-23T02:15:51.039943,100,90702,32.021866,35.844257,43.9,1,58-90702,10613,N/A
2025-11-23T02:15:51.039943,100,10993,32.00027,36.014793,234.1,1,58-10993,11652,N/A
2025-11-23T02:15:51.039943,100,10981,31.999386,36.014343,0,1,58-10981,11653,N/A
2025-11-23T02:15:51.039943,100,11538,32.000355,36.014435,0,1,58-11538,11653,N/A
2025-11-23T02:15:51.039943,100,11520,32.000126,36.014256,298.39,1,58-11520,11653,N/A
2025-11-23T02:15:51.039943,100,93641,31.99996,36.015163,246.4,1,58-93641,11653,N/A
2025-11-23T02:15:51.039943,100,82779,31.963634,35.960278,36.1,1,58-82779,11653,N/A
2025-11-23T02:15:51.039943,100,10996,31.960546,35.956833,0,1,58-10996,11653,N/A
2025-11-23T02:15:51.039943,100,11544,31.961313,35.958122,0,1,58-11544,11653,N/A
2025-11-23T02:16:36.507571,99,22057,32.00033,36.01411,120.8,0,58-22057,11675,N/A
2025-11-23T02:16:36.507571,99,97202,32.000256,36.015682,11.6,0,58-97202,11671,N/A
2025-11-23T02:16:36.507571,99,32725,31.99941,36.014168,116.7,0,58-32725,10625,N/A
2025-11-23T02:16:36.507571,99,96335,31.94514,35.927013,105.5,0,58-96335,10641,N/A
2025-11-23T02:16:36.507571,99,72129,31.944706,35.928158,106.5,0,58-72129,10641,N/A
2025-11-23T02:16:36.507571,99,45556,32.020844,35.84248,286.7,0,58-45556,10612,N/A
2025-11-23T02:16:36.507571,99,11005,32.00024,36.015,0,0,58-11005,10625,N/A
2025-11-23T02:16:36.507571,99,28732,32.021748,35.842438,58.6,0,58-28732,10612,N/A
2025-11-23T02:16:36.507571,99,66163,32.02123,35.84215,346.2,0,58-66163,10612,N/A
2025-11-23T02:16:36.507571,99,56867,32.020847,35.842632,289.3,0,58-56867,10612,N/A
2025-11-23T02:16:36.507571,99,25354,31.944778,35.92804,106.1,0,58-25354,10641,N/A
2025-11-23T02:16:36.507571,99,11649,32.022224,35.845154,72.31,0,58-11649,10612,N/A
2025-11-23T02:16:36.507571,99,11547,32.00016,36.01502,0,0,58-11547,10622,N/A
2025-11-23T02:16:36.507571,99,37113,32.02191,35.843987,70,0,58-37113,10612,N/A
2025-11-23T02:16:36.507571,99,11718,31.94541,35.928734,0,0,58-11718,10635,N/A
2025-11-23T02:16:36.507571,99,49451,31.946053,35.92815,294.1,1,58-49451,10643,N/A
2025-11-23T02:16:36.507571,99,11670,32.00448,36.008205,0,1,58-11670,10636,N/A
2025-11-23T02:16:36.507571,99,11499,32.00014,36.015255,0,1,58-11499,10635,N/A
2025-11-23T02:16:36.507571,99,11526,32.0002,36.01552,0,1,58-11526,10622,N/A
2025-11-23T02:16:36.507571,99,73439,32.023087,35.848095,252.9,1,58-73439,10613,N/A
2025-11-23T02:16:36.507571,99,52827,31.94586,35.91979,285.5,1,58-52827,10643,N/A
2025-11-23T02:16:36.507571,99,11493,31.94533,35.928787,0,1,58-11493,10643,N/A
2025-11-23T02:16:36.507571,99,11496,32.00006,36.015587,192.2,1,58-11496,10642,N/A
2025-11-23T02:16:36.507571,100,50152,31.99949,36.013763,130.8,0,58-50152,10613,N/A
2025-11-23T02:16:36.507571,100,63240,32.001354,36.014027,197,0,58-63240,11649,N/A
2025-11-23T02:16:36.507571,100,98191,32.00009,36.015476,0,0,58-98191,10622,N/A
2025-11-23T02:16:36.507571,100,10975,31.999632,36.016132,197.68,0,58-10975,11649,N/A
2025-11-23T02:16:36.507571,100,48886,32.00026,36.015392,21.5,0,58-48886,11649,N/A
2025-11-23T02:16:36.507571,100,11523,32.000935,36.013863,197.6,0,58-11523,10612,N/A
2025-11-23T02:16:36.507571,100,11014,32.004826,36.014347,132.1,0,58-11014,10619,N/A
2025-11-23T02:16:36.507571,100,11724,32.000275,36.01534,0,0,58-11724,11648,N/A
2025-11-23T02:16:36.507571,100,40779,31.96065,35.95736,40.9,0,58-40779,11651,N/A
2025-11-23T02:16:36.507571,100,24926,31.999966,36.015114,232.1,0,58-24926,11653,N/A
2025-11-23T02:16:36.507571,100,50752,32.000263,36.01564,74.8,1,58-50752,11651,N/A
2025-11-23T02:16:36.507571,100,05961,32.000313,36.015438,31.1,1,58-95961,11653,N/A
2025-11-23T02:16:36.507571,100,16863,32.000065,36.01559,0,1,58-16863,11653,N/A
2025-11-23T02:16:36.507571,100,97599,31.992634,35.890064,309.89,1,58-97599,10622,N/A
2025-11-23T02:16:36.507571,100,10987,32.000244,36.01543,0,1,58-10987,11653,N/A
2025-11-23T02:16:36.507571,100,52302,31.964375,35.960926,34.79,1,58-52302,11653,N/A
2025-11-23T02:16:36.507571,100,21423,32.000317,36.01466,218.2,1,58-21423,11653,N/A
2025-11-23T02:16:36.507571,100,30732,32.004444,36.00834,359.4,1,58-30732,11651,N/A
2025-11-23T02:16:36.507571,100,95161,32.000343,36.014633,177.4,1,58-95161,11653,N/A
2025-11-23T02:16:36.507571,100,90702,32.021866,35.844257,43.9,1,58-90702,10613,N/A
2025-11-23T02:16:36.507571,100,10993,32.00027,36.014793,234.1,1,58-10993,11652,N/A
2025-11-23T02:16:36.507571,100,10981,31.999386,36.014343,0,1,58-10981,11653,N/A
2025-11-23T02:16:36.507571,100,11538,32.000355,36.014435,0,1,58-11538,11653,N/A
2025-11-23T02:16:36.507571,100,11520,32.000126,36.014256,298.39,1,58-11520,11653,N/A
2025-11-23T02:16:36.507571,100,93641,31.99996,36.015163,246.4,1,58-93641,11653,N/A
2025-11-23T02:16:36.507571,100,82779,31.963634,35.960278,36.1,1,58-82779,11653,N/A
2025-11-23T02:16:36.507571,100,10996,31.960546,35.956833,0,1,58-10996,11653,N/A
2025-11-23T02:16:36.507571,100,11544,31.961313,35.958122,0,1,58-11544,11653,N/A
2025-11-23T02:17:26.655886,99,22057,32.00033,36.01411,120.8,0,58-22057,11675,N/A
2025-11-23T02:17:26.655886,99,97202,32.000256,36.015682,11.6,0,58-97202,11671,N/A
2025-11-23T02:17:26.655886,99,32725,31.99941,36.014168,116.7,0,58-32725,10625,N/A
2025-11-23T02:17:26.655886,99,96335,31.94514,35.927013,105.5,0,58-96335,10641,N/A
2025-11-23T02:17:26.655886,99,72129,31.944706,35.928158,106.5,0,58-72129,10641,N/A
2025-11-23T02:17:26.655886,99,45556,32.020844,35.84248,286.7,0,58-45556,10612,N/A
2025-11-23T02:17:26.655886,99,11005,32.00024,36.015,0,0,58-11005,10625,N/A
2025-11-23T02:17:26.655886,99,28732,32.021748,35.842438,58.6,0,58-28732,10612,N/A
2025-11-23T02:17:26.655886,99,66163,32.02123,35.84215,346.2,0,58-66163,10612,N/A
2025-11-23T02:17:26.655886,99,56867,32.020847,35.842632,289.3,0,58-56867,10612,N/A
2025-11-23T02:17:26.655886,99,25354,31.944778,35.92804,106.1,0,58-25354,10641,N/A
2025-11-23T02:17:26.655886,99,11649,32.022224,35.845154,72.31,0,58-11649,10612,N/A
2025-11-23T02:17:26.655886,99,11547,32.00016,36.01502,0,0,58-11547,10622,N/A
2025-11-23T02:17:26.655886,99,37113,32.02191,35.843987,70,0,58-37113,10612,N/A
2025-11-23T02:17:26.655886,99,11718,31.94541,35.928734,0,0,58-11718,10635,N/A
2025-11-23T02:17:26.655886,99,49451,31.946053,35.92815,294.1,1,58-49451,10643,N/A
2025-11-23T02:17:26.655886,99,11670,32.00448,36.008205,0,1,58-11670,10636,N/A
2025-11-23T02:17:26.655886,99,11499,32.00014,36.015255,0,1,58-11499,10635,N/A
2025-11-23T02:17:26.655886,99,11526,32.0002,36.01552,0,1,58-11526,10622,N/A
2025-11-23T02:17:26.655886,99,73439,32.023087,35.848095,252.9,1,58-73439,10613,N/A
2025-11-23T02:17:26.655886,99,52827,31.94586,35.91979,285.5,1,58-52827,10643,N/A
2025-11-23T02:17:26.655886,99,11493,31.94533,35.928787,0,1,58-11493,10643,N/A
2025-11-23T02:17:26.655886,99,11496,32.00006,36.015587,192.2,1,58-11496,10642,N/A
2025-11-23T02:17:26.655886,100,50152,31.99949,36.013763,130.8,0,58-50152,10613,N/A
2025-11-23T02:17:26.655886,100,63240,32.001354,36.014027,197,0,58-63240,11649,N/A
2025-11-23T02:17:26.655886,100,98191,32.000126,36.015465,190.8,0,58-98191,10622,N/A
2025-11-23T02:17:26.655886,100,10975,31.999632,36.016132,197.68,0,58-10975,11649,N/A
2025-11-23T02:17:26.655886,100,48886,32.00026,36.015392,21.5,0,58-48886,11649,N/A
2025-11-23T02:17:26.655886,100,11523,32.000935,36.013863,197.6,0,58-11523,10612,N/A
2025-11-23T02:17:26.655886,100,11014,32.004826,36.014347,132.1,0,58-11014,10623,N/A
2025-11-23T02:17:26.655886,100,11724,32.000275,36.01534,0,0,58-11724,11648,N/A
2025-11-23T02:17:26.655886,100,40779,31.96065,35.95736,40.9,0,58-40779,11651,N/A
2025-11-23T02:17:26.655886,100,24926,31.999966,36.015114,232.1,0,58-24926,11653,N/A
2025-11-23T02:17:26.655886,100,50752,32.000263,36.01564,74.8,1,58-50752,11653,N/A
2025-11-23T02:17:26.655886,100,05961,32.000313,36.015438,31.1,1,58-95961,11653,N/A
2025-11-23T02:17:26.655886,100,16863,32.000065,36.01559,0,1,58-16863,11653,N/A
2025-11-23T02:17:26.655886,100,97599,31.992634,35.890064,309.89,1,58-97599,10622,N/A
2025-11-23T02:17:26.655886,100,10987,32.000244,36.01543,0,1,58-10987,11653,N/A
2025-11-23T02:17:26.655886,100,52302,31.964375,35.960926,34.79,1,58-52302,11653,N/A
2025-11-23T02:17:26.655886,100,21423,32.000317,36.01466,218.2,1,58-21423,11653,N/A
2025-11-23T02:17:26.655886,100,30732,32.004444,36.00834,359.4,1,58-30732,11653,N/A
2025-11-23T02:17:26.655886,100,95161,32.000343,36.014633,177.4,1,58-95161,11653,N/A
2025-11-23T02:17:26.655886,100,90702,32.021866,35.844257,43.9,1,58-90702,10613,N/A
2025-11-23T02:17:26.655886,100,10993,32.00027,36.014793,234.1,1,58-10993,11653,N/A
2025-11-23T02:17:26.655886,100,10981,31.999386,36.014343,0,1,58-10981,11651,N/A
2025-11-23T02:17:26.655886,100,11538,32.000355,36.014435,0,1,58-11538,11652,N/A
2025-11-23T02:17:26.655886,100,11520,32.000126,36.014256,298.39,1,58-11520,11653,N/A
2025-11-23T02:17:26.655886,100,93641,31.99996,36.015163,246.4,1,58-93641,11653,N/A
2025-11-23T02:17:26.655886,100,82779,31.963634,35.960278,36.1,1,58-82779,11653,N/A
2025-11-23T02:17:26.655886,100,10996,31.960546,35.956833,0,1,58-10996,11653,N/A
2025-11-23T02:17:26.655886,100,11544,31.961313,35.958122,0,1,58-11544,11653,N/A
2025-11-23T02:18:17.041488,99,22057,32.00033,36.01411,120.8,0,58-22057,11675,N/A
2025-11-23T02:18:17.041488,99,97202,32.000256,36.015682,11.6,0,58-97202,11671,N/A
2025-11-23T02:18:17.041488,99,32725,31.99941,36.014168,116.7,0,58-32725,10625,N/A
2025-11-23T02:18:17.041488,99,96335,31.94514,35.927013,105.5,0,58-96335,10641,N/A
2025-11-23T02:18:17.041488,99,72129,31.944706,35.928158,106.5,0,58-72129,10641,N/A
2025-11-23T02:18:17.041488,99,45556,32.020844,35.84248,286.7,0,58-45556,10612,N/A
2025-11-23T02:18:17.041488,99,11005,32.00024,36.015,0,0,58-11005,10625,N/A
2025-11-23T02:18:17.041488,99,28732,32.021748,35.842438,58.6,0,58-28732,10612,N/A
2025-11-23T02:18:17.041488,99,66163,32.02123,35.84215,346.2,0,58-66163,10612,N/A
2025-11-23T02:18:17.041488,99,56867,32.020847,35.842632,289.3,0,58-56867,10612,N/A
2025-11-23T02:18:17.041488,99,25354,31.944778,35.92804,106.1,0,58-25354,10641,N/A
2025-11-23T02:18:17.041488,99,11649,32.022224,35.845154,72.31,0,58-11649,10612,N/A
2025-11-23T02:18:17.041488,99,11547,32.00016,36.01502,0,0,58-11547,10622,N/A
2025-11-23T02:18:17.041488,99,37113,32.02191,35.843987,70,0,58-37113,10612,N/A
2025-11-23T02:18:17.041488,99,11718,31.94541,35.928734,0,0,58-11718,10635,N/A
2025-11-23T02:18:17.041488,99,49451,31.946053,35.92815,294.1,1,58-49451,10643,N/A
2025-11-23T02:18:17.041488,99,11670,32.00448,36.008205,0,1,58-11670,10636,N/A
2025-11-23T02:18:17.041488,99,11499,32.00014,36.015255,0,1,58-11499,10635,N/A
2025-11-23T02:18:17.041488,99,11526,32.0002,36.01552,0,1,58-11526,10622,N/A
2025-11-23T02:18:17.041488,99,73439,32.023087,35.848095,252.9,1,58-73439,10613,N/A
2025-11-23T02:18:17.041488,99,52827,31.94586,35.91979,285.5,1,58-52827,10643,N/A
2025-11-23T02:18:17.041488,99,11493,31.94533,35.928787,0,1,58-11493,10643,N/A
2025-11-23T02:18:17.041488,99,11496,32.00006,36.015587,192.2,1,58-11496,10642,N/A
2025-11-23T02:18:17.041488,100,50152,31.99949,36.013763,130.8,0,58-50152,10613,N/A
2025-11-23T02:18:17.041488,100,63240,32.001354,36.014027,197,0,58-63240,11649,N/A
2025-11-23T02:18:17.041488,100,98191,32.000126,36.015465,190.8,0,58-98191,10622,N/A
2025-11-23T02:18:17.041488,100,10975,31.999632,36.016132,197.68,0,58-10975,11649,N/A
2025-11-23T02:18:17.041488,100,48886,32.00026,36.015392,21.5,0,58-48886,11649,N/A
2025-11-23T02:18:17.041488,100,11523,32.000935,36.013863,197.6,0,58-11523,10612,N/A
2025-11-23T02:18:17.041488,100,11014,32.004826,36.014347,132.1,0,58-11014,10623,N/A
2025-11-23T02:18:17.041488,100,11724,32.000275,36.01534,0,0,58-11724,11648,N/A
2025-11-23T02:18:17.041488,100,40779,31.96065,35.95736,40.9,0,58-40779,11651,N/A
2025-11-23T02:18:17.041488,100,24926,31.999966,36.015114,232.1,0,58-24926,11653,N/A
2025-11-23T02:18:17.041488,100,50752,32.000263,36.01564,74.8,1,58-50752,11651,N/A
2025-11-23T02:18:17.041488,100,05961,32.000313,36.015438,31.1,1,58-95961,11653,N/A
2025-11-23T02:18:17.041488,100,16863,32.000065,36.01559,0,1,58-16863,11653,N/A
2025-11-23T02:18:17.041488,100,97599,31.992634,35.890064,309.89,1,58-97599,10622,N/A
2025-11-23T02:18:17.041488,100,10987,32.000244,36.01543,0,1,58-10987,11653,N/A
2025-11-23T02:18:17.041488,100,52302,31.964375,35.960926,34.79,1,58-52302,11653,N/A
2025-11-23T02:18:17.041488,100,21423,32.000317,36.01466,218.2,1,58-21423,11653,N/A
2025-11-23T02:18:17.041488,100,30732,32.004444,36.00834,359.4,1,58-30732,11651,N/A
2025-11-23T02:18:17.041488,100,95161,32.000343,36.014633,177.4,1,58-95161,11653,N/A
2025-11-23T02:18:17.041488,100,90702,32.021866,35.844257,43.9,1,58-90702,10613,N/A
2025-11-23T02:18:17.041488,100,10993,32.00027,36.014793,234.1,1,58-10993,11652,N/A
2025-11-23T02:18:17.041488,100,10981,31.999386,36.014343,0,1,58-10981,11653,N/A
2025-11-23T02:18:17.041488,100,11538,32.000355,36.014435,0,1,58-11538,11653,N/A
2025-11-23T02:18:17.041488,100,11520,32.000126,36.014256,298.39,1,58-11520,11653,N/A
2025-11-23T02:18:17.041488,100,93641,31.99996,36.015163,246.4,1,58-93641,11653,N/A
2025-11-23T02:18:17.041488,100,82779,31.963634,35.960278,36.1,1,58-82779,11653,N/A
2025-11-23T02:18:17.041488,100,10996,31.960546,35.956833,0,1,58-10996,11653,N/A
2025-11-23T02:18:17.041488,100,11544,31.961313,35.958122,0,1,58-11544,11653,N/A
2025-11-23T02:19:20.543646,99,22057,32.00033,36.01411,120.8,0,58-22057,10614,N/A
2025-11-23T02:19:20.543646,99,97202,32.000256,36.015682,11.6,0,58-97202,11671,N/A
2025-11-23T02:19:20.543646,99,32725,31.99941,36.014168,116.7,0,58-32725,10625,N/A
2025-11-23T02:19:20.543646,99,96335,31.94514,35.927013,105.5,0,58-96335,10641,N/A
2025-11-23T02:19:20.543646,99,72129,31.944706,35.928158,106.5,0,58-72129,10641,N/A
2025-11-23T02:19:20.543646,99,45556,32.020844,35.84248,286.7,0,58-45556,10612,N/A
2025-11-23T02:19:20.543646,99,11005,32.00024,36.015,0,0,58-11005,10625,N/A
2025-11-23T02:19:20.543646,99,28732,32.021492,35.842632,46.1,0,58-28732,10612,N/A
2025-11-23T02:19:20.543646,99,66163,32.02123,35.84215,346.2,0,58-66163,10612,N/A
2025-11-23T02:19:20.543646,99,56867,32.020847,35.842632,289.3,0,58-56867,10612,N/A
2025-11-23T02:19:20.543646,99,25354,31.944778,35.92804,106.1,0,58-25354,10641,N/A
2025-11-23T02:19:20.543646,99,11649,32.022224,35.845154,72.31,0,58-11649,10612,N/A
2025-11-23T02:19:20.543646,99,11547,32.00016,36.01502,0,0,58-11547,10622,N/A
2025-11-23T02:19:20.543646,99,37113,32.02158,35.842438,0,0,58-37113,10612,N/A
2025-11-23T02:19:20.543646,99,11718,31.94541,35.928734,0,0,58-11718,10635,N/A
2025-11-23T02:19:20.543646,99,49451,31.946053,35.92815,294.1,1,58-49451,10643,N/A
2025-11-23T02:19:20.543646,99,11670,32.00448,36.008205,0,1,58-11670,10636,N/A
2025-11-23T02:19:20.543646,99,11499,32.00014,36.015255,0,1,58-11499,10635,N/A
2025-11-23T02:19:20.543646,99,11526,32.0002,36.01552,0,1,58-11526,10622,N/A
2025-11-23T02:19:20.543646,99,73439,32.023087,35.848095,252.9,1,58-73439,10613,N/A
2025-11-23T02:19:20.543646,99,52827,31.94586,35.91979,285.5,1,58-52827,10643,N/A
2025-11-23T02:19:20.543646,99,11493,31.94533,35.928787,0,1,58-11493,10643,N/A
2025-11-23T02:19:20.543646,99,11496,32.00006,36.015587,192.2,1,58-11496,10642,N/A
2025-11-23T02:19:20.543646,100,50152,31.99949,36.013763,130.8,0,58-50152,10613,N/A
2025-11-23T02:19:20.543646,100,63240,32.001354,36.014027,197,0,58-63240,11649,N/A
2025-11-23T02:19:20.543646,100,98191,32.00009,36.015476,0,0,58-98191,10622,N/A
2025-11-23T02:19:20.543646,100,10975,31.999632,36.016132,197.68,0,58-10975,11649,N/A
2025-11-23T02:19:20.543646,100,48886,32.00026,36.015392,21.5,0,58-48886,11649,N/A
2025-11-23T02:19:20.543646,100,11523,32.000935,36.013863,197.6,0,58-11523,10612,N/A
2025-11-23T02:19:20.543646,100,11014,32.004826,36.014347,132.1,0,58-11014,10619,N/A
2025-11-23T02:19:20.543646,100,11724,32.000275,36.01534,0,0,58-11724,11648,N/A
2025-11-23T02:19:20.543646,100,40779,31.96065,35.95736,40.9,0,58-40779,11651,N/A
2025-11-23T02:19:20.543646,100,24926,31.999966,36.015114,232.1,0,58-24926,11653,N/A
2025-11-23T02:19:20.543646,100,50752,32.000263,36.01564,74.8,1,58-50752,11651,N/A
2025-11-23T02:19:20.543646,100,05961,32.000313,36.015438,31.1,1,58-95961,11653,N/A
2025-11-23T02:19:20.543646,100,16863,32.000065,36.01559,0,1,58-16863,11653,N/A
2025-11-23T02:19:20.543646,100,97599,31.992634,35.890064,309.89,1,58-97599,10622,N/A
2025-11-23T02:19:20.543646,100,10987,32.000244,36.01543,0,1,58-10987,11653,N/A
2025-11-23T02:19:20.543646,100,52302,31.964375,35.960926,34.79,1,58-52302,11653,N/A
2025-11-23T02:19:20.543646,100,21423,32.000317,36.01466,218.2,1,58-21423,11653,N/A
2025-11-23T02:19:20.543646,100,30732,32.004444,36.00834,359.4,1,58-30732,11651,N/A
2025-11-23T02:19:20.543646,100,95161,32.000343,36.014633,177.4,1,58-95161,11653,N/A
2025-11-23T02:19:20.543646,100,90702,32.021866,35.844257,43.9,1,58-90702,10613,N/A
2025-11-23T02:19:20.543646,100,10993,32.00027,36.014793,234.1,1,58-10993,11652,N/A
2025-11-23T02:19:20.543646,100,10981,31.999386,36.014343,0,1,58-10981,11653,N/A
2025-11-23T02:19:20.543646,100,11538,32.000355,36.014435,0,1,58-11538,11653,N/A
2025-11-23T02:19:20.543646,100,11520,32.000126,36.014256,298.39,1,58-11520,11653,N/A
2025-11-23T02:19:20.543646,100,93641,31.99996,36.015163,246.4,1,58-93641,11653,N/A
2025-11-23T02:19:20.543646,100,82779,31.963634,35.960278,36.1,1,58-82779,11653,N/A
2025-11-23T02:19:20.543646,100,10996,31.960546,35.956833,0,1,58-10996,11653,N/A
2025-11-23T02:19:20.543646,100,11544,31.961313,35.958122,0,1,58-11544,11653,N/A
2025-11-23T02:20:40.044114,99,22057,32.00033,36.01411,120.8,0,58-22057,10614,N/A
2025-11-23T02:20:40.044114,99,97202,32.000256,36.015682,11.6,0,58-97202,11671,N/A
2025-11-23T02:20:40.044114,99,32725,31.99941,36.014168,116.7,0,58-32725,10625,N/A
2025-11-23T02:20:40.044114,99,96335,31.94514,35.927013,105.5,0,58-96335,10641,N/A
2025-11-23T02:20:40.044114,99,72129,31.944706,35.928158,106.5,0,58-72129,10641,N/A
2025-11-23T02:20:40.044114,99,45556,32.020844,35.84248,286.7,0,58-45556,10612,N/A
2025-11-23T02:20:40.044114,99,11005,32.00024,36.015,0,0,58-11005,10625,N/A
2025-11-23T02:20:40.044114,99,28732,32.021492,35.842632,46.1,0,58-28732,10612,N/A
2025-11-23T02:20:40.044114,99,66163,32.02123,35.84215,346.2,0,58-66163,10612,N/A
2025-11-23T02:20:40.044114,99,56867,32.020847,35.842632,289.3,0,58-56867,10612,N/A
2025-11-23T02:20:40.044114,99,25354,31.944778,35.92804,106.1,0,58-25354,10641,N/A
2025-11-23T02:20:40.044114,99,11649,32.022224,35.845154,72.31,0,58-11649,10612,N/A
2025-11-23T02:20:40.044114,99,11547,32.00016,36.01502,0,0,58-11547,10622,N/A
2025-11-23T02:20:40.044114,99,37113,32.02158,35.842438,0,0,58-37113,10612,N/A
2025-11-23T02:20:40.044114,99,11718,31.94541,35.928734,0,0,58-11718,10635,N/A
2025-11-23T02:20:40.044114,99,49451,31.946053,35.92815,294.1,1,58-49451,10643,N/A
2025-11-23T02:20:40.044114,99,11670,32.00448,36.008205,0,1,58-11670,10636,N/A
2025-11-23T02:20:40.044114,99,11499,32.00014,36.015255,0,1,58-11499,10635,N/A
2025-11-23T02:20:40.044114,99,11526,32.0002,36.01552,0,1,58-11526,10622,N/A
2025-11-23T02:20:40.044114,99,73439,32.023087,35.848095,252.9,1,58-73439,10613,N/A
2025-11-23T02:20:40.044114,99,52827,31.94586,35.91979,285.5,1,58-52827,10643,N/A
2025-11-23T02:20:40.044114,99,11493,31.94533,35.928787,0,1,58-11493,10643,N/A
2025-11-23T02:20:40.044114,99,11496,32.00006,36.015587,192.2,1,58-11496,10642,N/A
2025-11-23T02:20:40.044114,100,50152,31.99949,36.013763,130.8,0,58-50152,10613,N/A
2025-11-23T02:20:40.044114,100,63240,32.001354,36.014027,197,0,58-63240,11649,N/A
2025-11-23T02:20:40.044114,100,98191,32.000126,36.015465,190.8,0,58-98191,10622,N/A
2025-11-23T02:20:40.044114,100,10975,31.999632,36.016132,197.68,0,58-10975,11649,N/A
2025-11-23T02:20:40.044114,100,48886,32.00026,36.015392,21.5,0,58-48886,11649,N/A
2025-11-23T02:20:40.044114,100,11523,32.000935,36.013863,197.6,0,58-11523,10612,N/A
2025-11-23T02:20:40.044114,100,11014,32.004826,36.014347,132.1,0,58-11014,10623,N/A
2025-11-23T02:20:40.044114,100,11724,32.000275,36.01534,0,0,58-11724,11648,N/A
2025-11-23T02:20:40.044114,100,40779,31.96065,35.95736,40.9,0,58-40779,11651,N/A
2025-11-23T02:20:40.044114,100,24926,31.999966,36.015114,232.1,0,58-24926,11653,N/A
2025-11-23T02:20:40.044114,100,50752,32.000263,36.01564,74.8,1,58-50752,11653,N/A
2025-11-23T02:20:40.044114,100,05961,32.000313,36.015438,31.1,1,58-95961,11653,N/A
2025-11-23T02:20:40.044114,100,16863,32.000065,36.01559,0,1,58-16863,11653,N/A
2025-11-23T02:20:40.044114,100,97599,31.992634,35.890064,309.89,1,58-97599,10622,N/A
2025-11-23T02:20:40.044114,100,10987,32.000244,36.01543,0,1,58-10987,11653,N/A
2025-11-23T02:20:40.044114,100,52302,31.964375,35.960926,34.79,1,58-52302,11653,N/A
2025-11-23T02:20:40.044114,100,21423,32.000317,36.01466,218.2,1,58-21423,11653,N/A
2025-11-23T02:20:40.044114,100,30732,32.004444,36.00834,359.4,1,58-30732,11653,N/A
2025-11-23T02:20:40.044114,100,95161,32.000343,36.014633,177.4,1,58-95161,11653,N/A
2025-11-23T02:20:40.044114,100,90702,32.021866,35.844257,43.9,1,58-90702,10613,N/A
2025-11-23T02:20:40.044114,100,10993,32.00027,36.014793,234.1,1,58-10993,11653,N/A
2025-11-23T02:20:40.044114,100,10981,31.999386,36.014343,0,1,58-10981,11651,N/A
2025-11-23T02:20:40.044114,100,11538,32.000355,36.014435,0,1,58-11538,11652,N/A
2025-11-23T02:20:40.044114,100,11520,32.000126,36.014256,298.39,1,58-11520,11653,N/A
2025-11-23T02:20:40.044114,100,93641,31.99996,36.015163,246.4,1,58-93641,11653,N/A
2025-11-23T02:20:40.044114,100,82779,31.963634,35.960278,36.1,1,58-82779,11653,N/A
2025-11-23T02:20:40.044114,100,10996,31.960546,35.956833,0,1,58-10996,11653,N/A
2025-11-23T02:20:40.044114,100,11544,31.961313,35.958122,0,1,58-11544,11653,N/A
2025-11-23T02:21:53.510156,99,22057,32.00033,36.01411,120.8,0,58-22057,10614,N/A
2025-11-23T02:21:53.510156,99,97202,32.000256,36.015682,11.6,0,58-97202,11671,N/A
2025-11-23T02:21:53.510156,99,32725,31.99941,36.014168,116.7,0,58-32725,10625,N/A
2025-11-23T02:21:53.510156,99,96335,31.94514,35.927013,105.5,0,58-96335,10641,N/A
2025-11-23T02:21:53.510156,99,72129,31.944706,35.928158,106.5,0,58-72129,10641,N/A
2025-11-23T02:21:53.510156,99,45556,32.020844,35.84248,286.7,0,58-45556,10612,N/A
2025-11-23T02:21:53.510156,99,11005,32.00024,36.015,0,0,58-11005,10625,N/A
2025-11-23T02:21:53.510156,99,28732,32.021492,35.842632,46.1,0,58-28732,10612,N/A
2025-11-23T02:21:53.510156,99,66163,32.02123,35.84215,346.2,0,58-66163,10612,N/A
2025-11-23T02:21:53.510156,99,56867,32.020847,35.842632,289.3,0,58-56867,10612,N/A
2025-11-23T02:21:53.510156,99,25354,31.944778,35.92804,106.1,0,58-25354,10641,N/A
2025-11-23T02:21:53.510156,99,11649,32.022224,35.845154,72.31,0,58-11649,10612,N/A
2025-11-23T02:21:53.510156,99,11547,32.00016,36.01502,0,0,58-11547,10622,N/A
2025-11-23T02:21:53.510156,99,37113,32.02158,35.842438,0,0,58-37113,10612,N/A
2025-11-23T02:21:53.510156,99,11718,31.94541,35.928734,0,0,58-11718,10635,N/A
2025-11-23T02:21:53.510156,99,49451,31.946053,35.92815,294.1,1,58-49451,10643,N/A
2025-11-23T02:21:53.510156,99,11670,32.00448,36.008205,0,1,58-11670,10636,N/A
2025-11-23T02:21:53.510156,99,11499,32.00014,36.015255,0,1,58-11499,10635,N/A
2025-11-23T02:21:53.510156,99,11526,32.0002,36.01552,0,1,58-11526,10622,N/A
2025-11-23T02:21:53.510156,99,73439,32.023087,35.848095,252.9,1,58-73439,10613,N/A
2025-11-23T02:21:53.510156,99,52827,31.94586,35.91979,285.5,1,58-52827,10643,N/A
2025-11-23T02:21:53.510156,99,11493,31.94533,35.928787,0,1,58-11493,10643,N/A
2025-11-23T02:21:53.510156,99,11496,32.00006,36.015587,192.2,1,58-11496,10642,N/A
2025-11-23T02:21:53.510156,100,50152,31.99949,36.013763,130.8,0,58-50152,10613,N/A
2025-11-23T02:21:53.510156,100,63240,32.001354,36.014027,197,0,58-63240,11649,N/A
2025-11-23T02:21:53.510156,100,98191,32.00009,36.015476,0,0,58-98191,10622,N/A
2025-11-23T02:21:53.510156,100,10975,31.999632,36.016132,197.68,0,58-10975,11649,N/A
2025-11-23T02:21:53.510156,100,48886,32.00026,36.015392,21.5,0,58-48886,11649,N/A
2025-11-23T02:21:53.510156,100,11523,32.000935,36.013863,197.6,0,58-11523,10612,N/A
2025-11-23T02:21:53.510156,100,11014,32.004826,36.014347,132.1,0,58-11014,10619,N/A
2025-11-23T02:21:53.510156,100,11724,32.000275,36.01534,0,0,58-11724,11648,N/A
2025-11-23T02:21:53.510156,100,40779,31.96065,35.95736,40.9,0,58-40779,11651,N/A
2025-11-23T02:21:53.510156,100,24926,31.999966,36.015114,232.1,0,58-24926,11653,N/A
2025-11-23T02:21:53.510156,100,50752,32.000263,36.01564,74.8,1,58-50752,11653,N/A
2025-11-23T02:21:53.510156,100,05961,32.000313,36.015438,31.1,1,58-95961,11653,N/A
2025-11-23T02:21:53.510156,100,16863,32.000065,36.01559,0,1,58-16863,11653,N/A
2025-11-23T02:21:53.510156,100,97599,31.992634,35.890064,309.89,1,58-97599,10622,N/A
2025-11-23T02:21:53.510156,100,10987,32.000244,36.01543,0,1,58-10987,11653,N/A
2025-11-23T02:21:53.510156,100,52302,31.964375,35.960926,34.79,1,58-52302,11653,N/A
2025-11-23T02:21:53.510156,100,21423,32.000317,36.01466,218.2,1,58-21423,11653,N/A
2025-11-23T02:21:53.510156,100,30732,32.004444,36.00834,359.4,1,58-30732,11653,N/A
2025-11-23T02:21:53.510156,100,95161,32.000343,36.014633,177.4,1,58-95161,11653,N/A
2025-11-23T02:21:53.510156,100,90702,32.021866,35.844257,43.9,1,58-90702,10613,N/A
2025-11-23T02:21:53.510156,100,10993,32.00027,36.014793,234.1,1,58-10993,11653,N/A
2025-11-23T02:21:53.510156,100,10981,31.999386,36.014343,0,1,58-10981,11651,N/A
2025-11-23T02:21:53.510156,100,11538,32.000355,36.014435,0,1,58-11538,11652,N/A
2025-11-23T02:21:53.510156,100,11520,32.000126,36.014256,298.39,1,58-11520,11653,N/A
2025-11-23T02:21:53.510156,100,93641,31.99996,36.015163,246.4,1,58-93641,11653,N/A
2025-11-23T02:21:53.510156,100,82779,31.963634,35.960278,36.1,1,58-82779,11653,N/A
2025-11-23T02:21:53.510156,100,10996,31.960546,35.956833,0,1,58-10996,11653,N/A
2025-11-23T02:21:53.510156,100,11544,31.961313,35.958122,0,1,58-11544,11653,N/A
2025-11-23T02:23:05.357091,99,22057,32.00033,36.01411,120.8,0,58-22057,11675,N/A
2025-11-23T02:23:05.357091,99,97202,32.000256,36.015682,11.6,0,58-97202,11671,N/A
2025-11-23T02:23:05.357091,99,32725,31.99941,36.014168,116.7,0,58-32725,10625,N/A
2025-11-23T02:23:05.357091,99,96335,31.94514,35.927013,105.5,0,58-96335,10641,N/A
2025-11-23T02:23:05.357091,99,72129,31.944706,35.928158,106.5,0,58-72129,10641,N/A
2025-11-23T02:23:05.357091,99,45556,32.020844,35.84248,286.7,0,58-45556,10612,N/A
2025-11-23T02:23:05.357091,99,11005,32.00024,36.015,0,0,58-11005,10625,N/A
2025-11-23T02:23:05.357091,99,28732,32.021748,35.842438,58.6,0,58-28732,10612,N/A
2025-11-23T02:23:05.357091,99,66163,32.02123,35.84215,346.2,0,58-66163,10612,N/A
2025-11-23T02:23:05.357091,99,56867,32.020847,35.842632,289.3,0,58-56867,10612,N/A
2025-11-23T02:23:05.357091,99,25354,31.944778,35.92804,106.1,0,58-25354,10641,N/A
2025-11-23T02:23:05.357091,99,11649,32.022224,35.845154,72.31,0,58-11649,10612,N/A
2025-11-23T02:23:05.357091,99,11547,32.00016,36.01502,0,0,58-11547,10622,N/A
2025-11-23T02:23:05.357091,99,37113,32.02191,35.843987,70,0,58-37113,10612,N/A
2025-11-23T02:23:05.357091,99,11718,31.94541,35.928734,0,0,58-11718,10635,N/A
2025-11-23T02:23:05.357091,99,49451,31.946053,35.92815,294.1,1,58-49451,10643,N/A
2025-11-23T02:23:05.357091,99,11670,32.00448,36.008205,0,1,58-11670,10636,N/A
2025-11-23T02:23:05.357091,99,11499,32.00014,36.015255,0,1,58-11499,10635,N/A
2025-11-23T02:23:05.357091,99,11526,32.0002,36.01552,0,1,58-11526,10622,N/A
2025-11-23T02:23:05.357091,99,73439,32.023087,35.848095,252.9,1,58-73439,10613,N/A
2025-11-23T02:23:05.357091,99,52827,31.94586,35.91979,285.5,1,58-52827,10643,N/A
2025-11-23T02:23:05.357091,99,11493,31.94533,35.928787,0,1,58-11493,10643,N/A
2025-11-23T02:23:05.357091,99,11496,32.00006,36.015587,192.2,1,58-11496,10642,N/A
2025-11-23T02:23:05.357091,100,50152,31.99949,36.013763,130.8,0,58-50152,10613,N/A
2025-11-23T02:23:05.357091,100,63240,32.001354,36.014027,197,0,58-63240,11649,N/A
2025-11-23T02:23:05.357091,100,98191,32.000126,36.015465,190.8,0,58-98191,10622,N/A
2025-11-23T02:23:05.357091,100,10975,31.999632,36.016132,197.68,0,58-10975,11649,N/A
2025-11-23T02:23:05.357091,100,48886,32.00026,36.015392,21.5,0,58-48886,11649,N/A
2025-11-23T02:23:05.357091,100,11523,32.000935,36.013863,197.6,0,58-11523,10612,N/A
2025-11-23T02:23:05.357091,100,11014,32.004826,36.014347,132.1,0,58-11014,10623,N/A
2025-11-23T02:23:05.357091,100,11724,32.000275,36.01534,0,0,58-11724,11648,N/A
2025-11-23T02:23:05.357091,100,40779,31.96065,35.95736,40.9,0,58-40779,11651,N/A
2025-11-23T02:23:05.357091,100,24926,31.999966,36.015114,232.1,0,58-24926,11653,N/A
2025-11-23T02:23:05.357091,100,50752,32.000263,36.01564,74.8,1,58-50752,11653,N/A
2025-11-23T02:23:05.357091,100,05961,32.000313,36.015438,31.1,1,58-95961,11653,N/A
2025-11-23T02:23:05.357091,100,16863,32.000065,36.01559,0,1,58-16863,11653,N/A
2025-11-23T02:23:05.357091,100,97599,31.992634,35.890064,309.89,1,58-97599,10622,N/A
2025-11-23T02:23:05.357091,100,10987,32.000244,36.01543,0,1,58-10987,11653,N/A
2025-11-23T02:23:05.357091,100,52302,31.964375,35.960926,34.79,1,58-52302,11653,N/A
2025-11-23T02:23:05.357091,100,21423,32.000317,36.01466,218.2,1,58-21423,11653,N/A
2025-11-23T02:23:05.357091,100,30732,32.004444,36.00834,359.4,1,58-30732,11653,N/A
2025-11-23T02:23:05.357091,100,95161,32.000343,36.014633,177.4,1,58-95161,11653,N/A
2025-11-23T02:23:05.357091,100,90702,32.021866,35.844257,43.9,1,58-90702,10613,N/A
2025-11-23T02:23:05.357091,100,10993,32.00027,36.014793,234.1,1,58-10993,11653,N/A
2025-11-23T02:23:05.357091,100,10981,31.999386,36.014343,0,1,58-10981,11651,N/A
2025-11-23T02:23:05.357091,100,11538,32.000355,36.014435,0,1,58-11538,11652,N/A
2025-11-23T02:23:05.357091,100,11520,32.000126,36.014256,298.39,1,58-11520,11653,N/A
2025-11-23T02:23:05.357091,100,93641,31.99996,36.015163,246.4,1,58-93641,11653,N/A
2025-11-23T02:23:05.357091,100,82779,31.963634,35.960278,36.1,1,58-82779,11653,N/A
2025-11-23T02:23:05.357091,100,10996,31.960546,35.956833,0,1,58-10996,11653,N/A
2025-11-23T02:23:05.357091,100,11544,31.961313,35.958122,0,1,58-11544,11653,N/A
2025-11-23T02:38:49.951813,99,22057,32.00033,36.01411,120.8,0,58-22057,11675,N/A
2025-11-23T02:38:49.951813,99,97202,32.000256,36.015682,11.6,0,58-97202,11671,N/A
2025-11-23T02:38:49.951813,99,32725,31.99941,36.014168,116.7,0,58-32725,10625,N/A
2025-11-23T02:38:49.951813,99,96335,31.94514,35.927013,105.5,0,58-96335,10641,N/A
2025-11-23T02:38:49.951813,99,72129,31.944706,35.928158,106.5,0,58-72129,10641,N/A
2025-11-23T02:38:49.951813,99,45556,32.020844,35.84248,286.7,0,58-45556,10612,N/A
2025-11-23T02:38:49.951813,99,11005,32.00024,36.015,0,0,58-11005,10625,N/A
2025-11-23T02:38:49.951813,99,28732,32.021748,35.842438,58.6,0,58-28732,10612,N/A
2025-11-23T02:38:49.951813,99,66163,32.02123,35.84215,346.2,0,58-66163,10612,N/A
2025-11-23T02:38:49.951813,99,56867,32.020847,35.842632,289.3,0,58-56867,10612,N/A
2025-11-23T02:38:49.951813,99,25354,31.944778,35.92804,106.1,0,58-25354,10641,N/A
2025-11-23T02:38:49.951813,99,11649,32.022224,35.845154,72.31,0,58-11649,10612,N/A
2025-11-23T02:38:49.951813,99,11547,32.00016,36.01502,0,0,58-11547,10622,N/A
2025-11-23T02:38:49.951813,99,37113,32.02191,35.843987,70,0,58-37113,10612,N/A
2025-11-23T02:38:49.951813,99,11718,31.94541,35.928734,0,0,58-11718,10635,N/A
2025-11-23T02:38:49.951813,99,49451,31.946053,35.92815,294.1,1,58-49451,10643,N/A
2025-11-23T02:38:49.951813,99,11670,32.00448,36.008205,0,1,58-11670,10636,N/A
2025-11-23T02:38:49.951813,99,11499,32.00014,36.015255,0,1,58-11499,10635,N/A
2025-11-23T02:38:49.951813,99,11526,32.0002,36.01552,0,1,58-11526,10622,N/A
2025-11-23T02:38:49.951813,99,73439,32.023087,35.848095,252.9,1,58-73439,10613,N/A
2025-11-23T02:38:49.951813,99,52827,31.94586,35.91979,285.5,1,58-52827,10643,N/A
2025-11-23T02:38:49.951813,99,11493,31.94533,35.928787,0,1,58-11493,10643,N/A
2025-11-23T02:38:49.951813,99,11496,32.00006,36.015587,192.2,1,58-11496,10642,N/A
2025-11-23T02:38:49.951813,100,50152,31.99949,36.013763,130.8,0,58-50152,10613,N/A
2025-11-23T02:38:49.951813,100,63240,32.001354,36.014027,197,0,58-63240,11649,N/A
2025-11-23T02:38:49.951813,100,98191,32.00009,36.015476,0,0,58-98191,10622,N/A
2025-11-23T02:38:49.951813,100,10975,31.999632,36.016132,197.68,0,58-10975,11649,N/A
2025-11-23T02:38:49.951813,100,48886,32.00026,36.015392,21.5,0,58-48886,11649,N/A
2025-11-23T02:38:49.951813,100,11523,32.000935,36.013863,197.6,0,58-11523,10612,N/A
2025-11-23T02:38:49.951813,100,11014,32.004826,36.014347,132.1,0,58-11014,10619,N/A
2025-11-23T02:38:49.951813,100,11724,32.000275,36.01534,0,0,58-11724,11648,N/A
2025-11-23T02:38:49.951813,100,40779,31.96065,35.95736,40.9,0,58-40779,11651,N/A
2025-11-23T02:38:49.951813,100,24926,31.999966,36.015114,232.1,0,58-24926,11653,N/A
2025-11-23T02:38:49.951813,100,50752,32.000263,36.01564,74.8,1,58-50752,11651,N/A
2025-11-23T02:38:49.951813,100,05961,32.000313,36.015438,31.1,1,58-95961,11653,N/A
2025-11-23T02:38:49.951813,100,16863,32.000065,36.01559,0,1,58-16863,11653,N/A
2025-11-23T02:38:49.951813,100,97599,31.992634,35.890064,309.89,1,58-97599,10622,N/A
2025-11-23T02:38:49.951813,100,10987,32.000244,36.01543,0,1,58-10987,11653,N/A
2025-11-23T02:38:49.951813,100,52302,31.964375,35.960926,34.79,1,58-52302,11653,N/A
2025-11-23T02:38:49.951813,100,21423,32.000317,36.01466,218.2,1,58-21423,11653,N/A
2025-11-23T02:38:49.951813,100,30732,32.004444,36.00834,359.4,1,58-30732,11651,N/A
2025-11-23T02:38:49.951813,100,95161,32.000343,36.014633,177.4,1,58-95161,11653,N/A
2025-11-23T02:38:49.951813,100,90702,32.021866,35.844257,43.9,1,58-90702,10613,N/A
2025-11-23T02:38:49.951813,100,10993,32.00027,36.014793,234.1,1,58-10993,11652,N/A
2025-11-23T02:38:49.951813,100,10981,31.999386,36.014343,0,1,58-10981,11653,N/A
2025-11-23T02:38:49.951813,100,11538,32.000355,36.014435,0,1,58-11538,11653,N/A
2025-11-23T02:38:49.951813,100,11520,32.000126,36.014256,298.39,1,58-11520,11653,N/A
2025-11-23T02:38:49.951813,100,93641,31.99996,36.015163,246.4,1,58-93641,11653,N/A
2025-11-23T02:38:49.951813,100,82779,31.963634,35.960278,36.1,1,58-82779,11653,N/A
2025-11-23T02:38:49.951813,100,10996,31.960546,35.956833,0,1,58-10996,11653,N/A
2025-11-23T02:38:49.951813,100,11544,31.961313,35.958122,0,1,58-11544,11653,N/A
2025-11-23T03:13:20.928944,99,22057,32.00033,36.01411,120.8,0,58-22057,10614,N/A
2025-11-23T03:13:20.928944,99,97202,32.00023,36.015694,0,0,58-97202,11671,N/A
2025-11-23T03:13:20.928944,99,32725,31.99941,36.014168,116.7,0,58-32725,10625,N/A
2025-11-23T03:13:20.928944,99,96335,31.94514,35.927013,105.5,0,58-96335,10641,N/A
2025-11-23T03:13:20.928944,99,72129,31.944706,35.928158,106.5,0,58-72129,10641,N/A
2025-11-23T03:13:20.928944,99,45556,32.020844,35.84248,286.7,0,58-45556,10612,N/A
2025-11-23T03:13:20.928944,99,11005,32.00024,36.015,0,0,58-11005,10625,N/A
2025-11-23T03:13:20.928944,99,28732,32.021492,35.842632,46.1,0,58-28732,10612,N/A
2025-11-23T03:13:20.928944,99,66163,32.02123,35.84215,346.2,0,58-66163,10612,N/A
2025-11-23T03:13:20.928944,99,56867,32.020847,35.842632,289.3,0,58-56867,10612,N/A
2025-11-23T03:13:20.928944,99,25354,31.944778,35.92804,106.1,0,58-25354,10641,N/A
2025-11-23T03:13:20.928944,99,11649,32.022224,35.845154,72.31,0,58-11649,10612,N/A
2025-11-23T03:13:20.928944,99,11547,32.00016,36.01502,0,0,58-11547,10622,N/A
2025-11-23T03:13:20.928944,99,37113,32.02158,35.842438,0,0,58-37113,10612,N/A
2025-11-23T03:13:20.928944,99,11718,31.94541,35.928734,0,0,58-11718,10635,N/A
2025-11-23T03:13:20.928944,99,49451,31.946053,35.92815,294.1,1,58-49451,10643,N/A
2025-11-23T03:13:20.928944,99,11670,32.00448,36.008205,0,1,58-11670,10636,N/A
2025-11-23T03:13:20.928944,99,11499,32.00014,36.015255,0,1,58-11499,10635,N/A
2025-11-23T03:13:20.928944,99,11526,32.0002,36.01552,0,1,58-11526,10622,N/A
2025-11-23T03:13:20.928944,99,73439,32.023087,35.848095,252.9,1,58-73439,10613,N/A
2025-11-23T03:13:20.928944,99,52827,31.94586,35.91979,285.5,1,58-52827,10643,N/A
2025-11-23T03:13:20.928944,99,11493,31.94533,35.928787,0,1,58-11493,10643,N/A
2025-11-23T03:13:20.928944,99,11496,32.00006,36.015587,192.2,1,58-11496,10642,N/A
2025-11-23T03:13:20.928944,100,50152,31.99949,36.013763,130.8,0,58-50152,10613,N/A
2025-11-23T03:13:20.928944,100,63240,32.001354,36.014027,197,0,58-63240,11649,N/A
2025-11-23T03:13:20.928944,100,98191,32.00009,36.015476,0,0,58-98191,10622,N/A
2025-11-23T03:13:20.928944,100,10975,31.999632,36.016132,197.68,0,58-10975,11649,N/A
2025-11-23T03:13:20.928944,100,48886,32.00026,36.015392,21.5,0,58-48886,11649,N/A
2025-11-23T03:13:20.928944,100,11523,32.000935,36.013863,197.6,0,58-11523,10612,N/A
2025-11-23T03:13:20.928944,100,11014,32.004826,36.014347,132.1,0,58-11014,10619,N/A
2025-11-23T03:13:20.928944,100,11724,32.000275,36.01534,0,0,58-11724,11648,N/A
2025-11-23T03:13:20.928944,100,40779,31.96065,35.95736,40.9,0,58-40779,11651,N/A
2025-11-23T03:13:20.928944,100,24926,31.999966,36.015114,232.1,0,58-24926,11653,N/A
2025-11-23T03:13:20.928944,100,50752,32.00024,36.015656,0,1,58-50752,11653,N/A
2025-11-23T03:13:20.928944,100,05961,32.000313,36.015438,31.1,1,58-95961,11653,N/A
2025-11-23T03:13:20.928944,100,16863,32.000065,36.01559,0,1,58-16863,11653,N/A
2025-11-23T03:13:20.928944,100,97599,31.992634,35.890064,309.89,1,58-97599,10622,N/A
2025-11-23T03:13:20.928944,100,10987,32.000244,36.01543,0,1,58-10987,11653,N/A
2025-11-23T03:13:20.928944,100,52302,31.964375,35.960926,34.79,1,58-52302,11653,N/A
2025-11-23T03:13:20.928944,100,21423,32.000317,36.01466,218.2,1,58-21423,11653,N/A
2025-11-23T03:13:20.928944,100,30732,32.004444,36.00834,359.4,1,58-30732,11653,N/A
2025-11-23T03:13:20.928944,100,95161,32.000343,36.014633,177.4,1,58-95161,11653,N/A
2025-11-23T03:13:20.928944,100,90702,32.021866,35.844257,43.9,1,58-90702,10613,N/A
2025-11-23T03:13:20.928944,100,10993,32.00027,36.014793,234.1,1,58-10993,11653,N/A
2025-11-23T03:13:20.928944,100,10981,31.999386,36.014343,0,1,58-10981,11651,N/A
2025-11-23T03:13:20.928944,100,11538,32.000355,36.014435,0,1,58-11538,11652,N/A
2025-11-23T03:13:20.928944,100,11520,32.000126,36.014256,298.39,1,58-11520,11653,N/A
2025-11-23T03:13:20.928944,100,93641,31.99996,36.015163,246.4,1,58-93641,11653,N/A
2025-11-23T03:13:20.928944,100,82779,31.963634,35.960278,36.1,1,58-82779,11653,N/A
2025-11-23T03:13:20.928944,100,10996,31.960546,35.956833,0,1,58-10996,11653,N/A
2025-11-23T03:13:20.928944,100,11544,31.961313,35.958122,0,1,58-11544,11653,N/A
2025-11-23T03:38:02.501402,99,22057,32.00033,36.01411,120.8,0,58-22057,11675,N/A
2025-11-23T03:38:02.501402,99,97202,32.00023,36.015694,0,0,58-97202,11671,N/A
2025-11-23T03:38:02.501402,99,32725,31.99941,36.014168,116.7,0,58-32725,10625,N/A
2025-11-23T03:38:02.501402,99,96335,31.94514,35.927013,105.5,0,58-96335,10641,N/A
2025-11-23T03:38:02.501402,99,72129,31.944706,35.928158,106.5,0,58-72129,10641,N/A
2025-11-23T03:38:02.501402,99,45556,32.020844,35.84248,286.7,0,58-45556,10612,N/A
2025-11-23T03:38:02.501402,99,11005,32.00024,36.015,0,0,58-11005,10625,N/A
2025-11-23T03:38:02.501402,99,28732,32.021748,35.842438,58.6,0,58-28732,10612,N/A
2025-11-23T03:38:02.501402,99,66163,32.02123,35.84215,346.2,0,58-66163,10612,N/A
2025-11-23T03:38:02.501402,99,56867,32.020847,35.842632,289.3,0,58-56867,10612,N/A
2025-11-23T03:38:02.501402,99,25354,31.944778,35.92804,106.1,0,58-25354,10641,N/A
2025-11-23T03:38:02.501402,99,11649,32.022224,35.845154,72.31,0,58-11649,10612,N/A
2025-11-23T03:38:02.501402,99,11547,32.00016,36.01502,0,0,58-11547,10622,N/A
2025-11-23T03:38:02.501402,99,37113,32.02191,35.843987,70,0,58-37113,10612,N/A
2025-11-23T03:38:02.501402,99,11718,31.94541,35.928734,0,0,58-11718,10635,N/A
2025-11-23T03:38:02.501402,99,49451,31.946053,35.92815,294.1,1,58-49451,10643,N/A
2025-11-23T03:38:02.501402,99,11670,32.00448,36.008205,0,1,58-11670,10636,N/A
2025-11-23T03:38:02.501402,99,11499,32.00014,36.015255,0,1,58-11499,10635,N/A
2025-11-23T03:38:02.501402,99,11526,32.0002,36.01552,0,1,58-11526,10622,N/A
2025-11-23T03:38:02.501402,99,73439,32.023087,35.848095,252.9,1,58-73439,10613,N/A
2025-11-23T03:38:02.501402,99,52827,31.94586,35.91979,285.5,1,58-52827,10643,N/A
2025-11-23T03:38:02.501402,99,11493,31.94533,35.928787,0,1,58-11493,10643,N/A
2025-11-23T03:38:02.501402,99,11496,32.00006,36.015587,192.2,1,58-11496,10642,N/A
2025-11-23T03:38:02.501402,100,50152,31.99949,36.013763,130.8,0,58-50152,10613,N/A
2025-11-23T03:38:02.501402,100,63240,32.001354,36.014027,197,0,58-63240,11649,N/A
2025-11-23T03:38:02.501402,100,98191,32.00009,36.015476,0,0,58-98191,10622,N/A
2025-11-23T03:38:02.501402,100,10975,31.999632,36.016132,197.68,0,58-10975,11649,N/A
2025-11-23T03:38:02.501402,100,48886,32.00026,36.015392,21.5,0,58-48886,11649,N/A
2025-11-23T03:38:02.501402,100,11523,32.000935,36.013863,197.6,0,58-11523,10612,N/A
2025-11-23T03:38:02.501402,100,11014,32.004826,36.014347,132.1,0,58-11014,10619,N/A
2025-11-23T03:38:02.501402,100,11724,32.000275,36.01534,0,0,58-11724,11648,N/A
2025-11-23T03:38:02.501402,100,40779,31.96065,35.95736,40.9,0,58-40779,11651,N/A
2025-11-23T03:38:02.501402,100,24926,31.999966,36.015114,232.1,0,58-24926,11653,N/A
2025-11-23T03:38:02.501402,100,50752,32.00024,36.015656,0,1,58-50752,11651,N/A
2025-11-23T03:38:02.501402,100,05961,32.000313,36.015438,31.1,1,58-95961,11653,N/A
2025-11-23T03:38:02.501402,100,16863,32.000065,36.01559,0,1,58-16863,11653,N/A
2025-11-23T03:38:02.501402,100,97599,31.992634,35.890064,309.89,1,58-97599,10622,N/A
2025-11-23T03:38:02.501402,100,10987,32.000244,36.01543,0,1,58-10987,11653,N/A
2025-11-23T03:38:02.501402,100,52302,31.964375,35.960926,34.79,1,58-52302,11653,N/A
2025-11-23T03:38:02.501402,100,21423,32.000317,36.01466,218.2,1,58-21423,11653,N/A
2025-11-23T03:38:02.501402,100,30732,32.004444,36.00834,359.4,1,58-30732,11651,N/A
2025-11-23T03:38:02.501402,100,95161,32.000343,36.014633,177.4,1,58-95161,11653,N/A
2025-11-23T03:38:02.501402,100,90702,32.021866,35.844257,43.9,1,58-90702,10613,N/A
2025-11-23T03:38:02.501402,100,10993,32.00027,36.014793,234.1,1,58-10993,11652,N/A
2025-11-23T03:38:02.501402,100,10981,31.999386,36.014343,0,1,58-10981,11653,N/A
2025-11-23T03:38:02.501402,100,11538,32.000355,36.014435,0,1,58-11538,11653,N/A
2025-11-23T03:38:02.501402,100,11520,32.000126,36.014256,298.39,1,58-11520,11653,N/A
2025-11-23T03:38:02.501402,100,93641,31.99996,36.015163,246.4,1,58-93641,11653,N/A
2025-11-23T03:38:02.501402,100,82779,31.963634,35.960278,36.1,1,58-82779,11653,N/A
2025-11-23T03:38:02.501402,100,10996,31.960546,35.956833,0,1,58-10996,11653,N/A
2025-11-23T03:38:02.501402,100,11544,31.961313,35.958122,0,1,58-11544,11653,N/A
2025-11-23T05:31:12.846064,99,97202,32.00025,36.015663,0,0,58-97202,10625,N/A
2025-11-23T05:31:12.846064,99,46750,32.004692,35.873604,332.2,1,58-46750,10619,N/A
2025-11-23T05:31:12.846064,99,45556,31.945469,35.92874,204.9,1,58-45556,10643,N/A
2025-11-23T05:31:12.846064,100,11712,31.961033,35.9585,0,1,58-11712,11653,N/A
2025-11-23T05:31:12.846064,100,50752,31.987286,35.904377,266.5,1,58-50752,11647,N/A
2025-11-23T05:44:21.793643,98,82779,31.991245,35.937767,108.9,0,58-82779,11648,N/A
2025-11-23T05:44:21.793643,98,80072,31.98967,35.942207,108.7,0,58-80072,11648,N/A
2025-11-23T05:44:21.793643,99,97202,32.00025,36.015663,0,0,58-97202,10625,N/A
2025-11-23T05:44:21.793643,99,11490,31.945312,35.928715,0,1,58-11490,10635,N/A
2025-11-23T05:44:21.793643,99,46750,32.022324,35.84527,252.6,1,58-46750,10613,N/A
2025-11-23T05:44:21.793643,99,45556,31.945475,35.928745,204.9,1,58-45556,10643,N/A
2025-11-23T05:44:21.793643,100,11505,31.9613,35.958435,0,1,58-11505,11653,N/A
2025-11-23T05:44:21.793643,100,11508,32.024864,35.854813,266.29,1,58-11508,10614,N/A
2025-11-23T05:44:21.793643,100,48886,32.02074,35.862656,315,1,58-48886,10615,N/A
2025-11-23T05:44:21.793643,100,21423,32.000313,36.014668,0,1,58-21423,11653,N/A
2025-11-23T05:44:21.793643,100,11712,31.961033,35.9585,0,1,58-11712,11653,N/A
2025-11-23T05:44:21.793643,100,50752,31.986584,35.899033,238.3,1,58-50752,11647,N/A
